CC(CCN(Cc1ccc2ccc(C(=N)N)cc2c1)C(=O)c1cccc2ccccc12)N(Cc1ccc2ccc(C=N)cc2c1)C(=O)c1cccc2ccccc12,7.9,0.08542455305686925,0.7013475763080849,0.7313432835820896,
N=C(N)C(N)CCNC(=O)c1cccc2ccccc12,7.2,0.4846794508370712,0.8203574275527686,0.35384615384615387,
C=CCCCN(C)C(=O)c1cccc2ccccc12,6.0,0.5847067940148513,0.8902290347650822,0.3484848484848485,
Cc1ccc2ccc(CNC(=O)c3cccc4ccccc34)cc2c1,8.4,0.5487499890489327,0.9158219150999144,0.4,
CCCCc1ccc2ccc(NC(=O)N(C)CC)cc2c1,6.4,0.850121953105969,0.8908534178079859,0.2465753424657534,
C1=CC=C2C=CC=C(C=C1)N2,4.5,0.5468298271328031,0.5650754805555579,0.046153846153846156,
CNC(C)CCN(C)C(=O)c1cccc2ccccc12,6.3,0.9057418665681491,0.8392560539263951,0.40625,
CCCCC(C)CCN(Cc1ccc2ccc(C(=N)N)cc2c1)C(=O)c1cccc2ccccc12,7.0,0.19302236942265355,0.792809651810146,0.8032786885245902,
CC(C)CCN(Cc1ccc2ccc(C(C)CCN(Cc3ccc4ccc(C(=N)N)cc4c3)C(=O)c3cccc4ccccc34)cc2c1)C(=O)c1cccc2ccccc12,6.6,0.08490438316932505,0.7043289285265715,0.8813559322033898,
CC(C)CCN(Cc1ccc2ccc(C(C)CCNCc3ccc4ccc(C(=N)N)cc4c3)cc2c1)C(=O)c1cccc2ccccc12,6.9,0.06725293751220274,0.7444461699140036,0.7761194029850746,
CCN(O)Cc1ccc2ccc(C(=N)N)cc2c1,6.6,0.438148575898202,0.8417414654880778,0.4576271186440678,
CCCCN(Cc1ccc2ccc(C)cc2c1)C(=O)c1cccc2ccccc12,6.7,0.36187675231310795,0.8868997462046013,0.5714285714285714,
CCCc1ccc2ccc(Nc3cccc4ccccc34)cc2c1,7.1,0.44251043177240956,0.9084884701958846,0.2898550724637681,
CC(CCC(C)C(=O)O)CCN1Cc2ccc3ccc(cc3c2)C1,6.8,0.8031157972355895,0.6149418748253559,0.2361111111111111,
CC(CCNC(=O)c1cccc2ccccc12)Oc1ccc(Cl)cc1,7.6,0.6706399553767081,0.8551999487842051,0.2972972972972973,
CCCCN(Cc1ccc2ccc(C(=N)N)cc2c1)C(=O)c1cccc2ccccc12,6.8,0.30267311283494136,0.8653748405773578,0.7758620689655172,
CC(CCN(Cc1ccc2ccccc2c1)C(=O)c1cccc2ccccc12)c1ccccc1,7.1,0.25092559450390645,0.8269334348423002,0.65,
CC(C)CCN1Cc2ccc3ccc(cc3c2)NC(=O)CC1=O,5.9,0.881326221490041,0.6436776340639757,0.20253164556962025,
N=C(N)c1ccc2ccc(CNC(=O)c3cccc4ccccc34)cc2c1,8.9,0.3795275773148342,0.8914531968766433,0.5666666666666667,
CCN(C=O)C1CCN(Cc2ccc3ccc(C(=N)N)cc3c2)O1,7.6,0.48350287401703984,0.7072757775993099,0.3333333333333333,
N=C(N)c1ccc2ccc(-c3ccccc3-c3cccc4ccccc34)cc2c1,9.5,0.27156779808665,0.8866603581416838,0.4262295081967213,
CCCCC(O)CCN(Cc1ccc2ccc(C(=N)N)cc2c1)C(=O)c1cccc2ccccc12,7.2,0.20147961550283652,0.7897398056562999,0.7868852459016393,
c1cc2ccc3cc2cc1CC1CCN3CC1,5.7,0.6591522058800725,0.6702891021230085,0.1111111111111111,
CC(C)CCC(=N)N,4.1,0.4221217371058999,0.8271478778282568,0.21052631578947367,
Cc1ccc2ccc(CCC(C)O)cc2c1,6.2,0.8291950634973907,0.8573330760557266,0.265625,
C#CC(=O)Oc1cccc2ccccc12,6.3,0.3027491842644325,0.8657491525717771,0.21212121212121213,
CC(=N)N,3.9,0.29736356683097664,0.8003277811616774,0.1111111111111111,
CC(CCN1Cc2ccc3ccc(cc3c2)C(=N)C12CC2)C(=N)N,7.1,0.5952472061875428,0.49170658934441724,0.25316455696202533,
CN(Cc1ccc2ccccc2c1)C(=O)c1cccc2ccccc12,6.9,0.5026178528766884,0.9139905136246771,0.5172413793103449,
CCCC(C)C,3.4,0.4838902980848686,0.9007420758314522,0.125,
O=CCc1cccc2ccccc12,5.6,0.6329376893243002,0.9102381834223211,0.22950819672131148,
CC(=N)N,3.9,0.29736356683097664,0.8003277811616774,0.1111111111111111,
N=C(N)c1ccc2ccc(CNC(=O)c3cccc4ccccc34)cc2c1,8.8,0.3795275773148342,0.8914531968766433,0.5666666666666667,
CCCCN(Cc1ccc2ccc(C)cc2c1)C(=O)c1cccc2ccccc12,6.8,0.36187675231310795,0.8868997462046013,0.5714285714285714,
CCN(Cc1ccc2ccc(C(=N)N)cc2c1)C(=O)c1cccc2ccccc12,7.1,0.37966022227187407,0.8722852177611572,0.7678571428571429,
CCN(C=O)Cc1ccc2ccc(CCC(C)CC3CCCC3c3cccc4ccccc34)cc2c1,6.8,0.20962251466474802,0.7023014702460516,0.3333333333333333,
CCOc1cccc2ccccc12,5.8,0.6753183566001417,0.9628770498190823,0.20967741935483872,
CCCC(C)C,2.9,0.4838902980848686,0.9007420758314522,0.125,
Cc1ccc2ccc(C)cc2c1,5.5,0.5476492453414699,0.9478525464700189,0.15789473684210525,
N=C(N)c1ccc2ccc(CNC(=O)c3cccc4ccccc34)cc2c1,8.8,0.3795275773148342,0.8914531968766433,0.5666666666666667,
CCCC(C)C,3.6,0.4838902980848686,0.9007420758314522,0.125,
CC(=N)N,3.9,0.29736356683097664,0.8003277811616774,0.1111111111111111,
N=C(N)c1ccc2ccc(CNC(=O)c3cccc4ccccc34)cc2c1,8.8,0.3795275773148342,0.8914531968766433,0.5666666666666667,
CON(CCC(C)C)C(=O)c1cccc2ccccc12,5.6,0.7720754584157817,0.8634202840285459,0.48333333333333334,
CC(=N)N,3.9,0.29736356683097664,0.8003277811616774,0.1111111111111111,
CC(C)CCN(C)Oc1cccc2ccccc12,5.7,0.7326403912631091,0.8495835047037641,0.3333333333333333,
CC(CCN(C)C=O)[NH+](CO)C(=N)N,4.9,0.16740504400749207,0.5153305111200708,0.18309859154929578,
CCN(C)c1ccc(-c2ccc3ccc(C(=N)N)cc3c2)cc1,7.8,0.5590742835459853,0.8769804722994228,0.35384615384615387,
CC(C)CCN(Cc1ccc2ccc(C(=N)c3ccccc3)cc2c1)C(=O)c1cccc2ccccc12,7.3,0.22220517424309713,0.839114230372554,0.8103448275862069,
N=C(N)C(=O)c1cccc2ccccc12,6.9,0.4397453773594807,0.8826915582281362,0.3508771929824561,
CC(C)CCNC(=O)c1cccc2ccccc12,6.6,0.869993325011225,0.9325928561366451,0.39344262295081966,
Cc1ccc2ccc(C(=N)N)cc2c1,6.5,0.5187029200366238,0.9077552800907487,0.3508771929824561,
N=C1c2ccc(cc2)Cc2ccc3ccc1cc3c2,6.7,0.4792792409324695,0.6337742175058219,0.14925373134328357,
CCCC(C)C,3.4,0.4838902980848686,0.9007420758314522,0.125,
N=Cc1ccc2ccc(CN(C(=N)C3CCC3)C(=O)c3cccc4ccccc34)cc2c1,8.8,0.2847448190061706,0.8047821772663004,0.4189189189189189,
CCCC(C)C,3.2,0.4838902980848686,0.9007420758314522,0.125,
CCCCN(Cc1ccc2ccc(C(=N)c3ccccc3O)cc2c1)C(=O)c1cccc2ccccc12,7.6,0.22234124344199568,0.8338558551029637,0.6060606060606061,
Cc1ccc2ccc(CN3CCC(C)c4ccccc43)cc2c1,8.0,0.5898840718414444,0.8308026384703443,0.19230769230769232,
N=C(N)c1ccc2ccc(CN(CCCN(Cc3ccc4ccc(C(=N)N)cc4c3)C(=O)c3cccc4ccccc34)C(=O)c3cccc4ccccc34)cc2c1,8.2,0.07309598551668092,0.7789229567099556,0.8,
CCCC(C)C,3.6,0.4838902980848686,0.9007420758314522,0.125,
Cc1ccc2ccc(C(C)CCN(Cc3ccc4ccc(C(=N)N)cc4c3)C(=O)c3cccc4ccccc34)cc2c1,9.9,0.14743583209361777,0.7705759530031033,0.765625,
CCCCN(Cc1ccc2ccc(C(=N)CC)cc2c1)C(=O)c1cccc2ccccc12,6.5,0.29947281769530754,0.8447935485037588,0.6349206349206349,
CC(CCN(Cc1ccc2ccc(C(=N)N)cc2c1)C(=O)c1cccc2ccccc12)N(Cc1ccc2ccc(C(=N)N)cc2c1)C(=O)c1cccc2ccccc12,8.2,0.07273209742959197,0.70894746185585,0.8305084745762712,
Cc1ccc2ccc(C(=N)N)cc2c1,7.1,0.5187029200366238,0.9077552800907487,0.3508771929824561,
CC(C)CCN(Cc1ccc2ccc(C(C)CCN(Cc3ccc4ccc(C(=N)N)cc4c3)C(=O)c3cccc4ccccc34)cc2c1)C(=O)c1cccc2ccccc12,6.0,0.08490438316932505,0.7043289285265715,0.8813559322033898,
Cc1ccc2ccc(C(=N)N)cc2c1,6.3,0.5187029200366238,0.9077552800907487,0.3508771929824561,
CN(Cc1ccc2ccc(C(=N)N)cc2c1)C(=O)c1cccc2ccccc12,8.7,0.41029199704819785,0.8774638411913281,0.7017543859649122,
CC(C)[C@H](C)C(=O)Oc1cccc2ccccc12,6.1,0.5995282156700881,0.8527177738474653,0.26153846153846155,
N=C(N)c1ccc2ccc(CN3CCCCCC(=O)O3)cc2c1,8.1,0.6744549584602664,0.8162881215732258,0.352112676056338,
Cc1ccc2ccc(C(=N)N)cc2c1,6.8,0.5187029200366238,0.9077552800907487,0.3508771929824561,
CC(=N)N,3.9,0.29736356683097664,0.8003277811616774,0.1111111111111111,
CCN(Cc1ccc2ccc(C)cc2c1)C1CC1,6.2,0.7750210504586357,0.894290593693206,0.25,
N=CN(Cc1ccc2ccc(C(=N)N)cc2c1)C(=O)c1cccc2ccccc12,7.7,0.35046080074169145,0.8227880907917411,0.6610169491525424,
CN1CN(Cc2cccc3ccccc23)CCC1C(=N)N,7.6,0.6703283068309409,0.7843049830122235,0.2236842105263158,
CC(C)CCCCCN(Cc1ccc2ccc(C(=N)Cc3ccccc3)cc2c1)C(=O)c1cccc2ccccc12,5.8,0.1242680917663294,0.824410704482986,0.6818181818181818,
CC(C)N(Cc1ccc2ccc(C(=N)N)cc2c1)C(=O)c1cccc2ccccc12,6.9,0.35420741939886385,0.8639279832905279,0.7241379310344828,
CC(=N)N,3.9,0.29736356683097664,0.8003277811616774,0.1111111111111111,
Cc1ccc2ccc(C(C)CCN(CC=N)Cc3ccc4ccc(OCN(CCC(C)C)C(=O)c5cccc6ccccc56)cc4c3)cc2c1,7.6,0.08786511321561803,0.7043886482769955,0.5,
CCCCN(C=O)CCC(C)NC(=N)N,5.4,0.31257645794278965,0.717913884902542,0.19444444444444445,
COc1ccc2ccc(C(=N)N)cc2c1,5.9,0.5759625277743461,0.9112560270926051,0.3333333333333333,
CC(=N)N,3.9,0.29736356683097664,0.8003277811616774,0.1111111111111111,
N=C(N)c1ccc2ccc(CN(C(=O)c3cccc4ccccc34)c3ccc(-c4cccc5ccccc45)cc3)cc2c1,8.2,0.15882189022754248,0.8353125450180338,0.6,
CC(C)CCC(=N)N,4.3,0.4221217371058999,0.8271478778282568,0.21052631578947367,
CC(C)CCN(Cc1ccc2ccc(C(C)CCN(Cc3ccc4ccc(C(=N)N)cc4c3)C(=O)c3cccc4ccccc34)cc2c1)C(=O)c1cccc2ccccc12,8.4,0.08490438316932505,0.7043289285265715,0.8813559322033898,
CC(=N)N,3.9,0.29736356683097664,0.8003277811616774,0.1111111111111111,
N=C(N)c1ccsc1-c1cccc2ccccc12,6.9,0.5279182603433125,0.8658523293934033,0.27692307692307694,
CCCCN(Cc1ccc2ccc(C)cc2c1)C(=O)c1cccc2ccccc12,6.9,0.36187675231310795,0.8868997462046013,0.5714285714285714,
CCN(Cc1ccc2ccc(C(=N)N)cc2c1)C(=O)c1cccc2ccccc12,8.1,0.37966022227187407,0.8722852177611572,0.7678571428571429,
CCCCc1ccc2ccc(CN(CCC(C)C)C(=O)c3cccc4ccccc34)cc2c1,6.8,0.25946948855969165,0.8660348815954406,0.7288135593220338,
CC(C)CCCSC(=N)c1ccc2ccc(CNC(=O)c3cccc4ccccc34)cc2c1,7.0,0.16531098881616785,0.831574638680461,0.49295774647887325,
CC(CCN(Cc1ccc2ccc(C(=N)N)cc2c1)C(=O)c1cccc2ccccc12)N(Cc1ccc2ccc(C(=N)N)cc2c1)C(=O)c1cccc2ccccc12,6.8,0.07273209742959197,0.70894746185585,0.8305084745762712,
CNCCC(C)c1ccc2c(c1)-c1ccc3ccc-2cc3c1,7.1,0.5437153383160228,0.7263037262027109,0.19444444444444445,
CCCC(C)C,2.9,0.4838902980848686,0.9007420758314522,0.125,
CCN(Cc1ccc2ccc(C(=N)N)cc2c1)C(=O)c1cccc2ccccc12,7.0,0.37966022227187407,0.8722852177611572,0.7678571428571429,
CCCCN(Cc1ccc2ccc(C(=N)c3cccc(OO)c3)cc2c1)C(=O)c1cccc2ccccc12,6.9,0.12317308097409983,0.8121850635083017,0.5714285714285714,
CC(CCN(Cc1ccc2ccc(NC(=O)c3cccc4ccccc34)cc2c1)C(=O)c1cccc2ccccc12)C1CCC1,7.0,0.18218615530501658,0.7745075675927305,0.5555555555555556,
CC(=N)N,3.9,0.29736356683097664,0.8003277811616774,0.1111111111111111,
CCCCN1Cc2ccc3ccc(cc3c2)C(=N)N1,5.8,0.8807365224751736,0.6202658148030995,0.15384615384615385,
CC(C)CCC(=N)N,4.4,0.4221217371058999,0.8271478778282568,0.21052631578947367,
N=C(N)c1ccc2ccc(C3CC3)cc2c1,7.5,0.5806744903007856,0.8870248702604417,0.3064516129032258,
CC(C)CCN(Cc1ccc2ccc(N(Cc3ccc4ccc(C(=N)N)cc4c3)C(=O)c3cccc4ccccc34)cc2c1)C(=O)c1cccc2ccccc12,7.9,0.10244377337318099,0.7718675077318112,0.8666666666666667,
CC(C)(C)OC(=N)NCc1ccc2ccc(C(=N)N)cc2c1,7.6,0.5180067119006838,0.8238228748424972,0.3787878787878788,
Cc1ccc(N(Cc2ccc3ccc(C(=N)N)cc3c2)C(=O)c2cccc3ccccc23)cc1,8.0,0.24259692749418577,0.86047734940285,0.6349206349206349,
CC(C)CCC(=N)N,5.0,0.4221217371058999,0.8271478778282568,0.21052631578947367,
CC(C)CCN(Cc1ccc2ccc(C(=N)N)cc2c1)C(=O)c1cccc2ccccc12,7.2,0.2841010843907377,0.8569741578609568,1.0,
CC(C)CCC(=N)N,5.2,0.4221217371058999,0.8271478778282568,0.21052631578947367,
CC(C)CCC(=N)N,4.6,0.4221217371058999,0.8271478778282568,0.21052631578947367,
O=C(c1ccccc1)c1cccc2ccccc12,7.1,0.6085507183252764,0.9543754509742897,0.3103448275862069,
N=C(N)c1ccc2ccc(CNC(=O)c3cccc4ccccc34)cc2c1,8.9,0.3795275773148342,0.8914531968766433,0.5666666666666667,
N=C(N)c1ccc2ccc(CN(C(=N)N)c3ccccc3)cc2c1,8.8,0.4390460307519451,0.8548371796471623,0.45901639344262296,
CC(CCNCc1ccc2ccc(C(=N)N)cc2c1)C(=N)N,7.1,0.3065614436699002,0.7836318120375299,0.421875,
CC(O)CCNC(=O)c1cccc2ccccc12,6.5,0.8655707549112848,0.8713315295035738,0.34375,
Cc1ccc2ccc(C(=N)N)cc2c1,6.6,0.5187029200366238,0.9077552800907487,0.3508771929824561,
CC(CCN(C=O)COc1cccc2ccccc12)C(=N)N,6.7,0.34017506206006676,0.7486201128958465,0.3333333333333333,
CCCC(C)C,3.1,0.4838902980848686,0.9007420758314522,0.125,
O=CN1CCC(c2cccc3ccccc23)CC1,6.8,0.7370328439144447,0.8730300228175408,0.17142857142857143,
N=Cc1ccc2ccc(CN(C(=N)N)C(=O)c3cccc4ccccc34)cc2c1,8.7,0.35837106625496945,0.8193128359261248,0.5,
CC(CCC(=N)c1ccc2ccc(CN(C)C=O)cc2c1)NC(=N)Cc1cccc2ccccc12,7.7,0.15451719716023068,0.7241478056562999,0.4050632911392405,
Cc1ccc2ccc(C(=N)ON(C)C(C)CCN(Cc3ccc4ccc(C(=N)N)cc4c3)C(=O)c3cccc4ccccc34)cc2c1,6.9,0.08174240449448844,0.71586537242337,0.7205882352941176,
CCCCN(C=O)C(=N)CN(C(=N)N)c1cccc2ccccc12,7.4,0.4146240167948092,0.7816591692466761,0.2631578947368421,
N=C(N)c1ccc2ccc(CN(Cc3ccco3)C(=O)c3cccc4ccccc34)cc2c1,8.5,0.2656078347918614,0.8525910590583285,0.6666666666666666,
Cc1ccc2ccc(CN(CCC(C)O)C(=O)c3cccc4ccccc34)cc2c1,7.0,0.4523154264731153,0.8216299938492209,0.6557377049180327,
CC(CCN(Cc1ccc2ccc(C(=N)OCO)cc2c1)C(=O)c1cccc2ccccc12)NC(=O)c1cccc2ccccc12,6.6,0.08623466312802504,0.7494007156788782,0.6285714285714286,
CC(C)CNC(=N)c1ccc2ccc(CN3CCC(C)c4ccc3cc4)cc2c1,7.7,0.4222736993951495,0.6724178335501425,0.2682926829268293,
CN(Cc1ccc2ccccc2c1)C(=O)c1cccc2ccccc12,6.9,0.5026178528766884,0.9139905136246771,0.5172413793103449,
CC(C)CCC(=N)N,4.2,0.4221217371058999,0.8271478778282568,0.21052631578947367,
CC(CCCO)N(Cc1ccc2ccc(-c3cccc(N)c3)cc2c1)C(=O)c1cccc2ccccc12,6.6,0.23012641649478585,0.791090636503329,0.4794520547945205,
CCN(Cc1ccc2ccc(C3CC3)cc2c1)C(=O)c1cccc2ccccc12,6.5,0.3857811043786018,0.8781147645196197,0.5151515151515151,
CC(C)CCNC(=O)c1cccc2ccccc12,6.5,0.869993325011225,0.9325928561366451,0.39344262295081966,
CC(C)CCC(C)CCN(CC(F)F)C(=O)c1cccc2ccccc12,5.9,0.5354865793101052,0.797800014658297,0.49206349206349204,
CC(C)CCN(Cc1ccc2ccc(C(C)CCN(Cc3ccc4ccc(C(=N)N)cc4c3)C(=O)c3cccc4ccccc34)cc2c1)C(=O)c1cccc2ccccc12,6.4,0.08490438316932505,0.7043289285265715,0.8813559322033898,
CC(CCN(Cc1ccc2ccccc2c1)C(=O)c1cccc2ccccc12)C1CCCCC1,6.6,0.27808099723129326,0.8075757425346077,0.6,
CC(CCCC(=N)c1ccc2ccc(CNC(=O)c3cccc4ccccc34)cc2c1)C(=N)N,7.0,0.18461701598328034,0.7727316124790965,0.5070422535211268,
CCCCN(Cc1ccc2ccc(N(Cc3ccc4ccc(C(=N)N)cc4c3)C(=O)c3cccc4ccccc34)cc2c1)C(=O)c1cccc2ccccc12,7.6,0.10302052039117097,0.7785716037081468,0.6818181818181818,
Cc1ccc2ccc(CN(CCC(C)C(N)=O)C(=O)c3cccc4ccccc34)cc2c1,8.2,0.42839052868739774,0.8081522988492539,0.7049180327868853,
c1ccc2cc(-c3cccn3-c3cccc4ccccc34)ccc2c1,8.3,0.3521500119340266,0.8906281532453302,0.23529411764705882,
CC(CCN(Cc1ccc2ccc(C(=N)N)cc2c1)C(=O)c1cccc2ccccc12)N(Cc1ccc2ccc(C(=N)N)cc2c1)C(=O)c1cccc2ccccc12,8.1,0.07273209742959197,0.70894746185585,0.8305084745762712,
CC(C)CCC(=N)N,4.6,0.4221217371058999,0.8271478778282568,0.21052631578947367,
N=C(N)c1ccc2ccc(CN(CN3C=CC=CCC3=O)C(=O)c3cccc4ccccc34)cc2c1,8.8,0.298035305852945,0.7843911561477329,0.6231884057971014,
CC(C)CCC(=N)N,4.5,0.4221217371058999,0.8271478778282568,0.21052631578947367,
CN(C=O)CCN(c1ccc2ccc(-c3ccc(C(=N)N)cc3)cc2c1)c1cccc2ccccc12,8.3,0.16110674126387148,0.8117226650234728,0.3815789473684211,
CC(=N)N,3.7,0.29736356683097664,0.8003277811616774,0.1111111111111111,
CC(C)CCN(C)N(C)c1cccc2ccccc12,5.9,0.7408328653665864,0.8444142360766986,0.3387096774193548,
CC(C)CCNC(=O)c1cccc2ccccc12,6.8,0.869993325011225,0.9325928561366451,0.39344262295081966,
C=CCC(=O)c1cccc2ccccc12,6.1,0.541165393838091,0.8972321579385034,0.29508196721311475,
CC(C)CCc1ccc2ccc(CN(CC3CC3)C(=O)c3cccc4ccccc34)cc2c1,6.9,0.27845683053956394,0.8603208734982746,0.609375,
CC(C)CCN(Cc1ccc2ccc(C(C)CCN(Cc3ccc4ccc(C(=N)N)cc4c3)C(=O)c3cccc4ccccc34)cc2c1)C(=O)c1cccc2ccccc12,7.5,0.08490438316932505,0.7043289285265715,0.8813559322033898,
CC(C)CCN(Cc1ccc2ccc(C(=N)O)cc2c1)C(=O)c1cccc2ccccc12,6.4,0.26041113152942225,0.8474306244712696,0.8392857142857143,
CC(CCN(C)C(=O)c1cccc2ccccc12)C(=N)N,7.1,0.6540373695905809,0.8109920121899423,0.4918032786885246,
CCCCc1ccc2ccc(CN(CCC(C)C)C(=O)c3cccc4ccccc34)cc2c1,7.1,0.25946948855969165,0.8660348815954406,0.7288135593220338,
CC(C)CCC(=N)N,4.5,0.4221217371058999,0.8271478778282568,0.21052631578947367,
CC1CCN(Cc2ccc3ccc(C(=N)N)cc3c2)C(=O)N2CC(CC2=O)c2ccc3ccc(cc3c2)CN1C(=O)c1cccc2ccccc12,9.9,0.14697283666748912,0.5081952027714675,0.3829787234042553,
CC(C)CCC(=N)N,4.4,0.4221217371058999,0.8271478778282568,0.21052631578947367,
CN(Cc1ccc2ccc(C(=N)N)cc2c1)C1CC1,6.9,0.6499584687502221,0.8726130749736506,0.43548387096774194,
CC(C)CCC(=N)N,4.4,0.4221217371058999,0.8271478778282568,0.21052631578947367,
Cc1ccc2ccc(C(=N)N)cc2c1,6.6,0.5187029200366238,0.9077552800907487,0.3508771929824561,
N=C(N)c1ccc2ccc(CNC(=O)c3cccc4ccccc34)cc2c1,8.9,0.3795275773148342,0.8914531968766433,0.5666666666666667,
CC(CCN(C)C=O)N(C)C(=O)c1cccc2ccccc12,6.6,0.7694525369141635,0.7896295421762436,0.3939393939393939,
CC(C)CCN(C=O)CCc1ccc2ccccc2c1,6.5,0.6983466171276841,0.8594187127927643,0.375,
CCCC(C)C,2.9,0.4838902980848686,0.9007420758314522,0.125,
CCc1ccc2ccc(Oc3cccc4ccccc34)cc2c1,7.3,0.4280973130050806,0.9147771795740485,0.29850746268656714,
CC(=N)N,3.9,0.29736356683097664,0.8003277811616774,0.1111111111111111,
CC(C)CCNC(=O)c1cccc2ccccc12,6.7,0.869993325011225,0.9325928561366451,0.39344262295081966,
CC(C)CCN(Cc1ccc2ccc(C(C)CCN(C)C(=O)CCCCCCC=O)cc2c1)C(=O)c1cccc2ccccc12,5.5,0.08894392738657005,0.7449196593058837,0.5584415584415584,
CCCCN(Cc1ccc2ccc(C)cc2c1)C(=O)c1cccc2ccccc12,6.7,0.36187675231310795,0.8868997462046013,0.5714285714285714,
CC(=N)N,3.9,0.29736356683097664,0.8003277811616774,0.1111111111111111,
CN(C(=O)c1cccc2ccccc12)c1ccc2ccccc2c1,8.0,0.4936556653813838,0.9085561841720491,0.4,
CC(C)CCC(=N)N,4.0,0.4221217371058999,0.8271478778282568,0.21052631578947367,
CCC(C)c1ccc(Cc2ccc3ccc(C(=N)N)cc3c2)cc1-c1cccc2ccccc12,8.3,0.2027603260226383,0.796774304544027,0.463768115942029,
CN(Cc1ccc2ccc(C=N)cc2c1)C(=O)c1cccc2ccccc12,7.8,0.5001020219549845,0.8595798240955781,0.49230769230769234,
CC(C(=O)CCCN(C)C(=O)c1cccc2ccccc12)N(Cc1ccc2ccc(C(=N)N)cc2c1)C(=O)c1cccc2ccccc12,8.7,0.11314843885865959,0.7413664288468619,0.6231884057971014,
CC(C)CCN(Cc1ccc2ccc(C(=N)c3ccccc3)cc2c1)C(=O)c1cccc2ccccc12,6.7,0.22220517424309713,0.839114230372554,0.8103448275862069,
CCCC(C)C,3.3,0.4838902980848686,0.9007420758314522,0.125,
CN(C(=O)c1cccc2ccccc12)c1ccc2ccccc2c1,8.0,0.4936556653813838,0.9085561841720491,0.4,
CCCCN(Cc1ccc2ccc(C)cc2c1)C(=O)c1cccc2ccccc12,6.7,0.36187675231310795,0.8868997462046013,0.5714285714285714,
CC(CCN(Cc1ccc2ccc(C(=N)N)cc2c1)C(=O)c1cccc2ccccc12)c1ccccc1,10.1,0.1815264532787875,0.7970785588613446,0.8305084745762712,
Cc1ccc2ccc(N3CCC4(C3)CN4C=O)cc2c1,7.0,0.6158266212015852,0.7024596904403865,0.1375,
CCC(C)N(CC(Nc1cccc2ccccc12)N(C=O)Cc1ccc2ccc(C(=N)N)cc2c1)C(=O)c1cccc2ccccc12,8.0,0.05623343544055448,0.6909629828641807,0.5657894736842105,
CC(C)CCN(C)C(=O)c1cccc2ccccc12,6.3,0.8095043705594415,0.9103709849881643,0.5087719298245614,
N=C(N)c1ccc2ccc(CN(CCC3c4cccc(c4)Oc4ccc5ccc(cc5c4)CN3C=O)C(=O)c3cccc4ccccc34)cc2c1,11.2,0.09594230700321768,0.5055985472174097,0.5301204819277109,
CC(CCNCc1ccc2ccc(C(=N)N)cc2c1)c1ccc2ccc(CN(CCC(C)c3cnc4ccccc4c3)C(=O)c3cccc4ccccc34)cc2c1,6.3,0.05862739340036595,0.6778131410254993,0.6282051282051282,
N=C(N)N(C=O)Cc1ccc2ccc(-c3cn[nH]c3)cc2c1,8.3,0.38992798634392867,0.7933166965763188,0.3108108108108108,
N=C(N)c1ccc2ccc(CN(C(=O)c3cccc4ccccc34)C(F)(F)F)cc2c1,7.1,0.26173080518323294,0.8352226654116994,0.639344262295082,
CC(C)CCC(=N)N,5.2,0.4221217371058999,0.8271478778282568,0.21052631578947367,
Cc1ccc2ccc(CNCCC(C)C3CNC3)cc2c1,6.3,0.7926517589607884,0.7998713932686337,0.2077922077922078,
CCOCN(Cc1ccc2ccc(C(C)CCN(Cc3ccc4ccc(C(=N)N)cc4c3)C(=O)c3cccc4ccccc34)cc2c1)C(=O)c1cccc2ccccc12,7.7,0.06523497583268278,0.6999481657202693,0.7205882352941176,
CC(C)N(Cc1ccc2ccc(C(=N)c3ccccc3F)cc2c1)C(=O)c1cccc2ccccc12,7.9,0.25307831826175303,0.83586466105955,0.5522388059701493,
CC(C)CCN(Cc1ccc2ccc(N)cc2c1)C(=O)c1cccc2ccccc12,7.2,0.39079710545447593,0.8693049126812465,0.7719298245614035,
CC(O)CCC1CCN(C(=O)c2cccc3ccccc23)Cc2ccc3ccc(cc3c2)C(=N)c2ccccc21,8.8,0.2520001409692323,0.5656266388812288,0.3146067415730337,
Cc1ccc2ccc(C(=N)[C@@H]3CCCN3C=O)cc2c1,7.5,0.6728929307222836,0.757824624391018,0.2077922077922078,
CC(C)CCN(C=O)Cc1ccc2ccc(CCC(C)C[NH+]3CCCC3)cc2c1,5.7,0.5695904755138849,0.6596427902540015,0.3157894736842105,
Cc1ccc2ccc(C(=N)N)cc2c1,6.6,0.5187029200366238,0.9077552800907487,0.3508771929824561,
N=C1c2ccc3ccc(cc3c2)CNCC1c1cccc2ccccc12,7.9,0.48929214894732104,0.6180459745904944,0.22077922077922077,
CC1CCN(C=O)Cc2ccc3ccc(cc3c2)OCC1=O,6.8,0.7604181812547094,0.565145124153063,0.14285714285714285,
CCc1ccc2ccc(CN(CCC(C)C)C(=O)c3cccc4ccccc34)cc2c1,7.6,0.31482620823884744,0.8722038811996567,0.7678571428571429,
O=C(c1cccc2ccccc12)N1Cc2ccc3ccc(cc3c2)-c2ccc(c(O)c2)C1,9.2,0.33846122733311496,0.6666798038261124,0.2894736842105263,
CC(CCN(Cc1ccc2ccc(C(=N)N)cc2c1)C(=O)c1cccc2ccccc12)N(C)C(=O)c1cccc2ccccc12,8.5,0.13365005720448053,0.7611854529478038,0.8305084745762712,
CCC(=O)C(C)CCC(C)CCN(C)C(=O)c1cccc2ccccc12,6.1,0.6105526966091163,0.7723902483078502,0.39705882352941174,
CC(C)CCNC(=O)c1cccc2ccccc12,6.5,0.869993325011225,0.9325928561366451,0.39344262295081966,
CC(C)CCNC(=O)c1cccc2ccccc12,6.7,0.869993325011225,0.9325928561366451,0.39344262295081966,
CCN(C=O)Cc1ccc2ccc(C(=N)N)cc2c1,6.8,0.4877418666840608,0.8348127846978888,0.45161290322580644,
CN(OF)C(=O)c1cccc2ccccc12,6.1,0.7266226847100338,0.8597349557305272,0.3442622950819672,
CC(C)CCN(C(=O)c1cccc2ccccc12)c1c(N)ccnc1N(C)C(=O)c1cccc2ccccc12,7.7,0.2541003817764551,0.8107659121601802,0.410958904109589,
CC(CCN(C)C(C)CCN(N)C(=O)c1cccc2ccccc12)C(=N)N,6.8,0.2080006350324503,0.7151382205388348,0.4411764705882353,
CN(C(N)=O)C(=O)c1cccc2ccccc12,6.0,0.8107939586152738,0.8927463754310639,0.39655172413793105,
CN(Cc1ccc2ccc(C(=N)C(=N)N)cc2c1)c1cccc(OO)c1,8.6,0.2360836355093922,0.791346729247042,0.3611111111111111,
CCC(=N)C(CN)C(=O)c1cccc2ccccc12,5.9,0.6358536432923415,0.7768459058294097,0.36507936507936506,
CC1CCN(C=O)Cc2ccc3ccc(cc3c2)C2CCN1CC2,7.3,0.746265656037992,0.5681707184142197,0.13253012048192772,
N=C(N)c1ccc2ccc(CNC(=O)c3cccc4ccccc34)cc2c1,9.0,0.3795275773148342,0.8914531968766433,0.5666666666666667,
CN,2.0,0.3846582089034356,0.7782360431936574,0.03773584905660377,
CCN(CCCC1CCN(C)CCC1C)C(=N)N,5.4,0.5823132845176654,0.7304190872109556,0.1282051282051282,
N=C(N)c1ccc2ccc(CN(CC3CCC3)C(=O)c3cccc4ccccc34)cc2c1,7.8,0.308729925047408,0.8560781638883742,0.6774193548387096,
N=C(N)C(=O)c1cccc2ccccc12,6.1,0.4397453773594807,0.8826915582281362,0.3508771929824561,
CN(CO)C(=O)c1cccc2ccccc12,5.7,0.7766848895527204,0.891338032653604,0.3728813559322034,
CN(Cc1ccc2ccc(-c3ccc4ccc(CN(C=O)C(=O)Cc5cccc6ccccc56)cc4c3)cc2c1)C1CC1,7.7,0.16709187590264063,0.7992913308544194,0.3375,
c1ccc(-c2cccc3ccccc23)cc1,7.1,0.546879426801855,0.9706149129954844,0.2033898305084746,
Cc1ccc2ccc(C(=N)N)cc2c1,6.6,0.5187029200366238,0.9077552800907487,0.3508771929824561,
CC(C)CCC(=N)N,3.9,0.4221217371058999,0.8271478778282568,0.21052631578947367,
CC(CCN(C)C)C(=N)N,5.0,0.44480859701856124,0.7526266522330484,0.21666666666666667,
CC(CCN(C(=O)c1cccc2ccccc12)c1ccccc1)C(=N)c1ccc2ccc(CN3CC3)cc2c1,7.0,0.1640367814316096,0.7707659853163591,0.5135135135135135,
N=C(N)N,3.8,0.2429555006684892,0.8121162427001389,0.09433962264150944,
CN(Cc1ccc2ccc(C(=N)N)cc2c1)C1CC1,7.1,0.6499584687502221,0.8726130749736506,0.43548387096774194,
Cc1ccc2ccc(CN(Cc3ccc(F)cc3)C(=O)c3cccc4ccccc34)cc2c1,7.8,0.2850832785819251,0.8819808026480723,0.53125,
CC(C)CCC(=N)N,4.9,0.4221217371058999,0.8271478778282568,0.21052631578947367,
CN(C)CCCCN(C)Cc1ccc2ccc(C(=O)c3cccc4ccccc34)cc2c1,6.8,0.24323746645254038,0.8645676287713174,0.5,
CCC(C)c1ccc2ccc(CN(C)CN(Cc3ccc4ccc(C(=N)N)cc4c3)C(=O)c3cccc4ccccc34)cc2c1,8.3,0.09495658071492326,0.7430900444803022,0.6617647058823529,
CC(=N)N,3.9,0.29736356683097664,0.8003277811616774,0.1111111111111111,
CCN(Cc1ccc(Oc2ccc3ccc(C(=N)N)cc3c2)cc1)C(=O)c1cccc2ccccc12,7.4,0.20309370792884332,0.857001807035307,0.6307692307692307,
Fc1cc(-c2cccc3ccccc23)ccc1Cc1ccc2ccccc2c1,8.7,0.3137627358342948,0.9013892142219118,0.2714285714285714,
CC(N)CCNC(=O)c1cccc2ccccc12,6.6,0.8640352410800284,0.868040428447767,0.359375,
CN(Cc1ccc2ccc(N)cc2c1)C1CC1,6.2,0.8150976165047928,0.885574866974981,0.2537313432835821,
CC(=N)N,3.9,0.29736356683097664,0.8003277811616774,0.1111111111111111,
CCCCN(C)C(=O)c1cccc2ccccc12,6.3,0.7986816880101713,0.9227062799677158,0.3709677419354839,
CC(C)N(Cc1ccc2ccc(C(=N)N)cc2c1)C(=O)c1cccc2ccccc12,6.9,0.35420741939886385,0.8639279832905279,0.7241379310344828,
CC(C)CCN(Cc1ccc2ccccc2c1)CC(F)(F)F,6.4,0.704153591339318,0.8744583687474992,0.390625,
CC(=N)N,3.9,0.29736356683097664,0.8003277811616774,0.1111111111111111,
CN(Cc1ccc2ccc(N)cc2c1)C1CC1,6.1,0.8150976165047928,0.885574866974981,0.2537313432835821,
CCCCN(Cc1ccc2ccc(C(=N)N)cc2c1)C(=O)c1cccc2ccccc12,6.6,0.30267311283494136,0.8653748405773578,0.7758620689655172,
N=C(N)N,3.8,0.2429555006684892,0.8121162427001389,0.09433962264150944,
CN(Cc1ccc2ccc(C(=N)NOO)cc2c1)C1CC1,7.1,0.34184873085301126,0.7937564165042049,0.32857142857142857,
CC(=N)N,3.9,0.29736356683097664,0.8003277811616774,0.1111111111111111,
CNCCC(C(=N)C(C)(C)C)C(=O)c1cccc2ccccc12,5.9,0.6166688923656393,0.7708050075771911,0.3382352941176471,
CC(N)CCN(Cc1ccc2ccccc2c1)c1ccnn1N,6.7,0.6861929475151191,0.7555236000957836,0.3150684931506849,
CC(C)CCN(C)CCC(F)(F)F,4.1,0.6546515835554102,0.8523958941326634,0.15625,
N=C(N)C(=N)N,4.8,0.22105789061450304,0.7203169870740557,0.09259259259259259,
CC(CCc1ccc2ccccc2c1)c1ccccc1,7.2,0.574463445456963,0.8791167216485033,0.2857142857142857,
CC(=N)c1ccc2ccc(CN(C)C3CC3)cc2c1,6.6,0.8227659234480801,0.854354729545494,0.3333333333333333,
CC(=N)c1ccc2ccc(CN(C)C3CC3)cc2c1,6.6,0.8227659234480801,0.854354729545494,0.3333333333333333,
N=C(N)N,3.8,0.2429555006684892,0.8121162427001389,0.09433962264150944,
N=C(N)N(C=O)Cc1ccc2ccc(-c3ncno3)cc2c1,8.6,0.4326505074891667,0.7736798223394447,0.2894736842105263,
CC1CCNCc2ccc3ccc(cc3c2)C(=N)C12CCO2,7.1,0.78090080249752,0.486260291314629,0.14285714285714285,
N#CCc1ccc2ccc(C(=N)N)cc2c1,7.0,0.5873418521893337,0.8659407676963392,0.38333333333333336,
CC(CCN(C)C)C(=N)N,4.1,0.44480859701856124,0.7526266522330484,0.21666666666666667,
CCCC(C)C,3.3,0.4838902980848686,0.9007420758314522,0.125,
CN(CCCc1ccc2ccc(CN(C)C3CC3)cc2c1)C(=O)c1cccc2ccccc12,6.3,0.32391602907518147,0.8554050840245905,0.4714285714285714,
O=C(c1ccc2ccccc2c1)c1cccc2ccccc12,8.1,0.4603542244367749,0.9306199557103473,0.40350877192982454,
CN,2.0,0.3846582089034356,0.7782360431936574,0.03773584905660377,
CN(Cc1ccc2ccc(C(=N)N)cc2c1)C1CC1,7.0,0.6499584687502221,0.8726130749736506,0.43548387096774194,
CNCc1ccc2ccc(C(=N)c3ccc4ccc(C)cc4c3)cc2c1,8.4,0.47775933297521567,0.8534597661279693,0.2835820895522388,
CC(C)CCN(Cc1ccc2ccc(C(=O)c3cccc4ccccc34)cc2c1)C(=O)c1cccc2ccccc12,7.5,0.18233624188260752,0.8432805170233869,0.8214285714285714,
CC(C)CCN(Cc1ccc2ccc(C(=N)N)cc2c1)Oc1cccc2ccccc12,8.4,0.20855038034538878,0.8177805449853093,0.6349206349206349,
CNC(=N)c1ccc2ccc(CN(C)C3CC3)cc2c1,6.8,0.6600863165374277,0.8254200093032712,0.3188405797101449,
CCCCN(Cc1ccc2ccc(C)cc2c1)C(=O)c1cccc2ccccc12,6.7,0.36187675231310795,0.8868997462046013,0.5714285714285714,
CN(C=O)C(=O)C(=O)Nc1ccc2ccc(C(=N)N)cc2c1,8.1,0.33411172440665127,0.8250695415091638,0.32857142857142857,
N=C(N)c1ccc2ccc(CNC(=O)c3cccc4ccccc34)cc2c1,8.9,0.3795275773148342,0.8914531968766433,0.5666666666666667,
CN(CCC(NCc1ccc2ccc(C(=N)N)cc2c1)C(=N)N)C(=O)c1cccc2ccccc12,7.7,0.18936057788014543,0.769029020885515,0.6029411764705882,
CC(=N)c1ccc2ccc(CN(C)C3CC3)cc2c1,6.5,0.8227659234480801,0.854354729545494,0.3333333333333333,
CC(C)CCC(=N)N,4.3,0.4221217371058999,0.8271478778282568,0.21052631578947367,
CNC(=O)c1cccc2ccccc12,6.3,0.7246156285144338,0.9481422426154035,0.3050847457627119,
N=C(N)C(CCN(C=O)C(=O)c1cccc2ccccc12)C(=O)c1cccc2ccccc12,7.2,0.1842680527253888,0.7526318139534499,0.40298507462686567,
CC(C)CC1(N(C)C(=O)c2cccc3ccccc23)CC1,6.0,0.8082264574054623,0.844905645475117,0.390625,
N=C(N)N,3.8,0.2429555006684892,0.8121162427001389,0.09433962264150944,
CN(CCC(C=N)C(=O)c1cccc2ccccc12)C(=O)c1cccc2ccccc12,6.3,0.31937533667484236,0.7782293442695024,0.3939393939393939,
CN(Cc1ccc2ccc(CC(F)(F)F)cc2c1)C1CC1,6.0,0.7997267894782468,0.8606520645732603,0.22857142857142856,
N=C(N)C(=N)N,4.8,0.22105789061450304,0.7203169870740557,0.09259259259259259,
CC(CCN(C)C(=N)N)C(=N)N,5.8,0.34686864157523734,0.7001092288867219,0.20967741935483872,
N=C(N)c1ccc2ccc(CNC(=O)c3cccc4ccccc34)cc2c1,8.8,0.3795275773148342,0.8914531968766433,0.5666666666666667,
CN(ON)C(=O)c1cccc2ccccc12,5.7,0.7774397246620389,0.8617896565852282,0.36666666666666664,
N=C(N)N,3.8,0.2429555006684892,0.8121162427001389,0.09433962264150944,
CN(Cc1ccc2ccc(C(=N)N)cc2c1)C1CC1,7.2,0.6499584687502221,0.8726130749736506,0.43548387096774194,
CCC(C)CC(O)Cc1ccc2ccc(OC)cc2c1,5.8,0.8541445795468635,0.802809871214532,0.2191780821917808,
CC(CCOc1cccc2ccccc12)c1ccc2ccc(CN(C)C3CC3)cc2c1,5.7,0.30602690280030576,0.8095700165061298,0.33766233766233766,
CC(C)CCNC(=O)c1cccc2ccccc12,6.8,0.869993325011225,0.9325928561366451,0.39344262295081966,
CN(CCC(N)C(=N)S(N)(=O)=O)C(=O)c1cccc2ccccc12,6.3,0.5469661485988393,0.7693952380935669,0.39705882352941174,
Cc1ccc2ccc(C(=N)c3ccc(C(C)N(Cc4ccc5ccc(C(=N)N)cc5c4)C(=O)c4cccc5ccccc45)cc3)cc2c1,9.1,0.11600628858764393,0.7421378087099905,0.6231884057971014,
CN(CCC1CCC1)C(=O)c1cccc2ccccc12,5.1,0.8162970436258403,0.9001471878265025,0.34328358208955223,
O=Cc1cccc2ccccc12,5.2,0.5799126988766784,0.9328134773038911,0.2,
CN(CCC(NC(=O)c1cccc2ccccc12)C(=N)N)C(=O)c1cccc2ccccc12,6.9,0.29796129377233666,0.8011856601072961,0.4117647058823529,
CCC(=N)c1ccc2ccc(N(c3cccc4ccccc34)C(CC)C(=O)c3cccc4ccccc34)cc2c1,8.2,0.16030673550157634,0.7488725600238342,0.3918918918918919,
N=C(N)C(=O)c1cccc2ccccc12,6.1,0.4397453773594807,0.8826915582281362,0.3508771929824561,
N=Cc1ccc2ccc(CN(C(=O)c3cccc4ccccc34)C(=O)c3cccc4ccccc34)cc2c1,8.7,0.1986636489239015,0.8234183414015794,0.484375,
CC(=O)c1cccc2ccccc12,6.0,0.601009735328557,0.9521573758941452,0.32142857142857145,
N=C(N)N,3.8,0.2429555006684892,0.8121162427001389,0.09433962264150944,
N=C(N)C(=N)N,4.8,0.22105789061450304,0.7203169870740557,0.09259259259259259,
CC(CCN(C)C(=N)N)C(=N)N,5.1,0.34686864157523734,0.7001092288867219,0.20967741935483872,
CC(CCC1CCCN1C(=O)c1cccc2ccccc12)C(=N)N,7.5,0.6488600438321939,0.7741004255273953,0.35135135135135137,
CNC(=O)c1cccc2ccccc12,6.3,0.7246156285144338,0.9481422426154035,0.3050847457627119,
CC(=N)N,3.9,0.29736356683097664,0.8003277811616774,0.1111111111111111,
N=C(C(=O)CN)c1ccc2ccc(CNC(=O)c3cccc4ccccc34)cc2c1,9.0,0.4331373302463882,0.8442092060622842,0.4411764705882353,
N=C(N)C(=O)c1cccc2ccccc12,6.3,0.4397453773594807,0.8826915582281362,0.3508771929824561,
CC(=N)c1ccc2ccc(CN(C)C3CC3)cc2c1,6.7,0.8227659234480801,0.854354729545494,0.3333333333333333,
CC(Cc1ccc2c(c1)N(C)c1ccc3ccc(cc3c1)CN(C(=O)c1cccc3ccccc13)CCC2C)C(=N)N,8.9,0.1744744216297297,0.5527251033250836,0.34065934065934067,
N=C(N)c1ccc2ccc(C3CC3)cc2c1,7.3,0.5806744903007856,0.8870248702604417,0.3064516129032258,
CN(N)C1CC1,3.5,0.3579976224825941,0.7809266912160676,0.06557377049180328,
CCCCN(C)C(=O)c1cccc2ccccc12,6.0,0.7986816880101713,0.9227062799677158,0.3709677419354839,
CN(CN)C1CC1,3.9,0.49468867459604626,0.784312763890487,0.0625,
N=C(N)c1ccc2ccc(CN(Cc3ccccc3)C3CC3)cc2c1,8.7,0.5234740731930259,0.8790302045273815,0.4375,
CCC(C)c1ccc(CCNC(=O)c2cccc3ccccc23)cc1,7.3,0.6500228194617297,0.8664743077585639,0.323943661971831,
CN(Cc1ccc2ccc(N(C)C3CC3)cc2c1)C1CC1,5.7,0.815536592579448,0.859452374783214,0.2318840579710145,
Nc1ccc2ccc(CNC(=O)c3cccc4ccccc34)cc2c1,8.7,0.5444444794572136,0.9056703871757836,0.4,
CCN(Cc1ccc2ccc(-c3ccc4ccc(OCC(N)=O)cc4c3)cc2c1)C(=O)c1cccc2ccccc12,7.8,0.22036377320532421,0.8386544019619778,0.5142857142857142,
CCN(C=O)C(=O)c1cccc2ccccc12,5.8,0.7551937841734383,0.865525508000622,0.3548387096774194,
CC(C)CCN(C)C1CC1,3.6,0.5794342672036432,0.8796554089624183,0.16129032258064516,
Cc1ccc2ccc(CN(C)C3CC3)cc2c1,5.8,0.7687945219425377,0.9010136490262628,0.23880597014925373,
CC(C)CCN(Cc1ccc2ccc(N(C)CCC(C)C(=N)c3ccccc3)cc2c1)C(=O)c1cccc2ccccc12,7.6,0.15227796525281437,0.7489383123845388,0.6865671641791045,
CC(=O)c1ccc2ccc(C(=N)N)cc2c1,6.5,0.4554776877436369,0.8996106589162304,0.39285714285714285,
CN,2.0,0.3846582089034356,0.7782360431936574,0.03773584905660377,
CC(CCN(Cc1ccc2ccc(C(=N)N)cc2c1)C(=O)c1cccc2ccccc12)C1CC1,7.1,0.24280628431573592,0.7873474729073278,0.8032786885245902,
C[C@@H](CCC(=O)Nc1cccc2ccccc12)CN(C)C=O,6.5,0.7974651496923303,0.806424827536045,0.3013698630136986,
N=C(N)c1ccc2ccc(CNC(=O)c3cccc4ccccc34)cc2c1,8.9,0.3795275773148342,0.8914531968766433,0.5666666666666667,
CC(CN(C1CC1)N(C)C1CC1)C(=O)C(=N)N,4.8,0.38686800991516124,0.6609534107656039,0.2,
CC1CCN(C(=O)c2cccc3ccccc23)OC1CCN(C)C=O,6.4,0.7860382749641978,0.7064824780880259,0.25609756097560976,
CC(CCN(C)C(=O)c1cccc2ccccc12)NCc1ccc2ccc(C(=N)c3ccco3)cc2c1,7.3,0.22801760746880465,0.7636447702200795,0.4805194805194805,
Cc1ccc2ccc(CN(C)C3CC3)cc2c1,6.2,0.7687945219425377,0.9010136490262628,0.23880597014925373,
N=C(c1ccc2ccccc2c1)c1ccccc1OC(CCNC(=O)c1cccc2ccccc12)C(=N)N,7.5,0.14899342860719356,0.769757511727829,0.3815789473684211,
CCCCN(Cc1ccc2ccc(C(=N)N)cc2c1)C(=O)c1cccc2ccccc12,6.9,0.30267311283494136,0.8653748405773578,0.7758620689655172,
N=C1CC(O)CCc2ccc3ccc1cc3c2,5.7,0.7110218822110563,0.6010314604334623,0.1506849315068493,
CC(CCN(C)COC#N)C(=N)N,4.2,0.2695008314086103,0.64540625267716,0.18571428571428572,
CN,2.0,0.3846582089034356,0.7782360431936574,0.03773584905660377,
CN(C1CC1)C1(c2ccc3ccc(C(=N)C(=O)c4cccc5ccccc45)cc3c2)CCC1,8.0,0.2715298416678508,0.79524002932565,0.34615384615384615,
N=C(N)c1ccc2ccc(N)cc2c1,6.9,0.35910132453214755,0.8887537021814784,0.3333333333333333,
CC(N)CCNC(=O)c1cccc2ccccc12,6.6,0.8640352410800284,0.868040428447767,0.359375,
CN(Cc1ccc2ccc(C(=N)N)cc2c1)C1CC1,7.1,0.6499584687502221,0.8726130749736506,0.43548387096774194,
CN(CCCCc1ccc2ccc(O)cc2c1)C1CC1,6.2,0.8022879840170777,0.8782664860721164,0.2361111111111111,
N=C(N)c1ccc2ccc(C(=O)c3cccc4ccccc34)cc2c1,8.8,0.33068992102523126,0.8907509310231081,0.5357142857142857,
CN(CC(=N)N)C1CC1,4.0,0.41445802561327105,0.8026590211220953,0.12307692307692308,
CCc1ccc2ccc(C(=N)N)cc2c1,7.1,0.5653832507605874,0.901545038081616,0.42857142857142855,
CC(C)CCN(Cc1ccc2ccc(C=N)cc2c1)C(=O)c1cccc2ccccc12,7.0,0.34062363547438085,0.8416687040172887,0.7333333333333333,
CN(C)C1CC1,3.4,0.45300510963035984,0.8944672040365802,0.03278688524590164,
CCCNC(=N)c1ccc2ccc(CN(C)C3CC3)cc2c1,6.5,0.6289510973780862,0.8293515266208262,0.3013698630136986,
CN(C)C1CC1,3.3,0.45300510963035984,0.8944672040365802,0.03278688524590164,
CN(C1CC1)C1CC1,3.2,0.5179763678995338,0.8511325298429089,0.03278688524590164,
Cc1ccc2ccc(C(=N)N)cc2c1,6.7,0.5187029200366238,0.9077552800907487,0.3508771929824561,
CCOCCCN(C1CC1)N(C)C1CC1,4.2,0.4512112763491277,0.7773711168808656,0.05405405405405406,
N=Cc1ccc2ccc(Cc3ccc4ccc(C(=N)N)cc4c3)cc2c1,9.0,0.3607434801479099,0.8371865353587385,0.36507936507936506,
CN(CN)C1CC1,3.3,0.49468867459604626,0.784312763890487,0.0625,
CN(Cc1ccc2ccc(C(=N)N(Cc3ccc4ccc(C(=N)N)cc4c3)C3CC3)cc2c1)C1CC1,8.1,0.22049506388919077,0.8024095921611916,0.39705882352941174,
CN(Cc1ccc2ccc(N)cc2c1)C1CC1,6.2,0.8150976165047928,0.885574866974981,0.2537313432835821,
CC1CC1,2.9,0.3934207493755274,0.9587811999650963,0.017241379310344827,
CN(Cc1ccc2ccc(C(=N)N)cc2c1)C(=N)N,8.4,0.4926729079057647,0.8458382173204184,0.49122807017543857,
CC(CCN(C)C1CC1)C(=N)N,4.3,0.4770835270456429,0.7494725704913537,0.19696969696969696,
CN,2.0,0.3846582089034356,0.7782360431936574,0.03773584905660377,
N=C(N)N,3.8,0.2429555006684892,0.8121162427001389,0.09433962264150944,
CN(CC1CC1)C1CC1,3.4,0.552098738516386,0.8687434692826306,0.045454545454545456,
CC(C)CCN(C)C(=O)c1cccc2ccccc12,6.3,0.8095043705594415,0.9103709849881643,0.5087719298245614,
CC(=O)c1cccc2ccccc12,5.9,0.601009735328557,0.9521573758941452,0.32142857142857145,
N=C(N)C(Cn1cc(Cl)cn1)C(=N)N,6.8,0.4181659760249917,0.727735652178813,0.14084507042253522,
CC(CCN(C)C)C(=N)N,4.2,0.44480859701856124,0.7526266522330484,0.21666666666666667,
CN(Cc1ccc2ccc(C(=N)N)cc2c1)C(=N)N,7.5,0.4926729079057647,0.8458382173204184,0.49122807017543857,
CN(CC(=N)N)C1CC1,4.7,0.41445802561327105,0.8026590211220953,0.12307692307692308,
N=C(N)c1ccc2ccc(CC3CC3)cc2c1,7.3,0.6106105421607084,0.8852610849236989,0.3770491803278688,
CN(Cc1ccc2ccc(CN(C)C3CC3)cc2c1)C1CC1,5.5,0.7934718278158709,0.8677299385314963,0.25806451612903225,
CC(C)CCN(C)CCC(C)C(=N)N,4.8,0.4860327876864079,0.7611911321713722,0.26666666666666666,
CN(C)C1CC1,2.6,0.45300510963035984,0.8944672040365802,0.03278688524590164,
CN,2.0,0.3846582089034356,0.7782360431936574,0.03773584905660377,
N=Cc1ccc2ccc(Cc3ccc4ccc(C(=N)N)cc4c3)cc2c1,8.6,0.3607434801479099,0.8371865353587385,0.36507936507936506,
N=C(N)c1ccc2ccc(N)cc2c1,7.2,0.35910132453214755,0.8887537021814784,0.3333333333333333,
N=C(N)c1ccc2ccc(-c3ccc4ccc(CNC(=O)c5cccc6ccccc56)cc4c3)cc2c1,9.2,0.18333926043335266,0.8566479178342787,0.5555555555555556,
CC(CCN(C)CCCc1ccc2ccccc2c1)C(=N)N,6.1,0.5768150263714481,0.8048878548313303,0.4090909090909091,
CN(Cc1ccc2ccc(C(=N)c3ccc4ccc(C=N)cc4c3)cc2c1)C1CC1,8.2,0.38910100889270083,0.8039981148279369,0.3013698630136986,
CC(CCN(C)N)C(=N)N,5.2,0.22026981681265465,0.67742911377151,0.21311475409836064,
Cc1ccc2ccc(C(=N)c3ccc4ccc(C(=N)N)cc4c3)cc2c1,8.9,0.35698729018860376,0.8461935124897157,0.3333333333333333,
Cc1ccc2ccc(CN(C)C3CC3)cc2c1,6.4,0.7687945219425377,0.9010136490262628,0.23880597014925373,
CC(=N)c1ccc2ccc(CN(C)C3CC3)cc2c1,6.7,0.8227659234480801,0.854354729545494,0.3333333333333333,
CN(Cc1ccc2ccc(C=N)cc2c1)Cc1ccc2ccc(C(=N)N)cc2c1,8.5,0.32835582490620885,0.8291406394479041,0.421875,
CCC[NH+](C=N)CCC(C)CC,4.3,0.42717573990482055,0.5256780095448222,0.08571428571428572,
N=C(N)c1ccc2ccc(CN(N)C3CC3)cc2c1,6.9,0.33758905511602794,0.830975339124594,0.41935483870967744,
CN(Cc1ccc2ccc(C(=N)N)cc2c1)C1CC1,6.9,0.6499584687502221,0.8726130749736506,0.43548387096774194,
NC1CC1,3.1,0.41922050844055486,0.9043538495377457,0.017241379310344827,
N=C(N)c1ccc2ccc(CNC(=O)c3cccc4ccccc34)cc2c1,8.0,0.3795275773148342,0.8914531968766433,0.5666666666666667,
N=C(N)c1ccc2ccc(CN)cc2c1,7.0,0.5070598581179698,0.8884955875321654,0.4107142857142857,
CCN(C)CC(C(=N)N)N(Cc1ccc2ccc(C(=N)N)cc2c1)C1CC1,7.5,0.4035715465590051,0.7427915535328481,0.4027777777777778,
CN(Cc1ccc2ccc(C(=N)N)cc2c1)C1CC1,6.4,0.6499584687502221,0.8726130749736506,0.43548387096774194,
CN(C)Cc1ccc2ccc(C(=N)N)cc2c1,6.4,0.6235104421415287,0.8867555407338461,0.48214285714285715,
N=CN(Cc1ccc2ccc(C(=N)N)cc2c1)C(=O)c1cccc2ccccc12,7.8,0.35046080074169145,0.8227880907917411,0.6610169491525424,
CC(=N)c1ccc2ccc(CN(C)C3CC3)cc2c1,6.6,0.8227659234480801,0.854354729545494,0.3333333333333333,
CCCC(C)C,3.1,0.4838902980848686,0.9007420758314522,0.125,
CNCc1ccc2ccc(-c3ccc4ccc(C(=N)N)cc4c3)cc2c1,7.9,0.3738289415959716,0.871409509717713,0.4032258064516129,
N=C(N)C(=N)N,4.8,0.22105789061450304,0.7203169870740557,0.09259259259259259,
Cc1ccc2ccc(CN(C)C3CC3)cc2c1,5.5,0.7687945219425377,0.9010136490262628,0.23880597014925373,
CN(CC(=N)N)C1CC1,4.9,0.41445802561327105,0.8026590211220953,0.12307692307692308,
CN(C)C(=O)c1cccc2ccccc12,5.5,0.6907828183701181,0.9400333164698945,0.375,
N=C(N)N,3.8,0.2429555006684892,0.8121162427001389,0.09433962264150944,
CC,1.6,0.3727855551576051,0.805825786783401,0.018867924528301886,
N=C(N)c1ccccc1,6.2,0.42078871213582203,0.9473713154364768,0.23636363636363636,
CC(C)CCC(=N)c1ccc2ccccc2c1,6.6,0.7326495839827637,0.8734440977442117,0.3898305084745763,
CC,1.6,0.3727855551576051,0.805825786783401,0.018867924528301886,
CC(C)CCN,3.8,0.5337290563406336,0.8718579732673495,0.14285714285714285,
CN(CCCC(=N)N)C(=O)c1cccc2ccccc12,6.4,0.6467664269047467,0.8810029763362383,0.4126984126984127,
CN(Cc1ccc2ccc(N)cc2c1)C1CC1,6.2,0.8150976165047928,0.885574866974981,0.2537313432835821,
CN(CC(=N)N)C1CC1,4.0,0.41445802561327105,0.8026590211220953,0.12307692307692308,
Cc1ccc2ccc(C(=N)N)cc2c1,6.4,0.5187029200366238,0.9077552800907487,0.3508771929824561,
CC(C)CCCN(C)C1CC1,3.7,0.5894187476554502,0.8795267530845694,0.13846153846153847,
CN(Cc1ccc2ccc(-c3ccc4ccc(C(=N)N)cc4c3)cc2c1)C(=O)c1cccc2ccccc12,8.2,0.19440653679843956,0.8453176509208892,0.6666666666666666,
CC(C)CCC(=N)N,5.0,0.4221217371058999,0.8271478778282568,0.21052631578947367,
N=C(N)c1ccc2ccc(CN(N)C3CC3)cc2c1,7.0,0.33758905511602794,0.830975339124594,0.41935483870967744,
Cc1ccc2ccc(CN(C)C3CC3)cc2c1,5.7,0.7687945219425377,0.9010136490262628,0.23880597014925373,
CN(Cc1ccc2ccc(C=N)cc2c1)C(=N)c1ccc2ccc(CN(C)C3CC3)cc2c1,8.2,0.27507336864462595,0.7959207167233584,0.2894736842105263,
CN(Cc1ccc2ccc(C(=N)N)cc2c1)C1CC1,7.2,0.6499584687502221,0.8726130749736506,0.43548387096774194,
CNCc1ccc2ccc(C(=N)NC#N)cc2c1,6.2,0.3310898552990202,0.8100212120944127,0.29850746268656714,
N=C(N)c1ccc2ccc(CC(F)F)cc2c1,7.3,0.6222386278952979,0.8584638877060229,0.4067796610169492,
CN(Cc1ccc2ccc(C(=N)N)cc2c1)C1CC1,7.1,0.6499584687502221,0.8726130749736506,0.43548387096774194,
CN(Cc1ccc2ccccc2c1)C1CC1,6.1,0.7514514099718448,0.9185946510110922,0.2857142857142857,
CCN(C)C(=O)c1cccc2ccccc12,5.8,0.7507257880249547,0.924541451457023,0.3728813559322034,
NC1CC1,3.1,0.41922050844055486,0.9043538495377457,0.017241379310344827,
N=C(N)c1ccc2ccc(C(=O)N=C(N)N(C3CC3)C3CC3)cc2c1,7.7,0.5876500312317892,0.8079329915953861,0.3235294117647059,
N#CCC(=O)c1cccc2ccccc12,5.9,0.6910490745936891,0.8990894030190043,0.2903225806451613,
CC,1.6,0.3727855551576051,0.805825786783401,0.018867924528301886,
N=C(N)c1ccc2ccc(N)cc2c1,7.0,0.35910132453214755,0.8887537021814784,0.3333333333333333,
CN(Cc1ccc2ccc(C(=N)C=N)cc2c1)C1CC1,6.4,0.799230764497601,0.8075809983142602,0.3188405797101449,
CNCc1ccc2ccc(C(=N)C(=N)N)cc2c1,6.7,0.4854728916810569,0.8210208501034624,0.328125,
CC(CCN(C)C1CC1)C(=N)N,4.1,0.4770835270456429,0.7494725704913537,0.19696969696969696,
CN(Cc1ccc2ccc(C(=N)N)cc2c1)C(=N)N,7.8,0.4926729079057647,0.8458382173204184,0.49122807017543857,
N=C1c2ccc(cc2)-c2ccc3ccc1cc3c2,6.6,0.4661694515690838,0.7054317469379353,0.16393442622950818,
N=C(N)c1ccc2ccc(CN(C(=N)CC(F)F)C3CC3)cc2c1,7.6,0.5574769003398191,0.7940501235659886,0.40298507462686567,
CN(Cc1ccc2ccc(C(=N)N)cc2c1)c1ccc2ccc(C=N)cc2c1,8.6,0.34654568275549535,0.8232576873451742,0.39705882352941174,
N=C(c1ccc2ccccc2c1)C1(C(CCNC(=O)c2cccc3ccccc23)C2CC2)CC1,6.7,0.28167547208171323,0.7565403955958323,0.34615384615384615,
CN(C)C1CC1,3.1,0.45300510963035984,0.8944672040365802,0.03278688524590164,
CN(C)Cc1ccc2ccc(C(=N)N)cc2c1,6.4,0.6235104421415287,0.8867555407338461,0.48214285714285715,
N=C(N)c1ccc2ccc(CC3CCN(C(=N)N)CC3)cc2c1,7.7,0.5162935481680124,0.8455861527727956,0.3382352941176471,
CN(Cc1ccc2ccc(C(=N)N)cc2c1)C1CC1,6.7,0.6499584687502221,0.8726130749736506,0.43548387096774194,
CN(Cc1ccc2ccc(C(=N)N)cc2c1)C1CC1,6.6,0.6499584687502221,0.8726130749736506,0.43548387096774194,
N=C(N)C(=N)N,4.8,0.22105789061450304,0.7203169870740557,0.09259259259259259,
CC(C)CCC(=N)N,5.2,0.4221217371058999,0.8271478778282568,0.21052631578947367,
N=C(N)N,3.8,0.2429555006684892,0.8121162427001389,0.09433962264150944,
CCCCN(Cc1ccc2ccc(CCC(C)C)cc2c1)C(=O)c1cccc2ccccc12,5.9,0.25946948855969165,0.865854476737141,0.6612903225806451,
CC(CCN(C)C)C(=N)N,5.2,0.44480859701856124,0.7526266522330484,0.21666666666666667,
N=C(N)c1ccc2ccc(CN(NCc3ccc4ccc(C(=N)c5ccc(F)cc5)cc4c3)C3CC3)cc2c1,7.7,0.10261006911958338,0.782672809992078,0.34210526315789475,
CN,2.0,0.3846582089034356,0.7782360431936574,0.03773584905660377,
Nc1ccc2ccc(CN(C=O)C3CC3)cc2c1,6.7,0.6590971490642326,0.830114726423221,0.24285714285714285,
Cc1ccc2ccc(C(=N)N)cc2c1,6.4,0.5187029200366238,0.9077552800907487,0.3508771929824561,
CN1Cc2ccc3ccc(cc3c2)C(=N)NC(=N)c2ccc3ccc1cc3c2,8.5,0.41618763039684964,0.5764364439644766,0.14473684210526316,
N=C(N)c1ccc2ccc(CN(Cc3ccc4ccc(-c5cccc(F)c5)cc4c3)C3CC3)cc2c1,7.4,0.19321799267139092,0.8386129017098631,0.4084507042253521,
CC(C)CCc1ccc2ccc(C(=N)N)cc2c1,7.0,0.6208548148575684,0.8880426962573087,0.5178571428571429,
N=C(N)C(=N)N,4.8,0.22105789061450304,0.7203169870740557,0.09259259259259259,
CC1CC1,2.5,0.3934207493755274,0.9587811999650963,0.017241379310344827,
CN(Cc1ccc2ccc(N(Cc3ccc4ccc(C(=N)N)cc4c3)C3CC3)cc2c1)c1ccc(Cl)cc1,8.7,0.16304954195656643,0.8189597847503625,0.3783783783783784,
CCC(C)c1ccc2ccc(CN(C)C3CC3)cc2c1,6.3,0.7407667522208066,0.8301208890912302,0.2535211267605634,
N=C(N)c1ccc2ccc(C(=N)c3ccc4ccc(CNC5CC5)cc4c3)cc2c1,8.3,0.2765245254523757,0.8299276318225703,0.34328358208955223,
NC1CC1,3.1,0.41922050844055486,0.9043538495377457,0.017241379310344827,
O=C(c1cccc2ccccc12)C1CC1,6.5,0.6723484288773661,0.9320625693875196,0.2786885245901639,
CN(CCC1C(=N)C1=O)C(=O)c1cccc2ccccc12,5.8,0.9350619205104257,0.8000007655055921,0.3582089552238806,
CN(CCCN)C(=O)c1cccc2ccccc12,5.6,0.8935426581457075,0.9088034142060264,0.3870967741935484,
N=C(N)c1ccc2ccc(CN(CNC3CC3)C(=O)c3cccc4ccccc34)cc2c1,7.8,0.2307078579139398,0.8308892006776719,0.65625,
CC,1.6,0.3727855551576051,0.805825786783401,0.018867924528301886,
CN(CC1CC1)C1CC1,3.4,0.552098738516386,0.8687434692826306,0.045454545454545456,
CC(C)CCN(C)Cc1ccc2ccccc2c1,6.6,0.7533392693995886,0.9138655559858153,0.43103448275862066,
N=C(N)N,3.8,0.2429555006684892,0.8121162427001389,0.09433962264150944,
CN(Cc1ccc2ccc(N)cc2c1)C1CC1,6.2,0.8150976165047928,0.885574866974981,0.2537313432835821,
N=C(N)C(=N)c1ccc2ccc(CC(=O)NC3CC3)cc2c1,7.9,0.5000526333776596,0.8289181417613707,0.3142857142857143,
N=C(N)C(=N)c1ccc2ccc(CNC3CC3)cc2c1,7.6,0.4945577169755763,0.8250834708417327,0.2898550724637681,
CCN(C)C1CC1,3.3,0.500808944313155,0.864250370728094,0.046875,
CN(CC(=N)N)C1CC1,5.0,0.41445802561327105,0.8026590211220953,0.12307692307692308,
CN(Cc1ccc2ccc(C=N)cc2c1)N(Cc1ccc2ccc(C(=N)N)cc2c1)C1CC1,6.6,0.19992075731190154,0.7707375743338332,0.3698630136986301,
CN(Cc1ccc2ccc(C(=N)N)cc2c1)C1CC1,7.0,0.6499584687502221,0.8726130749736506,0.43548387096774194,
NC(=O)c1cccc2ccccc12,6.3,0.6995982540687846,0.9507370016737708,0.34545454545454546,
Cc1cc(C(CCN(C)C=O)C(=N)N)ccc1Oc1cccc2ccccc12,7.1,0.3469947134682199,0.763684452861329,0.2839506172839506,
CN(Cc1ccc2ccc(C(=N)N)cc2c1)C1CC1,6.8,0.6499584687502221,0.8726130749736506,0.43548387096774194,
N=C(N)C1CC1,4.6,0.3489032007953652,0.8147615630109394,0.08333333333333333,
N=C(N)N,3.8,0.2429555006684892,0.8121162427001389,0.09433962264150944,
CC(Cc1ccc2ccc(C(=N)N)cc2c1)CN(C(=N)C(C)C)N(C)C(=O)c1cccc2ccccc12,8.3,0.16534255235723697,0.7305363604010626,0.6029411764705882,
NC1CC1,3.1,0.41922050844055486,0.9043538495377457,0.017241379310344827,
CCc1ccc2ccc(C(=N)N)cc2c1,6.4,0.5653832507605874,0.901545038081616,0.42857142857142855,
CC(CCNC(=N)c1ccc2ccc(CN(c3ccccc3)C3CC3)cc2c1)C(=N)N,7.5,0.2975064430574372,0.7432910693421824,0.40789473684210525,
N=C(N)c1ccc2ccc(N)cc2c1,7.2,0.35910132453214755,0.8887537021814784,0.3333333333333333,
N=C(N)c1ccc2ccc(CNC3CC3)cc2c1,7.1,0.5663606965568742,0.8855708350205062,0.359375,
CCCCN(C)C(=O)c1cccc2ccccc12,6.0,0.7986816880101713,0.9227062799677158,0.3709677419354839,
Cc1ccc2ccc(CN(C)C3CC3)cc2c1,5.6,0.7687945219425377,0.9010136490262628,0.23880597014925373,
Cc1ccc2ccc(C(=N)N)cc2c1,6.3,0.5187029200366238,0.9077552800907487,0.3508771929824561,
Cc1ccc2ccc(C(=N)N)cc2c1,6.4,0.5187029200366238,0.9077552800907487,0.3508771929824561,
CN(Cc1ccc2ccccc2c1)C1CC1,6.2,0.7514514099718448,0.9185946510110922,0.2857142857142857,
CN(CNCc1ccc2ccc(C(=N)C3CC3)cc2c1)C1CC1,6.2,0.6037153388200556,0.7969726616485351,0.26666666666666666,
NC(=O)COc1ccc2ccc(CN(C3CC3)C3CC3)cc2c1,6.9,0.8553304316455341,0.8595037859088903,0.2777777777777778,
CN(Cc1ccc2ccc(C=N)cc2c1)N(C)C1CC1,6.4,0.6654069455209684,0.7838565477648098,0.2361111111111111,
N=C(N)c1ccc2ccc(CN(C(=O)c3cccc4ccccc34)c3ccc4ccc(CNC(=O)c5cccc6ccccc56)cc4c3)cc2c1,7.7,0.11169134682281322,0.8007298585390716,0.5735294117647058,
CCCCN(C)C(=O)c1cccc2ccccc12,6.1,0.7986816880101713,0.9227062799677158,0.3709677419354839,
CC,1.6,0.3727855551576051,0.805825786783401,0.018867924528301886,
CN(CCC(NC1CC1)C(=N)N)C(=O)c1cccc2ccccc12,5.9,0.5399719158959511,0.7954706280079006,0.39436619718309857,
CCCCN(C)C(=O)c1cccc2ccccc12,6.0,0.7986816880101713,0.9227062799677158,0.3709677419354839,
Cc1ccc2ccc(-c3ccc4ccc(OC(=O)N(C)C5CC5)cc4c3)cc2c1,7.7,0.4020041022962967,0.8626561167416948,0.1794871794871795,
Cc1ccc2ccc(CN(C)C3CC3)cc2c1,5.6,0.7687945219425377,0.9010136490262628,0.23880597014925373,
CCCCN(C)C(=O)c1cccc2ccccc12,6.0,0.7986816880101713,0.9227062799677158,0.3709677419354839,
N=C(N)C(=N)c1ccc2ccc(N)cc2c1,7.3,0.34596697321977143,0.8147791903847617,0.25806451612903225,
CN(Cc1ccc2ccc(C(=N)N)cc2c1)C1CC1,7.1,0.6499584687502221,0.8726130749736506,0.43548387096774194,
CN(CNCc1ccc2ccc(C(=N)N)cc2c1)C1CC1,7.2,0.43244515487699153,0.8318239523581814,0.36231884057971014,
Cc1ccc2ccc(CN(C)C3CC3)cc2c1,6.5,0.7687945219425377,0.9010136490262628,0.23880597014925373,
CC(CCNC(=O)c1cccc2ccccc12)C(=N)N,7.3,0.5757842912651104,0.8293324275527686,0.40625,
NC(=O)c1cccc2ccccc12,6.3,0.6995982540687846,0.9507370016737708,0.34545454545454546,
c1ccc2c(C3(c4cccc5ccccc45)CCCC3)cccc2c1,8.1,0.3782501703629705,0.8819237641893599,0.171875,
N=C(N)C(=N)N,4.8,0.22105789061450304,0.7203169870740557,0.09259259259259259,
CN(Cc1ccc2ccc(Cc3ccc4ccc(C=N)cc4c3)cc2c1)C1CC1,7.9,0.39879004327920364,0.8318385740434291,0.2328767123287671,
O=COc1cccc2ccccc12,5.6,0.6498653671277649,0.8992592360539001,0.19047619047619047,
N=C(N)c1ccc2ccc(CNC(=O)c3cccc4ccccc34)cc2c1,8.8,0.3795275773148342,0.8914531968766433,0.5666666666666667,
CN(N)C1CC1,3.8,0.3579976224825941,0.7809266912160676,0.06557377049180328,
CCN(C)C1CC1,3.7,0.500808944313155,0.864250370728094,0.046875,
N=C(N)C1CC1,4.1,0.3489032007953652,0.8147615630109394,0.08333333333333333,
N=C1CN2CCCCC2Cc2ccc3ccc1cc3c2,6.2,0.7727984029468302,0.6061620691516985,0.125,
CC(=O)c1cccc2ccccc12,5.9,0.601009735328557,0.9521573758941452,0.32142857142857145,
CC(=N)c1ccc2ccc(CN(C)C3CC3)cc2c1,6.7,0.8227659234480801,0.854354729545494,0.3333333333333333,
C=CCOC(=O)c1ccc2ccc(CN(C)C3CC3)cc2c1,6.0,0.5998326976713113,0.8685624447349701,0.29333333333333333,
N=C1c2ccc(cc2)-c2ccc3ccc1cc3c2,6.6,0.4661694515690838,0.7054317469379353,0.16393442622950818,
CC(=N)c1ccc2ccc(CN(C)C3CC3)cc2c1,6.6,0.8227659234480801,0.854354729545494,0.3333333333333333,
Cc1ccc2ccc(C(=N)N)cc2c1,6.2,0.5187029200366238,0.9077552800907487,0.3508771929824561,
CN(Cc1ccc2ccc(-c3ccc4ccc(-c5scnc5C#N)cc4c3)cc2c1)C1CC1,7.6,0.2859754037291832,0.8069753539301234,0.20481927710843373,
N=C(N)Cc1ccc2ccc(C(=N)N)cc2c1,7.6,0.4717975387308959,0.8575843459711621,0.40350877192982454,
CN,2.0,0.3846582089034356,0.7782360431936574,0.03773584905660377,
CN(C)Cc1ccc2ccc(C(=N)N)cc2c1,6.9,0.6235104421415287,0.8867555407338461,0.48214285714285715,
N=C(N)Cc1ccc2ccc(C(=N)N)cc2c1,7.3,0.4717975387308959,0.8575843459711621,0.40350877192982454,
CN(CCN(C)C1CC1)C1CC1,3.5,0.6079055473088272,0.8504053179632317,0.06451612903225806,
CCc1ccc2ccc(C(=N)N)cc2c1,6.7,0.5653832507605874,0.901545038081616,0.42857142857142855,
N=C(N)c1ccc2ccc(C(=N)N)cc2c1,7.3,0.4466353802417903,0.875290029545601,0.36538461538461536,
CC(C)CC(=N)N,4.8,0.39396499159983106,0.8131950665551426,0.17543859649122806,
CC1CC1,2.9,0.3934207493755274,0.9587811999650963,0.017241379310344827,
CN(c1ccc2ccc(C(=N)N)cc2c1)C1CC1,6.2,0.6388756485585486,0.8618900808726931,0.3230769230769231,
CC(C)CCN(C)Cc1ccc2ccccc2c1,6.7,0.7533392693995886,0.9138655559858153,0.43103448275862066,
CN(c1ccc2ccc(C(=N)N)cc2c1)C1CC1,6.9,0.6388756485585486,0.8618900808726931,0.3230769230769231,
CN(CC(=O)N(C)C1CC1)C(=O)c1cccc2ccccc12,6.4,0.8696569066742004,0.8862911556327452,0.3235294117647059,
Cc1ccc2ccc(C(=N)N)cc2c1,6.6,0.5187029200366238,0.9077552800907487,0.3508771929824561,
CN(Cc1ccc2ccc(C(F)F)cc2c1)C1CC1,6.0,0.7894963217215794,0.8646339748285128,0.2608695652173913,
CN(Cc1ccc2ccc(C(=N)N)cc2c1)C1CC1,6.5,0.6499584687502221,0.8726130749736506,0.43548387096774194,
CN(CC(=N)c1ccc2ccccc2c1)C1CC1,7.0,0.812898231370029,0.8566148772527836,0.2835820895522388,
Cc1ccc2ccc(C(=N)N)cc2c1,6.8,0.5187029200366238,0.9077552800907487,0.3508771929824561,
N=C(N)c1ccc2ccc(CC3CC3)cc2c1,7.5,0.6106105421607084,0.8852610849236989,0.3770491803278688,
CN(Cc1ccc2ccc(C(=N)c3ccc4ccc(N)cc4c3)cc2c1)C1CC1,7.9,0.35094206648774917,0.8309971732755225,0.32857142857142857,
CC(=O)c1cccc2ccccc12,5.9,0.601009735328557,0.9521573758941452,0.32142857142857145,
CN(CC1CC1)C1CC1,3.3,0.552098738516386,0.8687434692826306,0.045454545454545456,
CN(Cc1ccc2ccc(C3CC3)cc2c1)C1CC1,6.1,0.7822854381113414,0.882275188611236,0.2318840579710145,
CN(Cc1ccc(C(=N)C(=N)N)c(Cl)c1)C1CC1,6.4,0.5634070963301137,0.8008322603598729,0.2328767123287671,
CN(N)C1CC1,3.4,0.3579976224825941,0.7809266912160676,0.06557377049180328,
CCc1ccc2ccc(C(=N)N)cc2c1,7.1,0.5653832507605874,0.901545038081616,0.42857142857142855,
CCc1ccc2ccc(C(=N)N)cc2c1,6.3,0.5653832507605874,0.901545038081616,0.42857142857142855,
N=C(c1cccc(F)c1)c1ccc2ccc(CC(CCNC(=O)c3cccc4ccccc34)C(=N)N)cc2c1,7.2,0.1333645111182179,0.7578800084613557,0.4230769230769231,
CC(=N)c1ccc2ccc(CN(C)C3CC3)cc2c1,6.6,0.8227659234480801,0.854354729545494,0.3333333333333333,
COc1ccc2ccc(N(Cc3ccc4ccc(C(=N)N)cc4c3)C3CC3)cc2c1,8.2,0.33679538234837975,0.8471489198368817,0.3888888888888889,
CN(Cc1ccc2ccc(C(=N)c3ccc4ccc(CN(C)C5CC5)cc4c3)cc2c1)C1CCC1,7.5,0.28672865326829716,0.8119119588353738,0.3283582089552239,
CN(N)C1CC1,3.5,0.3579976224825941,0.7809266912160676,0.06557377049180328,
CCN(C)C1CC1,3.4,0.500808944313155,0.864250370728094,0.046875,
CN(Cc1ccc2ccc(CN3CNC3=O)cc2c1)C1CC1,6.2,0.9203414915446395,0.8335132777729,0.22666666666666666,
N=C(N)c1ccc2ccc(CNC3CC3)cc2c1,7.2,0.5663606965568742,0.8855708350205062,0.359375,
CN(C1CC1)N(C)C1CC1,3.4,0.5413793643355769,0.769365468134016,0.05,
CCN(C)Cc1ccc2ccccc2c1,5.7,0.7328503546655766,0.9264382402283068,0.3,
CN(C(=N)N)C1CC1,4.2,0.37049658445224165,0.7884409547513338,0.1111111111111111,
CC(CCN(C)Cc1ccc2ccccc2c1)Cc1ccc2ccc(C=N)cc2c1,5.9,0.33111183619987833,0.7850653792870921,0.3333333333333333,
CF,1.5,0.3673293108901918,0.703430914988529,0.018518518518518517,
N=C(N)Cc1ccc2ccc(C(=N)N)cc2c1,7.6,0.4717975387308959,0.8575843459711621,0.40350877192982454,
CCN(C)C1CC1,3.7,0.500808944313155,0.864250370728094,0.046875,
N=C(N)c1ccc2ccc(CCc3ccc4ccc(C5CC5)cc4c3)cc2c1,8.5,0.33405470617866234,0.8621380031096566,0.35384615384615387,
CC(C)CCc1ccc2ccc(N(C)C3CC3)cc2c1,5.7,0.7343373159478043,0.8732625917208536,0.2753623188405797,
CC(C=N)CCN(C)CN(C)Cc1ccc2ccccc2c1,5.5,0.5925893380314932,0.752143934235797,0.3382352941176471,
NC(F)F,3.1,0.4013213911056406,0.7953143196232157,0.03571428571428571,
C[C@@H]1CC[C@@H](C(=N)C(=N)N)C[C@@H]1CN(C)C1CC1,5.7,0.5159067311220723,0.6481768770786478,0.10256410256410256,
CN(C)C1CC1,2.7,0.45300510963035984,0.8944672040365802,0.03278688524590164,
Cc1ccc2ccc(C(=N)N)cc2c1,6.5,0.5187029200366238,0.9077552800907487,0.3508771929824561,
CCN(Cc1ccccc1)C(=O)c1cccc2ccccc12,5.5,0.6921047300596627,0.9294026665091637,0.4576271186440678,
CC(C)CCN(Cc1ccc2ccc(NC3CC3)cc2c1)C(=O)c1cccc2ccccc12,6.8,0.3152571704455801,0.8586849220812707,0.6615384615384615,
CN(C(=N)N)C1CC1,4.6,0.37049658445224165,0.7884409547513338,0.1111111111111111,
N=C(N)C(=O)c1cccc2ccccc12,6.2,0.4397453773594807,0.8826915582281362,0.3508771929824561,
CC(C)CCNCc1ccc2ccc(Cc3ccc4ccc(C(=N)c5ccccc5)cc4c3)cc2c1,6.8,0.1654828392770421,0.8345145092049323,0.37142857142857144,
CC(CCNC(=O)c1cccc2ccccc12)Cc1ccc2ccc(C(=N)N)cc2c1,6.6,0.28690040685992024,0.8125911420223113,0.5757575757575758,
CN(c1cccc(F)c1)C1CC1,5.2,0.6501514482961831,0.8954450324154463,0.11428571428571428,
CC(C)CCc1ccc2ccc(C(=N)N)cc2c1,6.9,0.6208548148575684,0.8880426962573087,0.5178571428571429,
CC(C)Cc1ccc2ccc(C(=N)N)cc2c1,6.8,0.6118514705037876,0.8915110235489035,0.48214285714285715,
CC(C(=N)N)C(=N)c1ccc2ccc(CN(C)C3CC3)cc2c1,7.2,0.5649591325674774,0.7544460332182168,0.37681159420289856,
CN(c1ccc2ccc(C(=N)N)cc2c1)C(CCCCl)N(C)C1CC1,6.3,0.32435974252219196,0.7377161137786309,0.3157894736842105,
CN(CN)C1CC1,3.6,0.49468867459604626,0.784312763890487,0.0625,
N=C(N)c1ccc2ccc(CN(Cc3ccc4ccc(C(=N)N)cc4c3)C(=O)c3cccc4ccccc34)cc2c1,10.6,0.13687933230572455,0.8232590561313378,0.7924528301886793,
N=C(N)c1ccc2ccc(C(=N)N)cc2c1,7.3,0.4466353802417903,0.875290029545601,0.36538461538461536,
CN(Cc1ccc2ccc(N)cc2c1)C1CC1,6.2,0.8150976165047928,0.885574866974981,0.2537313432835821,
CCN(C)C1CC1,3.0,0.500808944313155,0.864250370728094,0.046875,
N=C(N)c1ccc2ccc(CN)cc2c1,7.1,0.5070598581179698,0.8884955875321654,0.4107142857142857,
CNCc1ccc2ccc(C(=N)N(CCCCO)C3CC3)cc2c1,6.4,0.39694442905808525,0.8275720212761216,0.27631578947368424,
CNCc1ccc2ccc(C(=N)N)cc2c1,6.8,0.5379007193348958,0.887450169405741,0.4067796610169492,
CN(C)C1CC1,3.4,0.45300510963035984,0.8944672040365802,0.03278688524590164,
CN(Cc1ccc2ccc(C(=N)N)cc2c1)C1CC1,6.8,0.6499584687502221,0.8726130749736506,0.43548387096774194,
CC(C)Cc1ccc(F)cc1-c1ccc2ccc(N(C)C3CC3)cc2c1,7.3,0.5129401187436241,0.8536164868866626,0.18292682926829268,
Cc1ccc2ccc(CN(C)C3CC3)cc2c1,5.6,0.7687945219425377,0.9010136490262628,0.23880597014925373,
CN(C)Cc1ccc2ccc(C(=N)N)cc2c1,6.9,0.6235104421415287,0.8867555407338461,0.48214285714285715,
CN(CC#N)Cc1ccc2ccc(-c3ccc4ccc(C(=N)N)cc4c3)cc2c1,7.8,0.29453232241145894,0.8418603799483678,0.42424242424242425,
CN(CCN(C)C1CC1)C1CC1,4.2,0.6079055473088272,0.8504053179632317,0.06451612903225806,
N=C(N)c1ccc2ccc(-c3ccc4ccc(CNC5CC5)cc4c3)cc2c1,7.9,0.33632003294659774,0.8661630743347278,0.3582089552238806,
CC(C)CCCN(C)C1CC1,3.4,0.5894187476554502,0.8795267530845694,0.13846153846153847,
NN,3.2,0.2606589485634476,0.6586309149885291,0.018867924528301886,
CN(C)C1CC1,3.4,0.45300510963035984,0.8944672040365802,0.03278688524590164,
N=C(N)C(=N)c1ccc2ccc(C(=O)CBr)cc2c1,7.4,0.3500003084225682,0.8052831877346196,0.296875,
N=C(N)c1ccc2ccc(CF)cc2c1,7.2,0.5703818908766297,0.8700505325871107,0.40350877192982454,
CN(Cc1ccc2ccc(CNC3CC3)cc2c1)C1CC1,5.6,0.8679634163779003,0.8794675464477076,0.22535211267605634,
N=C(c1ccc2ccccc2c1)c1cc2ccccc2o1,8.3,0.5115323684864674,0.8708728483501064,0.28125,
CN(Cc1ccc2ccccc2c1)C1CC1,6.2,0.7514514099718448,0.9185946510110922,0.2857142857142857,
CN(Cc1ccc2ccc(C(=N)N)cc2c1)C1CC1,6.3,0.6499584687502221,0.8726130749736506,0.43548387096774194,
CCCC1(C(N)=O)CCc2ccc3ccc(cc3c2)Cc2ccc3ccc(cc3c2)CN1C,7.5,0.42896873813550745,0.49695032616627327,0.18518518518518517,
CN(C(=N)N)C1CC1,4.8,0.37049658445224165,0.7884409547513338,0.1111111111111111,
NN,3.2,0.2606589485634476,0.6586309149885291,0.018867924528301886,
Cc1ccc2ccc(CN(C)C3CC3)cc2c1,6.4,0.7687945219425377,0.9010136490262628,0.23880597014925373,
CN(C(=N)N)C1CC1,4.3,0.37049658445224165,0.7884409547513338,0.1111111111111111,
CN(CCC(O)c1ccc2ccccc2c1)C(=O)c1cccc2ccccc12,6.5,0.5259168086664795,0.835219428278161,0.42424242424242425,
CCc1ccc2ccc(CN(Cc3ccc4ccccc4c3)c3ccccc3)cc2c1,7.8,0.2808843213134394,0.8820872696480426,0.296875,
CN(Cc1ccc2ccc(C(=N)c3ccc4ccccc4c3)cc2c1)C1CC1,7.4,0.4318267791206787,0.8510551920935122,0.3787878787878788,
CC(=N)N,3.9,0.29736356683097664,0.8003277811616774,0.1111111111111111,
CN(Cc1ccc2ccc(C(=N)N(Cc3ccc4ccc(C(=N)c5cccs5)cc4c3)C3CC3)cc2c1)C1CC1,7.6,0.1462085870252609,0.7734312157977645,0.2911392405063291,
CN(Cc1ccc2ccc(C(=N)N)cc2c1)C1CC1,6.4,0.6499584687502221,0.8726130749736506,0.43548387096774194,
CNCc1ccc2ccc(C(=N)N(CCC(F)(F)F)C3CC3)cc2c1,6.8,0.6027769019943247,0.8119470384181285,0.2727272727272727,
CNCc1ccc2ccc(C(=N)Cc3ccc4ccc(C(=N)c5ccc(F)cc5)cc4c3)cc2c1,8.9,0.22836487972627664,0.8113422726205984,0.25675675675675674,
CC1CC1,2.9,0.3934207493755274,0.9587811999650963,0.017241379310344827,
N=C(N)c1ccc2ccc(CN(NC3CC3)C3CC3)cc2c1,7.8,0.43589081801474083,0.8135872586307519,0.3880597014925373,
N=C(N)Cc1ccc2ccc(C(=N)N)cc2c1,7.2,0.4717975387308959,0.8575843459711621,0.40350877192982454,
CN(N)C1CC1,3.6,0.3579976224825941,0.7809266912160676,0.06557377049180328,
CN(Cc1ccc2ccc(C(=N)N)cc2c1)C1CC1,7.2,0.6499584687502221,0.8726130749736506,0.43548387096774194,
N=C1C(=O)CN(C2CC2)CCc2ccc3ccc1cc3c2,6.3,0.8714343371211914,0.6437252407566394,0.1518987341772152,
CN(CN(C)C1CC1)C1CC1,3.5,0.5600946575019866,0.7943888220500868,0.047619047619047616,
CCN(C)C1CC1,3.7,0.500808944313155,0.864250370728094,0.046875,
N=C(N)C(F)F,4.7,0.35331123708103235,0.7574779338196179,0.10526315789473684,
N=C(C=O)c1ccc2ccc(CN3CCOC[C@H]3c3cccc4ccccc34)cc2c1,9.0,0.3677473243732633,0.7625053992430508,0.3048780487804878,
CC(C)CC(=N)N,4.3,0.39396499159983106,0.8131950665551426,0.17543859649122806,
Cc1ccc2ccc(C(=N)N)cc2c1,6.2,0.5187029200366238,0.9077552800907487,0.3508771929824561,
CN(CCCc1ccc2ccc(C(=N)N)cc2c1)Cc1ccc2ccccc2c1,6.0,0.33520329565851115,0.8684850941899493,0.5161290322580645,
CN(C)C1CC1,3.2,0.45300510963035984,0.8944672040365802,0.03278688524590164,
CCc1ccc2ccc(C(=N)N)cc2c1,7.2,0.5653832507605874,0.901545038081616,0.42857142857142855,
CC(CCN(C)C(N)=O)c1ccc2ccc(N)cc2c1,7.4,0.8391026815506387,0.7964774375427786,0.2857142857142857,
CNCc1ccc2ccc(C(=N)N(Cc3ccc4ccc(C(=N)N)cc4c3)C(=O)c3cccc4ccccc34)cc2c1,10.5,0.12969834046299555,0.7955598429908233,0.6060606060606061,
CC,1.6,0.3727855551576051,0.805825786783401,0.018867924528301886,
CCc1ccc2ccc(C(=N)N)cc2c1,7.2,0.5653832507605874,0.901545038081616,0.42857142857142855,
CC(C)CCN(Cc1ccc2ccc(N(O)C3CC3)cc2c1)C(=O)c1cccc2ccccc12,6.6,0.291637514260814,0.8231213183940943,0.6615384615384615,
CN(Cc1ccc2ccc(C(=N)N)cc2c1)C1CC1,7.1,0.6499584687502221,0.8726130749736506,0.43548387096774194,
N=C(N)c1ccc2ccc(CC(F)C(=N)N)cc2c1,7.4,0.49740485623287933,0.7730267978691551,0.39344262295081966,
N=C(N)Cc1ccc2ccc(C(=N)N)cc2c1,7.6,0.4717975387308959,0.8575843459711621,0.40350877192982454,
N=C(N)c1ccc2ccc(CNC3CC3)cc2c1,7.1,0.5663606965568742,0.8855708350205062,0.359375,
CN(C)C1CC1,3.4,0.45300510963035984,0.8944672040365802,0.03278688524590164,
CN(Cc1ccc2ccc(C(=N)N)cc2c1)C1CC1,6.7,0.6499584687502221,0.8726130749736506,0.43548387096774194,
N=C(N)N(C=O)Cc1ccc2ccc(C3CCNCC3)cc2c1,8.7,0.45962793657873224,0.7992578185429229,0.27631578947368424,
CC(CCN(C)Cc1ccc2ccccc2c1)C(=N)N,6.4,0.6246008706640434,0.8128530319483731,0.45161290322580644,
CN(C)Cc1ccc2ccc(C(=N)N)cc2c1,6.9,0.6235104421415287,0.8867555407338461,0.48214285714285715,
N=C(N)c1ccc2ccc(C(=N)N)cc2c1,7.2,0.4466353802417903,0.875290029545601,0.36538461538461536,
N=C(N)N,3.8,0.2429555006684892,0.8121162427001389,0.09433962264150944,
CN(C=N)Cc1ccc2ccc(C(N)=O)cc2c1,6.7,0.6343671750587535,0.8303420808726931,0.3968253968253968,
CF,1.4,0.3673293108901918,0.703430914988529,0.018518518518518517,
Cc1ccc2ccc(C(=N)N)cc2c1,6.5,0.5187029200366238,0.9077552800907487,0.3508771929824561,
N=C(N)c1ccc2ccc(-c3ccc4ccccc4c3)cc2c1,8.4,0.3991158147643463,0.9010416963566514,0.4107142857142857,
CN(C(=O)CN(Cc1ccc2ccccc2c1)C1CC1)C1CC1,6.5,0.8161036357902215,0.8721340817668783,0.3,
Cc1ccc2ccc(C(=N)N)cc2c1,6.2,0.5187029200366238,0.9077552800907487,0.3508771929824561,
Cc1ccc2ccc(CN(C)C3CC3)cc2c1,5.6,0.7687945219425377,0.9010136490262628,0.23880597014925373,
CN(Cc1ccc2ccc(C(=N)N)cc2c1)C(=N)N,7.7,0.4926729079057647,0.8458382173204184,0.49122807017543857,
CC,1.6,0.3727855551576051,0.805825786783401,0.018867924528301886,
CC(=N)N,3.9,0.29736356683097664,0.8003277811616774,0.1111111111111111,
CNc1ccc2ccc(CN(C)C3CC3)cc2c1,6.4,0.8799058253346277,0.8812106540250311,0.22857142857142856,
N=C(N)c1ccc2ccc(CC(F)C(=N)N)cc2c1,7.4,0.49740485623287933,0.7730267978691551,0.39344262295081966,
CC(C)CCc1ccc2ccc(N)cc2c1,6.4,0.7658400209649678,0.9027527335083051,0.3114754098360656,
N=C(N)Cc1ccc2ccc(C(=N)N)cc2c1,7.1,0.4717975387308959,0.8575843459711621,0.40350877192982454,
CC(=N)N,3.9,0.29736356683097664,0.8003277811616774,0.1111111111111111,
N=C(N)c1ccc2ccc(CN)cc2c1,7.1,0.5070598581179698,0.8884955875321654,0.4107142857142857,
NN1C(=O)CCc2ccc3ccc1cc3c2,5.9,0.5359248648646522,0.6653256229119971,0.14084507042253522,
CN(CC1CC1)C1CC1,3.7,0.552098738516386,0.8687434692826306,0.045454545454545456,
CN(N)C1CC1,3.6,0.3579976224825941,0.7809266912160676,0.06557377049180328,
CC(C)Cc1cccc(-c2ccc3ccc(CN(C)C4CC4)cc3c2)c1,6.4,0.5074846491749649,0.8788930966892998,0.3055555555555556,
CC(=N)c1ccc2ccc(CN(C)C3CC3)cc2c1,6.6,0.8227659234480801,0.854354729545494,0.3333333333333333,
CC(=N)c1ccc2ccc(CN(C)C3CC3)cc2c1,6.7,0.8227659234480801,0.854354729545494,0.3333333333333333,
CCN(C)C,3.0,0.43830841291192973,0.9051450981606557,0.05263157894736842,
CN(CN1Cc2ccc3ccc(cc3c2)C(=N)CC1=O)C1CC1,6.7,0.9473542931119717,0.6116897050698931,0.18292682926829268,
N=C(N)C1CC1,4.3,0.3489032007953652,0.8147615630109394,0.08333333333333333,
CCCCCN(C)C1CC1,3.3,0.5308207472471342,0.8981592441585613,0.058823529411764705,
Fc1cc(Cl)ccc1C(F)NC1CC1,5.8,0.7671390847644509,0.7787647938897708,0.06493506493506493,
CN(Cc1ccc2ccc(C(=N)C3CC3)cc2c1)Cc1ccccc1F,7.6,0.5954140968608095,0.8443955914917947,0.32432432432432434,
O=C(c1cccc2ccccc12)C1CC1,6.3,0.6723484288773661,0.9320625693875196,0.2786885245901639,
CN(CCCO)Cc1ccc2ccc(CN(C)Cc3ccc4ccccc4c3)cc2c1,6.4,0.3965400309787513,0.8639713833604173,0.328125,
CCC(C)C(=N)N,5.2,0.39396499159983106,0.763321673557064,0.1724137931034483,
CCc1ccc2ccc(C(=N)N)cc2c1,7.3,0.5653832507605874,0.901545038081616,0.42857142857142855,
CC(CCN(C)C1CC1)C(=N)N,4.4,0.4770835270456429,0.7494725704913537,0.19696969696969696,
N=C(N)c1ccc2ccc(N)cc2c1,6.9,0.35910132453214755,0.8887537021814784,0.3333333333333333,
CN(Cc1ccc2ccc(C(=N)N(Cc3ccc4ccc(C(=N)c5ccco5)cc4c3)C(=O)c3cccc4ccccc34)cc2c1)C1CC1,10.5,0.12180033408227005,0.7537077825906875,0.4375,
CN(C1CC1)C1CC1,3.2,0.5179763678995338,0.8511325298429089,0.03278688524590164,
CCc1ccc2ccc(C(=N)O)cc2c1,6.2,0.565383214435278,0.8808673824039605,0.31666666666666665,
N=C(N)c1ccc2ccc(N(CCCO)Cc3ccc4ccc(-c5ccccc5)cc4c3)cc2c1,8.1,0.18740301772249265,0.8422745561204417,0.4225352112676056,
CN(C(=N)N)C1CC1,4.7,0.37049658445224165,0.7884409547513338,0.1111111111111111,
CN(Cc1ccc2ccccc2c1)Cc1ccc2ccc(CN(C)C3CC3)cc2c1,7.2,0.36708947846175105,0.8688118154016217,0.2878787878787879,
Cc1ccc(CN(C)c2ccc3ccc(C(=N)N)cc3c2)cc1,8.4,0.563687100199175,0.8830602356130323,0.38461538461538464,
CC(C)CC(F)F,3.6,0.5087757373776445,0.8280312656501653,0.0847457627118644,
O=CNc1cccc2ccccc12,5.9,0.6905142665107695,0.9152624749202969,0.19047619047619047,
CC(=N)c1ccc2ccc(CN(C)C3CC3)cc2c1,6.6,0.8227659234480801,0.854354729545494,0.3333333333333333,
Cc1ccc2ccc(C(=N)N)cc2c1,6.6,0.5187029200366238,0.9077552800907487,0.3508771929824561,
CN(Cc1ccc2ccc(C(=N)c3ccccc3)cc2c1)C1CC1,6.8,0.6696404208701376,0.8627777003370437,0.35294117647058826,
N=C(N)c1ccc2ccccc2c1,7.2,0.49955215637994205,0.9286313883681577,0.39622641509433965,
CN(Cc1ccc2ccc(C(=N)N)cc2c1)c1ccccc1OC1CC1,8.7,0.5170336810698197,0.8525338451300483,0.4084507042253521,
CC,1.6,0.3727855551576051,0.805825786783401,0.018867924528301886,
c1cc2ccc3cc2cc1CC3,4.7,0.5469607763108971,0.7308391440837162,0.13559322033898305,
N=C(N)c1ccc2ccccc2c1,7.2,0.49955215637994205,0.9286313883681577,0.39622641509433965,
CC(C)CCN(C)Cc1ccc2ccccc2c1,6.7,0.7533392693995886,0.9138655559858153,0.43103448275862066,
CN(Cc1ccc2ccc(C3CCN(C=O)C3=O)cc2c1)C1CC1,6.8,0.7948623639741097,0.7619456871015724,0.2125,
CCN(C)C(=O)c1cccc2ccccc12,6.0,0.7507257880249547,0.924541451457023,0.3728813559322034,
Cc1ccc2ccc(-c3ccccc3)cc2c1,6.6,0.5492482044587157,0.9507022772313911,0.19047619047619047,
N=C(N)Cc1ccc2ccc(C(=N)N)cc2c1,7.6,0.4717975387308959,0.8575843459711621,0.40350877192982454,
CN(CN(Cc1ccc2ccc(C=N)cc2c1)C1CC1)C1CC1,7.4,0.6218329637471309,0.7921215373881803,0.22666666666666666,
CC(=N)c1ccc2ccc(CN(C)C3CC3)cc2c1,6.7,0.8227659234480801,0.854354729545494,0.3333333333333333,
N=C(N)c1ccc2ccc(CN)cc2c1,7.1,0.5070598581179698,0.8884955875321654,0.4107142857142857,
CC(O)CCNc1ccc2ccc(C(=N)N)cc2c1,6.7,0.48979410058658435,0.8180943818816593,0.36923076923076925,
Cc1ccc2ccc(C(=N)N)cc2c1,6.6,0.5187029200366238,0.9077552800907487,0.3508771929824561,
CC(=N)c1ccc2ccc(CN(C)C3CC3)cc2c1,6.6,0.8227659234480801,0.854354729545494,0.3333333333333333,
Cc1ccc2ccc(CN(C)C)cc2c1,5.4,0.7175508428470774,0.919130386066964,0.26229508196721313,
CN(Cc1ccc2ccc(C(=N)c3cccc(F)c3)cc2c1)C1CC1,7.5,0.6548582636849366,0.8489039495616899,0.3333333333333333,
Cc1ccc2ccc(C(=N)N)cc2c1,6.6,0.5187029200366238,0.9077552800907487,0.3508771929824561,
N=C(N)C1CC1,4.1,0.3489032007953652,0.8147615630109394,0.08333333333333333,
CN(C1CC1)N(Cc1ccc2ccc(CC(=O)N(F)F)cc2c1)C1CC1,6.6,0.5531449288727849,0.7633725780937812,0.25675675675675674,
Cc1cc(-c2ccc3ccc(C(=N)N)cc3c2)nc(C(=N)N)n1,8.8,0.43672899338009735,0.8227136897550442,0.3181818181818182,
CC(C)CN(C)C1CC1,3.3,0.557868625186951,0.8716463120919951,0.1111111111111111,
CCc1ccc2ccc(C(=N)N)cc2c1,6.5,0.5653832507605874,0.901545038081616,0.42857142857142855,
CN(Cc1ccc2ccc(CC(=O)C3CC3)cc2c1)C1CC1,6.0,0.8033486075072404,0.8667971841890645,0.2714285714285714,
N=C(N)c1ccc2ccc(CC(=N)c3ccc4ccc(CNC5CC5)cc4c3)cc2c1,9.0,0.252991435287279,0.8247527143889395,0.32857142857142857,
CN(C(=N)N)C1CC1,3.9,0.37049658445224165,0.7884409547513338,0.1111111111111111,
CCCCNCc1ccc2ccc(C(=N)N)cc2c1,6.2,0.42192134470631826,0.8890683510043983,0.36923076923076925,
CN(Cc1ccc2ccc(C(=N)N)cc2c1)C1CC1,6.3,0.6499584687502221,0.8726130749736506,0.43548387096774194,
CN(Cc1ccc2ccc(C(=N)N)cc2c1)C1CC1,7.3,0.6499584687502221,0.8726130749736506,0.43548387096774194,
N=c1c2ccc3ccc(cc3c2)c(=O)c2ccc3ccc1cc3c2,7.9,0.446904105715706,0.6474534529497987,0.16393442622950818,
N=C(N)c1ccc2ccc(CN(CCc3cccc4ccccc34)C(=O)O)cc2c1,6.8,0.31581783327559665,0.8582041971177404,0.5873015873015873,
CN(CC#N)Cc1ccc2ccc(-c3ccc4ccc(CN(C)C5CC5)cc4c3)cc2c1,7.3,0.33367783596577066,0.8344174615472372,0.22666666666666666,
N=C(N)c1ccc2ccc(N)cc2c1,7.0,0.35910132453214755,0.8887537021814784,0.3333333333333333,
CN,2.0,0.3846582089034356,0.7782360431936574,0.03773584905660377,
CCc1ccc2ccc(C(=N)N)cc2c1,7.0,0.5653832507605874,0.901545038081616,0.42857142857142855,
N=C(N)N,3.8,0.2429555006684892,0.8121162427001389,0.09433962264150944,
N=C(N)C(=N)CN(Cc1ccc(Cl)cc1)C1CC1,5.9,0.5444271717818382,0.8161438642321909,0.1780821917808219,
CC(=N)N,3.9,0.29736356683097664,0.8003277811616774,0.1111111111111111,
N=C(N)c1ccc2ccc(CC(F)C(=N)N)cc2c1,7.5,0.49740485623287933,0.7730267978691551,0.39344262295081966,
CN,2.0,0.3846582089034356,0.7782360431936574,0.03773584905660377,
CC(Cc1ccc2ccccc2c1)NCC(=O)NCc1ccc2ccc(C(=N)N)cc2c1,7.0,0.25335238575524055,0.8095324120470928,0.463768115942029,
CN(C)CN(C)C1CC1,3.2,0.5134953893616852,0.7924924659381488,0.046875,
CC(C)CCCC(C)C,3.3,0.5435567265945545,0.9195051749682494,0.12727272727272726,
CN(Cc1ccc2ccc(C(=N)N(C)C3CC3)cc2c1)C1CCCC1,6.2,0.6374834020897981,0.8279145671131525,0.30985915492957744,
Cc1ccc2ccc(C(=N)N)cc2c1,6.6,0.5187029200366238,0.9077552800907487,0.3508771929824561,
CC(C)CCN(C)C1CC1,4.1,0.5794342672036432,0.8796554089624183,0.16129032258064516,
CN(N)Cc1ccc2ccc(C(=N)N)cc2c1,6.6,0.3216372306568573,0.8429067682297544,0.47368421052631576,
N=C(N)c1ccc2ccc(CC3CCNC3)cc2c1,7.8,0.5802381503886558,0.8088697295528561,0.3382352941176471,
CCN(C)CCC(C)C,3.7,0.560789449615798,0.8840128672759415,0.1694915254237288,
CN(C)CC(=N)N,4.8,0.36316192699575806,0.7910267407632874,0.15517241379310345,
CC(CC1CC1)CN(C)Cc1ccc2ccccc2c1,6.3,0.7324921538445183,0.8340721277648373,0.3088235294117647,
CC(C)CCCN(C)C1CC1,3.7,0.5894187476554502,0.8795267530845694,0.13846153846153847,
CN(C(F)F)C1CC1,3.4,0.4976105569699129,0.7735094162897952,0.046153846153846156,
N=C(N)c1ccc2ccc(CN(CCO)C3CC3)cc2c1,7.0,0.5611449321408662,0.8580336003373209,0.4153846153846154,
CC(CCN(C)CCN=C(O)CO)c1ccc2ccc(O)cc2c1,6.6,0.5136987282638779,0.7429461733580729,0.2,
CNCC(=N)c1ccc2ccc(C)cc2c1,6.7,0.7539222242283894,0.8469691437647151,0.24615384615384617,
CC(C)CCc1ccc2ccc(C(=N)c3ccc4ccc(CNC5CC5)cc4c3)cc2c1,7.5,0.2893418313614508,0.8332350200756652,0.3380281690140845,
CC(=N)c1ccc2ccc(CN(C)C3CC3)cc2c1,6.6,0.8227659234480801,0.854354729545494,0.3333333333333333,
CN(CCc1ccc2ccc(C(=N)N)cc2c1)N(C)CC(F)(F)F,7.4,0.4835794423588896,0.801796065828854,0.3880597014925373,
CN(c1ccc2ccc(C(=N)N)cc2c1)C1CC1,6.9,0.6388756485585486,0.8618900808726931,0.3230769230769231,
CC(=N)N,3.9,0.29736356683097664,0.8003277811616774,0.1111111111111111,
N=C(N)c1ccc2ccc(N)cc2c1,6.4,0.35910132453214755,0.8887537021814784,0.3333333333333333,
N=C(N)c1ccc2ccc(CN(c3ccc4ccccc4c3)C3CC3)cc2c1,8.5,0.3650832682603305,0.8582833022549559,0.46153846153846156,
N=C(N)c1ccc2ccc(Cc3ccccc3Cl)cc2c1,7.9,0.546821715227873,0.8948113926015537,0.3968253968253968,
CN(Cc1ccc2ccc(C(=N)N)cc2c1)C1CC1,6.7,0.6499584687502221,0.8726130749736506,0.43548387096774194,
CN(Cc1ccc2ccc(N)cc2c1)C1CC1,6.6,0.8150976165047928,0.885574866974981,0.2537313432835821,
N=C(N)C1CC1,4.1,0.3489032007953652,0.8147615630109394,0.08333333333333333,
CN(CC(=N)N)C1CC1,4.1,0.41445802561327105,0.8026590211220953,0.12307692307692308,
CCCCN(Cc1ccc2ccc(C(=N)c3ccc4ccc(CC(C)C)cc4c3)cc2c1)C(=O)c1cccc2ccccc12,7.8,0.16203392824315513,0.8074005117747218,0.6615384615384615,
CN(Cc1ccc2ccc(C(=N)N)cc2c1)C1CC1,6.3,0.6499584687502221,0.8726130749736506,0.43548387096774194,
CC(C)CCCNCc1ccc2ccccc2c1,6.1,0.7406592843953171,0.9208165305768353,0.3125,
N=Cc1ccc2ccc(Cc3ccc4ccc(C(=N)N)cc4c3)cc2c1,9.0,0.3607434801479099,0.8371865353587385,0.36507936507936506,
CC(C)CCc1ccc2ccc(N)cc2c1,6.2,0.7658400209649678,0.9027527335083051,0.3114754098360656,
NC(=O)Cc1ccc2ccc(CN(C3CC3)C3CC3)cc2c1,7.3,0.8899655623861732,0.8565118243875757,0.30303030303030304,
CCC(C)C,3.1,0.44444083512699417,0.9241423009578588,0.09090909090909091,
CCc1ccc2ccc(C(=N)N)cc2c1,7.1,0.5653832507605874,0.901545038081616,0.42857142857142855,
CN(Cc1ccc2ccc(C(=N)N)cc2c1)C1CC1,7.2,0.6499584687502221,0.8726130749736506,0.43548387096774194,
CN(C(=N)N)C1CC1,5.1,0.37049658445224165,0.7884409547513338,0.1111111111111111,
N=C(N)c1ccc2ccc(C(=N)N)cc2c1,7.3,0.4466353802417903,0.875290029545601,0.36538461538461536,
CCOC(=O)c1cccc2ccccc12,6.0,0.6963722635983801,0.9531069343249077,0.3114754098360656,
CCN(C)Cc1ccc2ccccc2c1,5.8,0.7328503546655766,0.9264382402283068,0.3,
CC,1.6,0.3727855551576051,0.805825786783401,0.018867924528301886,
CNc1cccc2ccccc12,6.0,0.6707627356838105,0.944112378402792,0.2,
Cc1ccc2ccc(C(=N)N)cc2c1,6.5,0.5187029200366238,0.9077552800907487,0.3508771929824561,
CC(C)CCC(C)CCN(Cc1ccc2ccc(C(=N)N)cc2c1)C(=O)c1cccc2ccccc12,7.8,0.18392643927260274,0.785106485739282,0.8947368421052632,
CC(C=N)CCN(C)Cc1ccc2ccccc2c1,6.4,0.7764539961007352,0.7937748473979739,0.35384615384615387,
Cc1ccc2ccc(CN(C)C3CC3)cc2c1,5.6,0.7687945219425377,0.9010136490262628,0.23880597014925373,
N=Cc1ccc2ccc(Cc3ccc(-c4ccc5ccccc5c4)cc3C3CC3)cc2c1,9.5,0.2823217752804772,0.83557397261249,0.21518987341772153,
Cc1ccc2ccc(C(=N)N)cc2c1,6.6,0.5187029200366238,0.9077552800907487,0.3508771929824561,
CC(=N)N,3.9,0.29736356683097664,0.8003277811616774,0.1111111111111111,
N=C(N)c1ccc2ccc(CCNC3CC3)cc2c1,7.0,0.5658234787952546,0.8795449891810365,0.3484848484848485,
Cc1ccc2ccc(CN(C)C)cc2c1,5.8,0.7175508428470774,0.919130386066964,0.26229508196721313,
CN(Cc1ccc2ccc(C(=N)N)cc2c1)C1CC1,6.8,0.6499584687502221,0.8726130749736506,0.43548387096774194,
Cc1ccnc(C(=N)N)c1,5.8,0.4389202951917235,0.8592618082611254,0.16923076923076924,
CN(Cc1ccc2ccc(C(=N)N)cc2c1)C(=N)N,7.8,0.4926729079057647,0.8458382173204184,0.49122807017543857,
CC(C)CCN,3.7,0.5337290563406336,0.8718579732673495,0.14285714285714285,
Cc1ccc2ccc(C(F)Cc3ccc4ccc(C(=N)N)cc4c3)cc2c1,8.9,0.35020714086093513,0.7981236916649864,0.36764705882352944,
N=C(C(=N)c1ccccc1Br)c1ccc2ccc(CNC3CC3)cc2c1,7.6,0.4788828280529698,0.8238918492880525,0.2972972972972973,
CN(C)Cc1ccc2ccccc2c1,5.7,0.6950281447674218,0.939417627230788,0.3157894736842105,
CC(CCN(C)O)C(=N)N,4.5,0.30181975466560523,0.684954036848433,0.21311475409836064,
N=C(Cc1ccccc1)c1ccc2ccc(CNCc3ccc4ccccc4c3)cc2c1,7.7,0.27940060658978255,0.8618233601566367,0.31343283582089554,
N=C(N)C1CC1,4.3,0.3489032007953652,0.8147615630109394,0.08333333333333333,
CC(=O)c1ccc2ccc(C(=N)N)cc2c1,7.3,0.4554776877436369,0.8996106589162304,0.39285714285714285,
N=C1CC(=N)c2ccc3ccc(cc3c2)NCc2ccc3ccc1cc3c2,8.3,0.37209803894076,0.5642210505742613,0.13513513513513514,
Cc1ccc2ccc(C(=N)N)cc2c1,6.1,0.5187029200366238,0.9077552800907487,0.3508771929824561,
CN(N)Cc1ccc2ccc(C(=N)N)cc2c1,6.7,0.3216372306568573,0.8429067682297544,0.47368421052631576,
CN(Cc1ccc2ccc(C(=N)N)cc2c1)C1CC1,7.3,0.6499584687502221,0.8726130749736506,0.43548387096774194,
CC(C)CCc1ccc2ccc(C3CC3)cc2c1,6.0,0.6771800727608258,0.8980302618681684,0.2727272727272727,
COC1(c2ccc3ccc(C(=N)N)cc3c2)CC1,7.2,0.6398565803952357,0.8387230039496164,0.3230769230769231,
NN,3.2,0.2606589485634476,0.6586309149885291,0.018867924528301886,
CC(=N)N,3.9,0.29736356683097664,0.8003277811616774,0.1111111111111111,
N=C(N)c1ccc2ccc(CN(N)C3CC3)cc2c1,6.9,0.33758905511602794,0.830975339124594,0.41935483870967744,
CC(=N)N,3.9,0.29736356683097664,0.8003277811616774,0.1111111111111111,
N=C(N)c1ccc2ccc(Cc3ccc4ccccc4c3)cc2c1,8.4,0.41153792442483367,0.8917469534028185,0.4642857142857143,
c1cc2ccc3cc2cc1CN(C1CC1)C31CC1,5.6,0.7262564873310974,0.6462769467792582,0.12,
CC1CCN(Cc2ccc3ccccc3c2)C(=N)N1,7.2,0.8633848264758247,0.7822515477346743,0.21621621621621623,
CC(CCNCc1ccc2ccccc2c1)CN(C)C1CC1,6.0,0.7393395101362025,0.822661776608478,0.2702702702702703,
N=C(N)c1ccc2ccc(CC3CC3)cc2c1,7.4,0.6106105421607084,0.8852610849236989,0.3770491803278688,
CC(C)CCc1ccc2ccc(C(=N)N)cc2c1,6.8,0.6208548148575684,0.8880426962573087,0.5178571428571429,
N=C(N)c1ccc2ccc(CNC3CC3)cc2c1,7.2,0.5663606965568742,0.8855708350205062,0.359375,
NC1CC1,3.1,0.41922050844055486,0.9043538495377457,0.017241379310344827,
CN(C(F)F)C1CC1,3.6,0.4976105569699129,0.7735094162897952,0.046153846153846156,
N=Cc1ccc2ccc(CN(C3CC3)C3CC3)cc2c1,6.9,0.8129475345504504,0.8231601432920894,0.2318840579710145,
[N-]=CNNC(=O)Cc1ccc2ccc(C(=N)N)cc2c1,7.8,0.36652808474616533,0.8083466576549196,0.3939393939393939,
CN(Cc1ccc2ccc(C3CC3)cc2c1)C1CC1,6.4,0.7822854381113414,0.882275188611236,0.2318840579710145,
CN(Cc1ccc2ccc(N)cc2c1)C1CC1,6.2,0.8150976165047928,0.885574866974981,0.2537313432835821,
CN(Cc1ccc2ccc(C(=N)N)cc2c1)C1CC1,6.3,0.6499584687502221,0.8726130749736506,0.43548387096774194,
CCC(F)NC(=O)c1cccc2ccccc12,6.6,0.8068719021222276,0.8392696112318043,0.3076923076923077,
N=C(N)c1ccc2ccc(C(=N)N)cc2c1,7.3,0.4466353802417903,0.875290029545601,0.36538461538461536,
Cc1ccc2ccc(C(=N)Cc3ccc4ccc(-c5ccc(F)cc5)cc4c3)cc2c1,8.8,0.29706693540047274,0.8561197594287935,0.2777777777777778,
CCCC(C)C,2.8,0.4838902980848686,0.9007420758314522,0.125,
N=C(N)c1ccc2ccc(C(=N)N)cc2c1,7.2,0.4466353802417903,0.875290029545601,0.36538461538461536,
CN1Cc2ccc3ccc(cc3c2)-c2ccc(F)c1c2,6.3,0.5728472773293204,0.6761397096081839,0.13513513513513514,
CC(C)CCN,3.7,0.5337290563406336,0.8718579732673495,0.14285714285714285,
N=Cc1ccc2ccc(Cc3ccc4ccc(C(=N)N)cc4c3)cc2c1,8.7,0.3607434801479099,0.8371865353587385,0.36507936507936506,
CN(Cc1ccc2ccc(CNCc3ccc4ccccc4c3)cc2c1)C1CC1,7.4,0.43079068544940224,0.875796647734444,0.2753623188405797,
N=C(N)c1ccc2ccc(C3CC3)cc2c1,7.4,0.5806744903007856,0.8870248702604417,0.3064516129032258,
N=C(N)c1ccc2ccc(N(Cc3ccc4ccccc4c3)CC3CCC3)cc2c1,8.8,0.30783719470423354,0.8511447950656357,0.4142857142857143,
CN(CF)C1CC1,3.0,0.4712764849687532,0.7713324220101452,0.07936507936507936,
CC(C)CCN,3.9,0.5337290563406336,0.8718579732673495,0.14285714285714285,
CC(C)CN1CCC(=N)c2ccc3ccc(cc3c2)C1,6.3,0.8712803989196533,0.6555516972501442,0.2,
N=C(N)c1ccc2ccc(N)cc2c1,7.0,0.35910132453214755,0.8887537021814784,0.3333333333333333,
CN(Cc1ccc2ccc(-c3cccc(C=N)c3)cc2c1)C1CC1,6.9,0.6518143734827183,0.8483609779290169,0.2702702702702703,
CN(CF)Cc1ccc2ccc(C(=N)N)cc2c1,6.6,0.4937168708017153,0.8415279270265393,0.4745762711864407,
CN(Cc1ccc2ccc(CCC#N)cc2c1)C1CC1,5.8,0.8188541515458142,0.8627596034810233,0.2222222222222222,
N=C(N)c1ccc2ccc(F)cc2c1,7.4,0.5230680529440053,0.9020097179605711,0.3275862068965517,
N=C(N)c1ccc2ccc(C(=N)N)cc2c1,7.2,0.4466353802417903,0.875290029545601,0.36538461538461536,
O=C1Cc2ccc3ccc(cc3c2)[C@H]2CCN1C2,6.0,0.6895845916435487,0.6043066677791804,0.14473684210526316,
N=C(N)Cc1ccc2ccc(C(=N)N)cc2c1,7.3,0.4717975387308959,0.8575843459711621,0.40350877192982454,
CCOCc1ccc2ccc(C(=N)N)cc2c1,6.6,0.623993243370185,0.8873299951801091,0.39344262295081966,
CC(=N)N,3.9,0.29736356683097664,0.8003277811616774,0.1111111111111111,
CC(=N)N,3.9,0.29736356683097664,0.8003277811616774,0.1111111111111111,
CN(CC(=N)N)C1CC1,5.0,0.41445802561327105,0.8026590211220953,0.12307692307692308,
CC1CC1,2.4,0.3934207493755274,0.9587811999650963,0.017241379310344827,
CC(C)CN(C)C1CC1,3.3,0.557868625186951,0.8716463120919951,0.1111111111111111,
Cc1cccc(C(=N)c2ccc3ccc(CNCc4ccc5ccc(C(=N)N)cc5c4)cc3c2)c1,8.7,0.1712935820048906,0.828343948172769,0.3880597014925373,
CN(C)Cc1ccc2ccc(C(=N)N)cc2c1,6.9,0.6235104421415287,0.8867555407338461,0.48214285714285715,
CN(CC=N)C1CC1,3.8,0.5352703086636692,0.7466438851542642,0.05970149253731343,
COC(=N)c1ccc2ccc(C(=O)N(C)CN(C)C3CC3)cc2c1,6.8,0.522291721044501,0.8106850886009538,0.273972602739726,
CCCc1ccc2ccc(CN(C)C3CC3)cc2c1,5.7,0.7637405008274694,0.8917766131126607,0.23529411764705882,
CN(Cc1ccc2ccc(C(=N)N)cc2c1)C1CC1,6.5,0.6499584687502221,0.8726130749736506,0.43548387096774194,
CN(Cc1ccc2ccc(C(=N)c3ccc4ccc(C=N)cc4c3)cc2c1)C1CC1,8.5,0.38910100889270083,0.8039981148279369,0.3013698630136986,
N=C(N)c1ccc2ccccc2c1,7.2,0.49955215637994205,0.9286313883681577,0.39622641509433965,
CCN(C)Cc1ccc2ccccc2c1,5.8,0.7328503546655766,0.9264382402283068,0.3,
CCN(C)Cc1ccc2ccccc2c1,5.9,0.7328503546655766,0.9264382402283068,0.3,
CN(C)Cc1ccc(-c2ccc3ccc(C(=N)c4ccc5ccc(CN(C)C6CC6)cc5c4)cc3c2)cn1,7.1,0.23153981945726046,0.8027211114970102,0.2875,
CC(=N)N,3.9,0.29736356683097664,0.8003277811616774,0.1111111111111111,
C1CC1C1CC1,3.7,0.45222969797823714,0.9060916912160675,0.0,
CCCCC(=N)c1ccc2ccc(C)cc2c1,6.2,0.7287964441895534,0.8687001874878015,0.23880597014925373,
N=C(N)c1ccc2ccc(C3CC3)cc2c1,7.5,0.5806744903007856,0.8870248702604417,0.3064516129032258,
N=C(N)c1ccc2ccc(C(=N)N)cc2c1,7.3,0.4466353802417903,0.875290029545601,0.36538461538461536,
CN(C)Cc1ccc2ccc(C(=N)c3ccc(Br)cc3)cc2c1,7.1,0.6399627349069961,0.863206744488772,0.3384615384615385,
CCOc1ccc2ccc(SCCCN(C)C)cc2c1,5.7,0.5573462846563245,0.8818065670437765,0.15789473684210525,
CCc1ccc2ccc(C(=N)N)cc2c1,6.5,0.5653832507605874,0.901545038081616,0.42857142857142855,
CN(N)C1CC1,3.5,0.3579976224825941,0.7809266912160676,0.06557377049180328,
CCc1ccc2ccc(C(=N)N)cc2c1,6.5,0.5653832507605874,0.901545038081616,0.42857142857142855,
CN(Cc1ccc2ccc(C(=N)N)cc2c1)C1CC1,7.0,0.6499584687502221,0.8726130749736506,0.43548387096774194,
CN(Cc1ccc2ccc(C3CC3)cc2c1)C1CC1,6.3,0.7822854381113414,0.882275188611236,0.2318840579710145,
CC(=N)c1ccc2ccc(CN(C)C3CC3)cc2c1,6.6,0.8227659234480801,0.854354729545494,0.3333333333333333,
CN(CN)C1CC1,3.6,0.49468867459604626,0.784312763890487,0.0625,
CN(CCN(CCO)C1CC1)Cc1ccc2ccccc2c1,6.4,0.8115807419224513,0.8702734731330953,0.28169014084507044,
CN(CC1CC1)C1CC1,3.8,0.552098738516386,0.8687434692826306,0.045454545454545456,
CN(C1CC1)C1CC1,3.5,0.5179763678995338,0.8511325298429089,0.03278688524590164,
CCN(C)C1CC1,3.7,0.500808944313155,0.864250370728094,0.046875,
CN(Cc1ccc2ccc(C(=N)N)cc2c1)C(=N)N,7.7,0.4926729079057647,0.8458382173204184,0.49122807017543857,
CN(CCC(=N)N)C1CC1,4.2,0.4397718003363942,0.8255346989032467,0.13636363636363635,
N=C(N)c1ccc2ccc(CN(N)C3CC3)cc2c1,6.8,0.33758905511602794,0.830975339124594,0.41935483870967744,
CC(C)CCN(Cc1ccc2ccc(N(C)Cc3ccc4ccc(C(=N)O)cc4c3)cc2c1)C(=O)c1cccc2ccccc12,7.7,0.12283435908605041,0.798200681857349,0.734375,
CN(CC(=O)C(=N)c1ccc2ccc(CNC3CC3)cc2c1)C1CC1,6.3,0.7288860238221428,0.8149782631354401,0.2857142857142857,
Cc1ccc2ccc(CN(C)C3CC3)cc2c1,5.7,0.7687945219425377,0.9010136490262628,0.23880597014925373,
N=C(N)c1ccc2ccc(CN)cc2c1,6.9,0.5070598581179698,0.8884955875321654,0.4107142857142857,
CC(F)F,2.7,0.39915452119348377,0.8289720119309083,0.05454545454545454,
CN(Cc1ccc2ccc(C(=N)N)cc2c1)C1CC1,6.8,0.6499584687502221,0.8726130749736506,0.43548387096774194,
CN(C(=N)N)C1CC1,4.9,0.37049658445224165,0.7884409547513338,0.1111111111111111,
CC(CCN(C)C1CC1)C(=N)N,5.1,0.4770835270456429,0.7494725704913537,0.19696969696969696,
N=C(N)c1ccc2ccc(N)cc2c1,7.1,0.35910132453214755,0.8887537021814784,0.3333333333333333,
N=C(N)c1ccc2ccc(C3CC3)cc2c1,7.5,0.5806744903007856,0.8870248702604417,0.3064516129032258,
CCCCc1ccc2ccc(Cc3ccc4ccc(C(=N)N)cc4c3)cc2c1,8.4,0.3091798435852541,0.8688153060536261,0.4032258064516129,
CC(C)CCN(C)C1CC1,3.5,0.5794342672036432,0.8796554089624183,0.16129032258064516,
CCCCc1ccc2ccc(N(C)C3CC3)cc2c1,5.6,0.7408309725528667,0.8839424250784725,0.20833333333333334,
CCCC(=O)CN(C1CC1)N(C)C1CC1,3.9,0.5989266973236619,0.7646838842354622,0.09722222222222222,
CC(C)Cc1ccc2ccc(C(=N)N)cc2c1,7.2,0.6118514705037876,0.8915110235489035,0.48214285714285715,
CC(C)CCN(C)C1CC1,3.7,0.5794342672036432,0.8796554089624183,0.16129032258064516,
CON1c2ccc(C(=N)CN(C)C3CC3)c1c2,4.9,0.7892949559496526,0.6757836946722288,0.1375,
CN(CCN(C)C1CC1)C1CC1,3.6,0.6079055473088272,0.8504053179632317,0.06451612903225806,
COc1ccc2ccc(CN3CCCC(N(C)C4CC4)CC3)cc2c1,6.2,0.8083854584265225,0.824378367587624,0.17073170731707318,
Cc1ccc2ccc(C(=N)N)cc2c1,6.2,0.5187029200366238,0.9077552800907487,0.3508771929824561,
N=C(N)c1ccc2ccc(CN(C(N)=O)C3CC3)cc2c1,8.1,0.5915176511096916,0.8499754067483265,0.45161290322580644,
CN(Cc1ccc2ccc(C(=N)N)cc2c1)C1CC1,7.0,0.6499584687502221,0.8726130749736506,0.43548387096774194,
CN(Cc1ccc2ccc(C(=N)N)cc2c1)C1CC1,7.1,0.6499584687502221,0.8726130749736506,0.43548387096774194,
CCCCN(CC)Cc1ccc2ccccc2c1,6.3,0.7213387685895187,0.9186336903401487,0.296875,
CN(Cc1ccc2ccccc2c1)N(C)C1CC1,6.5,0.7567049449567658,0.8487533387912453,0.27692307692307694,
CN(Cc1ccc2ccc(C(=N)NCCC=O)cc2c1)C1CC1,6.4,0.35773948508967723,0.800861419044985,0.3026315789473684,
CC(CCN(C)N)C(=N)N,4.9,0.22026981681265465,0.67742911377151,0.21311475409836064,
CC(=N)N,3.9,0.29736356683097664,0.8003277811616774,0.1111111111111111,
CC(=N)c1ccc2ccc(CN(C)C3CC3)cc2c1,6.6,0.8227659234480801,0.854354729545494,0.3333333333333333,
Cc1ccc2ccc(CN(C(=N)N)C3CC3)cc2c1,6.8,0.6523275845419918,0.8603077048720541,0.31343283582089554,
Cc1ccc2ccc(C3CCNC3)cc2c1,6.4,0.7633353957338835,0.8331139671268305,0.12162162162162163,
CN(C(=N)N)C1CC1,4.2,0.37049658445224165,0.7884409547513338,0.1111111111111111,
CN(Cc1ccc2ccc(C(=N)N)cc2c1)C1CC1,6.5,0.6499584687502221,0.8726130749736506,0.43548387096774194,
CN(Cc1ccc2ccc(C(=N)N)cc2c1)CN1CCC1,7.4,0.6528656097774069,0.8530880983816493,0.4090909090909091,
CN,2.0,0.3846582089034356,0.7782360431936574,0.03773584905660377,
N=C(N)c1ccc2ccc(CNCc3ccc4ccc(C(=N)N5CCN6CCCCC6C5)cc4c3)cc2c1,9.2,0.21811642910354778,0.7595289033992206,0.3,
N=C(N)c1ccc2ccc(N)cc2c1,7.1,0.35910132453214755,0.8887537021814784,0.3333333333333333,
N=C(N)c1ccc2ccc(N)cc2c1,6.9,0.35910132453214755,0.8887537021814784,0.3333333333333333,
CC(CCc1ccc2ccc(C(=N)O)cc2c1)c1ccc2ccc(CN(C)C3CC3)cc2c1,7.6,0.22643338252025696,0.7733265766375743,0.32894736842105265,
CC(=O)c1cccc2ccccc12,6.0,0.601009735328557,0.9521573758941452,0.32142857142857145,
CCCC(C)C,3.0,0.4838902980848686,0.9007420758314522,0.125,
CCc1ccc2ccc(C(=N)N)cc2c1,7.1,0.5653832507605874,0.901545038081616,0.42857142857142855,
CN(CN(Cc1ccc2ccc(C(F)(F)F)cc2c1)C1CC1)C1CC1,5.8,0.6870217206766246,0.8234005501238142,0.21333333333333335,
CC(=N)N,3.9,0.29736356683097664,0.8003277811616774,0.1111111111111111,
CC(C)CCc1ccc2ccc(C(=N)N)cc2c1,7.1,0.6208548148575684,0.8880426962573087,0.5178571428571429,
CN(Cc1ccc2ccc(C(=N)C(=N)N)cc2c1)c1ccccc1,7.6,0.49465510515736427,0.8360824285159407,0.4,
CN,2.0,0.3846582089034356,0.7782360431936574,0.03773584905660377,
Cc1ccc2ccc(CN(C)C3CC3)cc2c1,6.5,0.7687945219425377,0.9010136490262628,0.23880597014925373,
N=Cc1ccc2ccc(CCc3ccc4ccc(C(=N)N)cc4c3)cc2c1,8.8,0.3411145463949857,0.8374096071330536,0.36507936507936506,
Cc1ccc2ccc(C(=N)N)cc2c1,6.5,0.5187029200366238,0.9077552800907487,0.3508771929824561,
CC(C)CCC(=N)N,4.8,0.4221217371058999,0.8271478778282568,0.21052631578947367,
CCCN(C)Cc1ccc2ccc(C(=N)N)cc2c1,6.8,0.6372314720924556,0.877696964668861,0.4666666666666667,
Cc1ccc2ccc(CN(C)C3CC3)cc2c1,5.6,0.7687945219425377,0.9010136490262628,0.23880597014925373,
CC(C)Cc1ccc2ccc(C(=N)c3ccc4ccc(CNC5CC5)cc4c3)cc2c1,7.6,0.32314334501766806,0.8366374162039784,0.30985915492957744,
CN,2.0,0.3846582089034356,0.7782360431936574,0.03773584905660377,
N=C(N)c1ccc2ccc(C3CC3)cc2c1,7.3,0.5806744903007856,0.8870248702604417,0.3064516129032258,
NC1CC1,3.1,0.41922050844055486,0.9043538495377457,0.017241379310344827,
CCCc1ccc2ccc(C(=N)N(C)Cc3ccc4ccc(C(=N)N)cc4c3)cc2c1,8.5,0.2831709770998446,0.8289799497939837,0.4153846153846154,
N=C(N)c1ccc2ccc(-c3cccc(F)c3)cc2c1,7.8,0.534451585947067,0.9016230312812932,0.3548387096774194,
Cc1ccc2ccc(CN(C)C3CC3)cc2c1,5.6,0.7687945219425377,0.9010136490262628,0.23880597014925373,
CN,2.0,0.3846582089034356,0.7782360431936574,0.03773584905660377,
CN(CCCF)C(=N)c1ccc2ccc(CN(C)C3CC3)cc2c1,5.9,0.6141059344126358,0.8160139338850227,0.3150684931506849,
CN(Cc1ccc2ccccc2c1)c1ccc2ccc(C(=N)N)cc2c1,9.0,0.409729383807395,0.8742552533074563,0.4918032786885246,
CC(C)CCN(C)C,3.5,0.5396739524026783,0.9055478778282569,0.17857142857142858,
CCN(CCC(C)C)N(CC)C1CC1,3.9,0.5803973102247527,0.766323178166339,0.14925373134328357,
CCCCN(Cc1ccc2ccc(C(=N)N)cc2c1)C(=O)c1cccc2ccccc12,6.8,0.30267311283494136,0.8653748405773578,0.7758620689655172,
CN(C)N(CC(F)F)C1CC1,3.5,0.5758062749900695,0.7361851274688058,0.07352941176470588,
CN(Cc1ccc2ccc(N)cc2c1)C1CC1,6.7,0.8150976165047928,0.885574866974981,0.2537313432835821,
NC1CC1,3.1,0.41922050844055486,0.9043538495377457,0.017241379310344827,
N=C(N)Cc1ccc2ccc(C(=N)N)cc2c1,6.6,0.4717975387308959,0.8575843459711621,0.40350877192982454,
Cc1ccc2ccc(C(=N)N)cc2c1,6.6,0.5187029200366238,0.9077552800907487,0.3508771929824561,
CN(Cc1ccc2ccc(C(N)=O)cc2c1)C1CC1,6.3,0.9109857909570557,0.8898621315774243,0.36923076923076925,
CN(CCC(=O)O)CN(C)Cc1ccc2ccc(C(N)=O)cc2c1,6.5,0.7204075224860959,0.8418972098130748,0.36764705882352944,
CN(C)CCc1ccc2ccc(C(=N)N)cc2c1,6.8,0.6368030078734173,0.8837543885650011,0.4406779661016949,
N=C(N)c1ccc2ccc(CN)cc2c1,7.1,0.5070598581179698,0.8884955875321654,0.4107142857142857,
CNC(C)Cc1ccc(CC(C)C(=N)N)cc1,5.7,0.5192943634187519,0.7787451477427475,0.23076923076923078,
NC1CC1,3.1,0.41922050844055486,0.9043538495377457,0.017241379310344827,
N=C(N)c1ccc2ccc(CC3CC3)cc2c1,7.5,0.6106105421607084,0.8852610849236989,0.3770491803278688,
CC(=N)N,3.9,0.29736356683097664,0.8003277811616774,0.1111111111111111,
CN(CC(=N)N)C1CC1,4.2,0.41445802561327105,0.8026590211220953,0.12307692307692308,
CC(=N)c1ccc2ccc(CN(C)C3CC3)cc2c1,6.6,0.8227659234480801,0.854354729545494,0.3333333333333333,
CN(C1CCC(c2ccc3ccc(C(=N)N)cc3c2)CC1)C1CC1,7.2,0.653351395265038,0.8395351434480673,0.3088235294117647,
N=C(N)c1ccc2ccc(CN)cc2c1,6.9,0.5070598581179698,0.8884955875321654,0.4107142857142857,
CN(Cc1ccc2ccc(C(=N)N)cc2c1)C(=N)N,7.5,0.4926729079057647,0.8458382173204184,0.49122807017543857,
CC(CCN(C)N)C(=N)N,4.1,0.22026981681265465,0.67742911377151,0.21311475409836064,
CN(CCCC(=N)N)C(=O)c1cccc2ccccc12,5.7,0.6467664269047467,0.8810029763362383,0.4126984126984127,
[N-]=C(O)c1ccc2ccc(C(=N)N)cc2c1,6.6,0.5242934610838427,0.8190232463288178,0.3275862068965517,
N=C(N)c1ccc2ccc(C3CC3)cc2c1,7.5,0.5806744903007856,0.8870248702604417,0.3064516129032258,
CN(CN)C1CC1,3.6,0.49468867459604626,0.784312763890487,0.0625,
N=C(N)c1ccc2ccc(CC3CC3)cc2c1,7.3,0.6106105421607084,0.8852610849236989,0.3770491803278688,
CN,2.0,0.3846582089034356,0.7782360431936574,0.03773584905660377,
Cc1ccc2ccc(CN(C)C3CC3)cc2c1,5.6,0.7687945219425377,0.9010136490262628,0.23880597014925373,
C[C@H](N(CNCc1ccc2ccc(C(=N)N)cc2c1)C1CC1)C(F)(F)F,7.4,0.39965174763770783,0.7439724385176927,0.36,
CC(C)CCN(Cc1ccc2ccc(N(c3ccccc3C#N)C3CC3)cc2c1)C(=O)c1cccc2ccccc12,7.0,0.18864344963451968,0.8058302425720156,0.5733333333333334,
CC(C)CN(C)C1CC1,3.3,0.557868625186951,0.8716463120919951,0.1111111111111111,
CN(CCc1ccc2ccc(C=N)cc2c1)C1CC1,6.7,0.810440055086137,0.8394333082693556,0.2191780821917808,
CN(Cc1ccc2ccc(C(=N)N)cc2c1)C1CC1,6.9,0.6499584687502221,0.8726130749736506,0.43548387096774194,
Cc1ccc2ccc(C(=N)N)cc2c1,6.6,0.5187029200366238,0.9077552800907487,0.3508771929824561,
CN(F)Cc1ccc2ccc(C(=N)N)cc2c1,6.5,0.48402832037653243,0.8328550497354829,0.46551724137931033,
CCC(CC(C)CC(C)CCN(C)Oc1cccc2ccccc12)C(=N)N,6.1,0.3135155802423568,0.6786404329248068,0.2857142857142857,
CN(OCCc1ccc2ccc(C(=N)N)cc2c1)C1CC1,7.0,0.4865693184702305,0.8145519836489244,0.36231884057971014,
CN(Cc1ccc2ccc(C(=N)CCOC(=N)N)cc2c1)C1CC1,6.7,0.5401228033550431,0.7963484918643569,0.32432432432432434,
CN(Cc1ccc2ccc(CCC(N)=O)cc2c1)C1CC1,6.3,0.8852568362333536,0.8792077854742177,0.30434782608695654,
CN(C)Cc1ccc2ccc(C(=N)N)cc2c1,6.7,0.6235104421415287,0.8867555407338461,0.48214285714285715,
CN(CC(=N)c1ccc2ccc(CNC3CC3)cc2c1)C1CC1,6.5,0.7678519360567896,0.8309918332461683,0.26666666666666666,
N=C(N)C(=N)N,4.8,0.22105789061450304,0.7203169870740557,0.09259259259259259,
CCc1ccc2ccc(C(=N)N)cc2c1,6.3,0.5653832507605874,0.901545038081616,0.42857142857142855,
CC1CC(c2cccc3ccccc23)CC(C(C)CCN(C)C=O)N1,7.5,0.8015544709323932,0.6606489759802007,0.23170731707317074,
N=C(N)c1ccc2ccc(-c3ccccc3)cc2c1,7.6,0.5242535238161781,0.9185977009137483,0.3793103448275862,
CN(Cc1ccc2ccc(C(=N)N)cc2c1)C1CC1,6.3,0.6499584687502221,0.8726130749736506,0.43548387096774194,
N=C(N)c1ccc2ccc(C3CC3)cc2c1,7.4,0.5806744903007856,0.8870248702604417,0.3064516129032258,
CN(C(F)Cc1ccc2ccc(C=O)cc2c1)C1CC1,7.0,0.6116534337491505,0.7714469879923291,0.21052631578947367,
CC(C)CN(C)C1CC1,3.2,0.557868625186951,0.8716463120919951,0.1111111111111111,
N=C(N)c1ccc2ccc(CN(N)C3CC3)cc2c1,6.9,0.33758905511602794,0.830975339124594,0.41935483870967744,
Cc1ccc2ccc(CN(C)C3CC3)cc2c1,5.6,0.7687945219425377,0.9010136490262628,0.23880597014925373,
CCc1ccc2ccc(C(=N)N)cc2c1,6.2,0.5653832507605874,0.901545038081616,0.42857142857142855,
Cc1ccc2ccc(C(=N)N)cc2c1,6.6,0.5187029200366238,0.9077552800907487,0.3508771929824561,
CN(CCc1ccc2ccc(C=N)cc2c1)C1CC1,6.9,0.810440055086137,0.8394333082693556,0.2191780821917808,
CN(c1ccc2ccc(C(=N)N)cc2c1)C1CC1,6.5,0.6388756485585486,0.8618900808726931,0.3230769230769231,
CN(Cc1ccc2ccc(C(=N)N)cc2c1)c1ccccc1,7.9,0.5673341279611984,0.8883963058559282,0.48333333333333334,
N=C(N)c1ccc2ccc(CN(N)C3CC3)cc2c1,6.9,0.33758905511602794,0.830975339124594,0.41935483870967744,
CCCc1ccc2ccc(C(=N)N(CCC(C)C)Cc3ccc4ccccc4c3)cc2c1,7.6,0.22733463486102126,0.84118803010911,0.5555555555555556,
N=C(N)c1ccc2ccc(N)cc2c1,6.9,0.35910132453214755,0.8887537021814784,0.3333333333333333,
