COC(=O)Cc1ccc(F)c(C(=O)CC2Nc3ccccc3-c3ccnc4[nH]cc2c34)c1,9.0,0.35089356125782434,0.7510820775989323,0.6825396825396826,
c1ccc(C2Nc3ccccc3-c3ccnc4[nH]cc2c34)cc1,9.4,0.5323079821719929,0.800543808872514,0.5471698113207547,
O=C(CC1Nc2ccccc2-c2ccnc3[nH]cc1c23)c1ccc(Cl)cc1,9.6,0.45785512855029564,0.7785132514722677,0.6785714285714286,
COC(=O)CC1Nc2ccccc2-c2ccnc3[nH]cc1c23,8.1,0.711669858205952,0.7677824267916282,1.0,
CC1Nc2ccccc2-c2ccnc3[nH]cc1c23,8.4,0.6231806317439508,0.7695458725412244,0.6,
OC1Nc2ccccc2-c2ccnc3[nH]cc1c23,8.5,0.5629738891845363,0.7611354226137935,0.6,
COC(=O)CC1Nc2ccccc2-c2ccnc3[nH]cc1c23,8.0,0.711669858205952,0.7677824267916282,1.0,
CCCOC(=O)CC1Nc2ccccc2-c2ccnc3[nH]cc1c23,7.4,0.7117358177729725,0.764084096927041,0.7924528301886793,
CC1Nc2ccccc2-c2ccnc3[nH]cc1c23,8.3,0.6231806317439508,0.7695458725412244,0.6,
COC(=O)CC1Nc2ccccc2-c2ccnc3[nH]cc1c23,8.3,0.711669858205952,0.7677824267916282,1.0,
O=C(O)CC1Nc2ccccc2-c2ccnc3[nH]cc1c23,8.6,0.6729631713265855,0.770129056152198,0.7755102040816326,
c1ccc2c(c1)NCc1c[nH]c3nccc-2c13,8.1,0.6118603980597437,0.8168337282117835,0.4444444444444444,
CC1Nc2ccccc2-c2ccnc3[nH]cc1c23,8.4,0.6231806317439508,0.7695458725412244,0.6,
O=C(CO)OCCCCCCOCC1Nc2ccccc2-c2ccnc3[nH]cc1c23,8.2,0.3480644538657292,0.7415434919789978,0.6129032258064516,
CCC(=O)OC,3.4,0.43785087777866244,0.8949800245494008,0.20408163265306123,
CCC(=O)OC,3.4,0.43785087777866244,0.8949800245494008,0.20408163265306123,
O=C(O)CC1Nc2ccccc2-c2ccnc3[nH]cc1c23,8.4,0.6729631713265855,0.770129056152198,0.7755102040816326,
CC1Nc2ccccc2-c2ccnc3[nH]cc1c23,8.6,0.6231806317439508,0.7695458725412244,0.6,
CC1Nc2ccccc2-c2ccnc3[nH]cc1c23,8.4,0.6231806317439508,0.7695458725412244,0.6,
CC1Nc2ccccc2-c2ccnc3[nH]cc1c23,8.6,0.6231806317439508,0.7695458725412244,0.6,
CC1Nc2ccccc2-c2ccnc3[nH]cc1c23,8.4,0.6231806317439508,0.7695458725412244,0.6,
CCC(=O)OC,3.4,0.43785087777866244,0.8949800245494008,0.20408163265306123,
COC(=O)CC1Nc2ccccc2-c2ccnc3[nH]cc1c23,7.9,0.711669858205952,0.7677824267916282,1.0,
COC(=O)CC1Nc2ccccc2-c2ccnc3[nH]cc1c23,8.5,0.711669858205952,0.7677824267916282,1.0,
COC(=O)CC1Nc2ccccc2-c2ccnc3[nH]cc1c23,7.9,0.711669858205952,0.7677824267916282,1.0,
COC(=O)CC1Nc2ccccc2-c2ccnc3[nH]cc1c23,8.4,0.711669858205952,0.7677824267916282,1.0,
COC(=O)CC1Nc2ccccc2-c2ccnc3[nH]cc1c23,8.2,0.711669858205952,0.7677824267916282,1.0,
O=C(CC1Nc2ccccc2-c2ccnc3[nH]cc1c23)C1CC1,8.7,0.7666719701093012,0.7510366223968656,0.7169811320754716,
Oc1ccc(CCC2Nc3ccccc3-c3ccnc4[nH]cc2c34)cc1,10.0,0.4893719815906884,0.7753757028589852,0.5964912280701754,
COC(=O)CC1Nc2ccccc2-c2ccnc3[nH]cc1c23,8.3,0.711669858205952,0.7677824267916282,1.0,
CCC(=O)OC,3.4,0.43785087777866244,0.8949800245494008,0.20408163265306123,
COC(=O)CC1Nc2ccccc2-c2ccnc3[nH]cc1c23,7.9,0.711669858205952,0.7677824267916282,1.0,
COC(=O)CC1Nc2ccccc2-c2ccnc3[nH]cc1c23,7.6,0.711669858205952,0.7677824267916282,1.0,
CC1Nc2ccccc2-c2ccnc3[nH]cc1c23,8.4,0.6231806317439508,0.7695458725412244,0.6,
O=CCC1Nc2ccccc2-c2ccnc3[nH]cc1c23,8.0,0.6974516191296128,0.7405764348166913,0.6862745098039216,
COC(=O)CC1Nc2ccccc2-c2ccnc3[nH]cc1c23,8.0,0.711669858205952,0.7677824267916282,1.0,
COC(=O)CC1Nc2ccccc2-c2ccnc3[nH]cc1c23,8.5,0.711669858205952,0.7677824267916282,1.0,
CCC(=O)OC,3.4,0.43785087777866244,0.8949800245494008,0.20408163265306123,
COC(=O)CC1Nc2ccccc2-c2ccnc3[nH]cc1c23,7.9,0.711669858205952,0.7677824267916282,1.0,
COc1ccc(COC(=O)CC2Nc3ccccc3-c3ccnc4[nH]cc2c34)cc1C#N,8.9,0.4501968423531309,0.7513950042001478,0.6417910447761194,
CC1Nc2ccccc2-c2ccnc3[nH]cc1c23,8.4,0.6231806317439508,0.7695458725412244,0.6,
CCC(=O)OC,3.4,0.43785087777866244,0.8949800245494008,0.20408163265306123,
COC(=O)CC1Nc2ccccc2-c2ccnc3[nH]cc1c23,8.3,0.711669858205952,0.7677824267916282,1.0,
COC(=O)CC1Nc2ccccc2-c2ccnc3[nH]cc1c23,8.2,0.711669858205952,0.7677824267916282,1.0,
COC(=O)CC1Nc2ccccc2-c2ccnc3[nH]cc1c23,8.5,0.711669858205952,0.7677824267916282,1.0,
O=C(O)COC(=O)CC1Nc2ccccc2-c2ccnc3[nH]cc1c23,8.8,0.6324128063480593,0.7597847778440339,0.7735849056603774,
COC(=O)CC1Nc2ccccc2-c2ccnc3[nH]cc1c23,8.1,0.711669858205952,0.7677824267916282,1.0,
CCC(=O)OC,3.4,0.43785087777866244,0.8949800245494008,0.20408163265306123,
c1csc(OC2Nc3ccccc3-c3ccnc4[nH]cc2c34)c1,9.0,0.5580725833230948,0.7225306539115331,0.5084745762711864,
COC(=O)CC1Nc2ccccc2-c2ccnc3[nH]cc1c23,7.9,0.711669858205952,0.7677824267916282,1.0,
CCC(=O)OC,3.4,0.43785087777866244,0.8949800245494008,0.20408163265306123,
CC1Nc2ccccc2-c2ccnc3[nH]cc1c23,8.5,0.6231806317439508,0.7695458725412244,0.6,
COC(=O)COC(C)=O,4.0,0.4848143903455635,0.9046991549013595,0.18867924528301888,
CC(O)c1ccc(C2Nc3ccccc3-c3ccnc4[nH]cc2c34)cc1,10.0,0.4907621236105525,0.7509685771427582,0.5166666666666667,
COC(=O)CC1Nc2ccccc2-c2ccnc3[nH]cc1c23,8.1,0.711669858205952,0.7677824267916282,1.0,
COC(=O)CC1Nc2ccccc2-c2ccnc3[nH]cc1c23,8.1,0.711669858205952,0.7677824267916282,1.0,
CCC(=O)OC,3.4,0.43785087777866244,0.8949800245494008,0.20408163265306123,
CC1Nc2ccccc2-c2ccnc3[nH]cc1c23,8.6,0.6231806317439508,0.7695458725412244,0.6,
CC1Nc2ccccc2-c2ccnc3[nH]cc1c23,8.4,0.6231806317439508,0.7695458725412244,0.6,
O=C(CC1Nc2ccccc2-c2ccnc3[nH]cc1c23)c1ccccc1F,9.9,0.5011085793041782,0.7719005932444196,0.6785714285714286,
COC(=O)CC1Nc2ccccc2-c2ccnc3[nH]cc1c23,8.1,0.711669858205952,0.7677824267916282,1.0,
COC(=O)CC1Nc2ccccc2-c2ccnc3[nH]cc1c23,8.1,0.711669858205952,0.7677824267916282,1.0,
CCC(=O)OC,3.4,0.43785087777866244,0.8949800245494008,0.20408163265306123,
CN(C)C(=O)OC1Nc2ccccc2-c2ccnc3[nH]cc1c23,8.6,0.7230131227459142,0.7338205697927533,0.5964912280701754,
COC(=O)CC1Nc2ccccc2-c2ccnc3[nH]cc1c23,8.5,0.711669858205952,0.7677824267916282,1.0,
COC(=O)CC1Nc2ccccc2-c2ccnc3[nH]cc1c23,8.1,0.711669858205952,0.7677824267916282,1.0,
COC(=O)CC1Nc2ccccc2-c2ccnc3[nH]cc1c23,8.0,0.711669858205952,0.7677824267916282,1.0,
COCC1Nc2ccccc2-c2ccnc3[nH]cc1c23,8.1,0.7467968225892367,0.7589761740604981,0.72,
O=C(OC1Nc2ccccc2-c2ccnc3[nH]cc1c23)c1ccc(Cl)cc1,9.9,0.4744931014297095,0.7648830664673992,0.55,
COC(=O)CC1Nc2ccccc2-c2ccnc3[nH]cc1c23,8.5,0.711669858205952,0.7677824267916282,1.0,
CC1Nc2ccccc2-c2ccnc3[nH]cc1c23,8.5,0.6231806317439508,0.7695458725412244,0.6,
COC(=O)CC1Nc2ccccc2-c2ccnc3[nH]cc1c23,8.3,0.711669858205952,0.7677824267916282,1.0,
O=C(O)OC(=O)CC1Nc2ccccc2-c2ccnc3[nH]cc1c23,8.9,0.49352999099496203,0.7396167868458181,0.803921568627451,
COC(=O)CC1Nc2ccccc2-c2ccnc3[nH]cc1c23,8.3,0.711669858205952,0.7677824267916282,1.0,
CC1Nc2ccccc2-c2ccnc3[nH]cc1c23,8.6,0.6231806317439508,0.7695458725412244,0.6,
c1ccc(C2Nc3ccccc3-c3ccnc4[nH]cc2c34)cc1,9.4,0.5323079821719929,0.800543808872514,0.5471698113207547,
CC1Nc2ccccc2-c2ccnc3[nH]cc1c23,8.6,0.6231806317439508,0.7695458725412244,0.6,
COC(=O)CC1Nc2ccccc2-c2ccnc3[nH]cc1c23,8.0,0.711669858205952,0.7677824267916282,1.0,
COC(=O)CC1Nc2ccccc2-c2ccnc3[nH]cc1c23,8.0,0.711669858205952,0.7677824267916282,1.0,
CC1Nc2ccccc2-c2ccnc3[nH]cc1c23,8.6,0.6231806317439508,0.7695458725412244,0.6,
CCC(=O)OC,3.4,0.43785087777866244,0.8949800245494008,0.20408163265306123,
CCC(=O)OC,3.4,0.43785087777866244,0.8949800245494008,0.20408163265306123,
CCC(=O)OC,3.4,0.43785087777866244,0.8949800245494008,0.20408163265306123,
CC1Nc2ccccc2-c2ccnc3[nH]cc1c23,8.6,0.6231806317439508,0.7695458725412244,0.6,
COC(=O)CC1Nc2ccccc2-c2ccnc3[nH]cc1c23,8.0,0.711669858205952,0.7677824267916282,1.0,
COC(=O)COC(=O)Cc1ccc(N)c(C)c1,6.6,0.6196629495121465,0.8893109595056387,0.19696969696969696,
O=C(CCCO)CC1Nc2ccccc2-c2ccnc3[nH]cc1c23,8.3,0.6725992199966542,0.7475218991248433,0.6909090909090909,
CCC(=O)OC,3.4,0.43785087777866244,0.8949800245494008,0.20408163265306123,
CC1Nc2ccccc2-c2ccnc3[nH]cc1c23,8.4,0.6231806317439508,0.7695458725412244,0.6,
CC1Nc2ccccc2-c2ccnc3[nH]cc1c23,8.3,0.6231806317439508,0.7695458725412244,0.6,
CC1Nc2ccccc2-c2ccnc3[nH]cc1c23,8.3,0.6231806317439508,0.7695458725412244,0.6,
CCC(=O)OC,3.4,0.43785087777866244,0.8949800245494008,0.20408163265306123,
COC(=O)CC1Nc2ccccc2-c2ccnc3[nH]cc1c23,8.5,0.711669858205952,0.7677824267916282,1.0,
O=C(OC1Nc2ccccc2-c2ccnc3[nH]cc1c23)C1CC1,8.2,0.7098056018652018,0.7415362779651777,0.5689655172413793,
c1ccc2c(c1)NC(OCn1cncn1)c1c[nH]c3nccc-2c13,8.1,0.6068810096449873,0.7074487916767358,0.484375,
COC(=O)CC1Nc2ccccc2-c2ccnc3[nH]cc1c23,7.9,0.711669858205952,0.7677824267916282,1.0,
COC(=O)CC1Nc2ccccc2-c2ccnc3[nH]cc1c23,7.9,0.711669858205952,0.7677824267916282,1.0,
CCC(=O)OC,3.4,0.43785087777866244,0.8949800245494008,0.20408163265306123,
CCC(=O)OC,3.4,0.43785087777866244,0.8949800245494008,0.20408163265306123,
CCC(=O)OC,3.4,0.43785087777866244,0.8949800245494008,0.20408163265306123,
COCC1Nc2ccccc2-c2ccnc3[nH]cc1c23,8.1,0.7467968225892367,0.7589761740604981,0.72,
O=C(O)CC1Nc2ccccc2-c2ccnc3[nH]cc1c23,8.3,0.6729631713265855,0.770129056152198,0.7755102040816326,
COC,1.8,0.3800398096193344,0.8936825512627795,0.06521739130434782,
CC1Nc2ccccc2-c2ccnc3[nH]cc1c23,8.3,0.6231806317439508,0.7695458725412244,0.6,
FC(F)(F)CC1Nc2ccccc2-c2ccnc3[nH]cc1c23,8.8,0.6867944576672145,0.744881312628014,0.6226415094339622,
CO,1.8,0.38528440447384316,0.8109950175526317,0.043478260869565216,
COC(C)=O,3.0,0.38296659073251405,0.9181870562026138,0.14583333333333334,
CC(=O)C1CC1,3.7,0.4626298374115389,0.8902189989083753,0.09433962264150944,
CCC1Nc2ccccc2-c2ccnc3[nH]cc1c23,8.6,0.6811323512409708,0.7686156186637452,0.6938775510204082,
COC1Nc2ccccc2-c2ccnc3[nH]cc1c23,8.3,0.697319046236027,0.7458796296527562,0.64,
CC,1.6,0.3727855551576051,0.805825786783401,0.021739130434782608,
COC(=O)C1Nc2ccccc2-c2ccnc3[nH]cc1c23,8.4,0.6721063220567792,0.7662233814989825,0.6730769230769231,
OC1CC1,2.9,0.41981056015450824,0.9284581230420194,0.061224489795918366,
COC(C)=O,3.0,0.38296659073251405,0.9181870562026138,0.14583333333333334,
CC(CCC1Nc2ccccc2-c2ccnc3[nH]cc1c23)OC(=O)CC1Nc2ccccc2-c2ccnc3[nH]cc1c23,10.0,0.15877026938831498,0.6333428515230632,0.75,
CCC(=O)OC,3.4,0.43785087777866244,0.8949800245494008,0.20408163265306123,
COC(=O)CC1Nc2ccccc2-c2ccnc3[nH]cc1c23,8.0,0.711669858205952,0.7677824267916282,1.0,
COC,1.9,0.3800398096193344,0.8936825512627795,0.06521739130434782,
COC(=O)C1Nc2ccccc2-c2ccnc3[nH]cc1c23,8.4,0.6721063220567792,0.7662233814989825,0.6730769230769231,
CCC1Nc2ccccc2-c2ccnc3[nH]cc1c23,8.2,0.6811323512409708,0.7686156186637452,0.6938775510204082,
CN(C)C(=O)C1Nc2ccccc2-c2ccnc3[nH]cc1c23,8.3,0.7247560575653099,0.7503509096976111,0.6,
COCCC1Nc2ccccc2-c2ccnc3[nH]cc1c23,8.2,0.7676780846925618,0.7610493750717767,0.6923076923076923,
COC(=O)CC1Nc2ccccc2-c2ccnc3[nH]cc1c23,8.5,0.711669858205952,0.7677824267916282,1.0,
Clc1ccccc1C1Nc2ccccc2-c2ccnc3[nH]cc1c23,9.7,0.4901220426164084,0.7900845055325202,0.5178571428571429,
COC,1.8,0.3800398096193344,0.8936825512627795,0.06521739130434782,
O=C(c1ccc(Cl)cc1)C1Nc2ccccc2-c2ccnc3[nH]cc1c23,9.6,0.4814888773054014,0.7763971918962638,0.5423728813559322,
COC(=O)CC1Nc2ccccc2-c2ccnc3[nH]cc1c23,8.1,0.711669858205952,0.7677824267916282,1.0,
O=COOC(=O)CC1Nc2ccccc2-c2ccnc3[nH]cc1c23,8.1,0.4354979330027306,0.706458162861107,0.7735849056603774,
O=C(O)CC1Nc2ccccc2-c2ccnc3[nH]cc1c23,8.3,0.6729631713265855,0.770129056152198,0.7755102040816326,
COC(=O)CC1Nc2ccccc2-c2ccnc3[nH]cc1c23,8.3,0.711669858205952,0.7677824267916282,1.0,
CC1Nc2ccccc2-c2ccnc3[nH]cc1c23,8.6,0.6231806317439508,0.7695458725412244,0.6,
CCC(=O)OCC(=O)O,4.1,0.5497835741488601,0.8933727334966773,0.125,
COC(=O)CO,3.2,0.4265235649175736,0.8625554091647855,0.20408163265306123,
c1ccc(CC2Nc3ccccc3-c3ccnc4[nH]cc2c34)cc1,9.6,0.5503243699723379,0.7927611848391289,0.6346153846153846,
COC(=O)CC1Nc2ccccc2-c2ccnc3[nH]cc1c23,8.5,0.711669858205952,0.7677824267916282,1.0,
COC1Nc2ccccc2-c2ccnc3[nH]cc1c23,8.3,0.697319046236027,0.7458796296527562,0.64,
Oc1ccc(C2Nc3ccccc3-c3ccnc4[nH]cc2c34)c(Cl)c1,10.0,0.4484460259121173,0.7710400611832215,0.4918032786885246,
O=C(CC1Nc2ccccc2-c2ccnc3[nH]cc1c23)OO,8.2,0.4992669395814544,0.7415855517916281,0.8367346938775511,
c1ccc2c(c1)NC(C1CC1)c1c[nH]c3nccc-2c13,7.1,0.691857113615473,0.7696244139561956,0.5370370370370371,
COC(=O)CC(=O)OC,3.8,0.38282268372876527,0.89261821844651,0.2127659574468085,
COCCC1Nc2ccccc2-c2ccnc3[nH]cc1c23,7.9,0.7676780846925618,0.7610493750717767,0.6923076923076923,
CCC1Nc2ccccc2-c2ccnc3[nH]cc1c23,8.5,0.6811323512409708,0.7686156186637452,0.6938775510204082,
COC(=O)CC1Nc2ccccc2-c2ccnc3[nH]cc1c23,8.0,0.711669858205952,0.7677824267916282,1.0,
COc1ccc(CCC(=O)CC2Nc3ccccc3-c3ccnc4[nH]cc2c34)cc1,9.0,0.46344122167095114,0.7691510094615155,0.6833333333333333,
COC(=O)COCn1cncn1,4.5,0.5671094333290113,0.8120869356102904,0.20967741935483872,
CC(=O)CC1Nc2ccccc2-c2ccnc3[nH]cc1c23,8.6,0.7509697575665712,0.7603699136553508,0.7959183673469388,
COC1Nc2ccccc2-c2ccnc3[nH]cc1c23,8.1,0.697319046236027,0.7458796296527562,0.64,
O=COC(=O)Oc1ccccc1C1Nc2ccccc2-c2ccnc3[nH]cc1c23,8.2,0.23472888795856656,0.7401599968178133,0.5396825396825397,
CC1Nc2ccccc2-c2ccnc3[nH]cc1c23,8.6,0.6231806317439508,0.7695458725412244,0.6,
CC(=O)N1CC(C)N(C2Nc3ccccc3-c3ccnc4[nH]cc2c34)CC1C,6.3,0.6821772449321415,0.6782019194485644,0.515625,
COC(=O)CCOC1Nc2ccccc2-c2ccnc3[nH]cc1c23,8.6,0.7209505317651425,0.7393190419819862,0.6785714285714286,
COC(=O)C1Nc2ccccc2-c2ccnc3[nH]cc1c23,8.2,0.6721063220567792,0.7662233814989825,0.6730769230769231,
O=C(O)C1Nc2ccccc2-c2ccnc3[nH]cc1c23,8.4,0.6318823113143063,0.7696449417626966,0.6153846153846154,
O=C(c1ccccc1)C1Nc2ccccc2-c2ccnc3[nH]cc1c23,9.3,0.5304148278745382,0.781297176781433,0.5818181818181818,
O=C(CC1Nc2ccccc2-c2ccnc3[nH]cc1c23)c1ccccc1,9.9,0.5181751230889999,0.7835221564054388,0.7307692307692307,
CC(=O)CCCO,3.7,0.5578409852492086,0.879598233975957,0.09090909090909091,
COC(=O)Oc1ccc(CC2Nc3ccccc3-c3ccnc4[nH]cc2c34)cc1,9.0,0.3796808981751544,0.7669598158223382,0.6610169491525424,
O=C(CC1Nc2ccccc2-c2ccnc3[nH]cc1c23)c1ccccc1C(=O)CC1Nc2ccccc2-c2ccnc3[nH]cc1c23,11.6,0.14291545180259557,0.6598259116317023,0.7450980392156863,
CC(=O)CC1Nc2ccccc2-c2ccnc3[nH]cc1c23,8.6,0.7509697575665712,0.7603699136553508,0.7959183673469388,
O=C(CC1Nc2ccccc2-c2ccnc3[nH]cc1c23)C1CC1,8.6,0.7666719701093012,0.7510366223968656,0.7169811320754716,
COC(=O)CCC(=O)OC,4.2,0.5301974190717502,0.9213394326310573,0.20833333333333334,
CC1Nc2ccccc2-c2ccnc3[nH]cc1c23,8.6,0.6231806317439508,0.7695458725412244,0.6,
COC(=O)CC1Nc2ccccc2-c2ccnc3[nH]cc1c23,8.5,0.711669858205952,0.7677824267916282,1.0,
CCC(=O)CC1Nc2ccccc2-c2ccnc3[nH]cc1c23,8.3,0.7645791387453474,0.7520795421762434,0.7647058823529411,
CN(C)CC1Nc2ccccc2-c2ccnc3[nH]cc1c23,8.7,0.7559548635868751,0.7552599514863721,0.6538461538461539,
c1ccc(CC2Nc3ccccc3-c3ccnc4[nH]cc2c34)cc1,9.7,0.5503243699723379,0.7927611848391289,0.6346153846153846,
COC(=O)CC1Nc2ccccc2-c2ccnc3[nH]cc1c23,8.1,0.711669858205952,0.7677824267916282,1.0,
CCCC1Nc2ccccc2-c2ccnc3[nH]cc1c23,8.4,0.7145032431531244,0.7692400593277733,0.6666666666666666,
CC,1.6,0.3727855551576051,0.805825786783401,0.021739130434782608,
c1ccc2c(c1)NCc1c[nH]c3nccc-2c13,8.2,0.6118603980597437,0.8168337282117835,0.4444444444444444,
CC(=O)O,2.8,0.4298828832001217,0.9427854734693698,0.08333333333333333,
O=C(CC1Nc2ccccc2-c2ccnc3[nH]cc1c23)C(=O)NCCO,8.9,0.5247058316877895,0.7363540232053054,0.6666666666666666,
COC(=O)CC1Nc2ccccc2-c2ccnc3[nH]cc1c23,8.4,0.711669858205952,0.7677824267916282,1.0,
CC(=O)CC1Nc2ccccc2-c2ccnc3[nH]cc1c23,8.6,0.7509697575665712,0.7603699136553508,0.7959183673469388,
NC(=O)C1Nc2ccccc2-c2ccnc3[nH]cc1c23,8.6,0.629543041361771,0.7556133767759593,0.6037735849056604,
OCCC1Nc2ccccc2-c2ccnc3[nH]cc1c23,8.4,0.6670042456918346,0.7598040749731447,0.6666666666666666,
COC1Nc2ccccc2-c2ccnc3[nH]cc1c23,8.3,0.697319046236027,0.7458796296527562,0.64,
CC1Nc2ccccc2-c2ccnc3[nH]cc1c23,8.6,0.6231806317439508,0.7695458725412244,0.6,
CC(C)(O)COC(=O)CC1Nc2ccccc2-c2ccnc3[nH]cc1c23,8.8,0.6272170667774968,0.7401504362337187,0.7636363636363637,
COOC,2.4,0.3187444544547157,0.8055042768881732,0.06382978723404255,
CCC1Nc2ccccc2-c2ccnc3[nH]cc1c23,8.6,0.6811323512409708,0.7686156186637452,0.6938775510204082,
COOC,2.4,0.3187444544547157,0.8055042768881732,0.06382978723404255,
O=C(CC1Nc2ccccc2-c2ccnc3[nH]cc1c23)OC(=O)Oc1ccc(C2Nc3ccccc3-c3ccnc4[nH]cc2c34)cc1,10.3,0.08890968876056923,0.6550110068040031,0.6612903225806451,
COC,1.8,0.3800398096193344,0.8936825512627795,0.06521739130434782,
O=CCC1Nc2ccccc2-c2ccnc3[nH]cc1c23,8.4,0.6974516191296128,0.7405764348166913,0.6862745098039216,
OC1Nc2ccccc2-c2ccnc3[nH]cc1c23,8.2,0.5629738891845363,0.7611354226137935,0.6,
COC(C)=O,3.0,0.38296659073251405,0.9181870562026138,0.14583333333333334,
COC(=O)CC1Nc2ccccc2-c2ccnc3[nH]cc1c23,8.0,0.711669858205952,0.7677824267916282,1.0,
CC(C)CCC(=O)CC1Nc2ccccc2-c2ccnc3[nH]cc1c23,8.5,0.68337050555011,0.7503309316901878,0.6964285714285714,
CCC(=O)OC,3.4,0.43785087777866244,0.8949800245494008,0.20408163265306123,
O=C(CC1Nc2ccccc2-c2ccnc3[nH]cc1c23)OCC(=O)C1CC1,9.0,0.6783927919435804,0.7481361561236047,0.7192982456140351,
CCC1Nc2ccccc2-c2ccnc3[nH]cc1c23,8.3,0.6811323512409708,0.7686156186637452,0.6938775510204082,
COC(=O)CCC(=O)OC,4.0,0.5301974190717502,0.9213394326310573,0.20833333333333334,
O=C(CCCO)COCn1cncn1,4.8,0.6457873862247125,0.7917314733846342,0.11428571428571428,
COC1Nc2ccccc2-c2ccnc3[nH]cc1c23,8.3,0.697319046236027,0.7458796296527562,0.64,
CCC(=O)OC,3.4,0.43785087777866244,0.8949800245494008,0.20408163265306123,
CCC1Nc2ccccc2-c2ccnc3[nH]cc1c23,8.3,0.6811323512409708,0.7686156186637452,0.6938775510204082,
O=C(CC1Nc2ccccc2-c2ccnc3[nH]cc1c23)c1ccc(Cl)cc1,9.8,0.45785512855029564,0.7785132514722677,0.6785714285714286,
CC1Nc2ccccc2-c2ccnc3[nH]cc1c23,8.6,0.6231806317439508,0.7695458725412244,0.6,
O=C([O-])NC1Nc2ccccc2-c2ccnc3[nH]cc1c23,8.8,0.630293825957686,0.7064218682581251,0.5818181818181818,
COC(=O)CC1Nc2ccccc2-c2ccnc3[nH]cc1c23,8.2,0.711669858205952,0.7677824267916282,1.0,
CCC1Nc2ccccc2-c2ccnc3[nH]cc1c23,8.6,0.6811323512409708,0.7686156186637452,0.6938775510204082,
Fc1cc(Cl)ccc1C1Nc2ccccc2-c2ccnc3[nH]cc1c23,10.2,0.4735692792391124,0.7780746238807978,0.46774193548387094,
NC(=O)C1Nc2ccccc2-c2ccnc3[nH]cc1c23,8.4,0.629543041361771,0.7556133767759593,0.6037735849056604,
COC,1.9,0.3800398096193344,0.8936825512627795,0.06521739130434782,
O=C(CC1Nc2ccccc2-c2ccnc3[nH]cc1c23)C(=O)Oc1cocn1,9.3,0.4166275460681564,0.6916316326651621,0.6290322580645161,
c1ccc2c(c1)NCc1c[nH]c3nccc-2c13,8.1,0.6118603980597437,0.8168337282117835,0.4444444444444444,
O=C(O)CC1Nc2ccccc2-c2ccnc3[nH]cc1c23,8.6,0.6729631713265855,0.770129056152198,0.7755102040816326,
CC(=O)CCC(=O)C1CC1,4.9,0.5900489576689573,0.8656483083707024,0.10344827586206896,
CCOC(=O)CNC1CCCCC1,5.4,0.6739933233512037,0.9026367937735631,0.14285714285714285,
COCC1Nc2ccccc2-c2ccnc3[nH]cc1c23,8.1,0.7467968225892367,0.7589761740604981,0.72,
COC(=O)C1Nc2ccccc2-c2ccnc3[nH]cc1c23,8.2,0.6721063220567792,0.7662233814989825,0.6730769230769231,
CC1Nc2ccccc2-c2ccnc3[nH]cc1c23,8.6,0.6231806317439508,0.7695458725412244,0.6,
COC1Nc2ccccc2-c2ccnc3[nH]cc1c23,8.3,0.697319046236027,0.7458796296527562,0.64,
COC(=O)CC1Nc2ccccc2-c2ccnc3[nH]cc1c23,8.4,0.711669858205952,0.7677824267916282,1.0,
O=C(OC1Nc2ccccc2-c2ccnc3[nH]cc1c23)C1CC1,8.6,0.7098056018652018,0.7415362779651777,0.5689655172413793,
O=C(OC1Nc2ccccc2-c2ccnc3[nH]cc1c23)c1ccc(Cl)c(Br)c1,10.3,0.3685834122694082,0.7421937872525199,0.5,
CC1Nc2ccccc2-c2ccnc3[nH]cc1c23,8.6,0.6231806317439508,0.7695458725412244,0.6,
COC(=O)OC,3.0,0.40368692642150095,0.8599492553186318,0.14583333333333334,
COOc1ccc(CC2Nc3ccccc3-c3ccnc4[nH]cc2c34)cc1,9.1,0.403653087920099,0.751251496360291,0.6206896551724138,
CC(OC(=O)C1Nc2ccccc2-c2ccnc3[nH]cc1c23)c1ccccc1,9.8,0.4987666263341024,0.7376592438423368,0.5573770491803278,
CC(O)(C(=O)OC(=O)c1ccccc1)C1Nc2ccccc2-c2ccnc3[nH]cc1c23,10.3,0.3483226174056441,0.7102764971546267,0.53125,
CCC(=O)CC,3.6,0.4957688321065222,0.8487492553186315,0.1,
O=CCC(C1Nc2ccccc2-c2ccnc3[nH]cc1c23)[N+](=O)[O-],8.2,0.4367530335573507,0.6743717547948882,0.5161290322580645,
COC(=O)C1Nc2ccccc2-c2ccnc3[nH]cc1c23,8.3,0.6721063220567792,0.7662233814989825,0.6730769230769231,
FC1Nc2ccccc2-c2ccnc3[nH]cc1c23,8.5,0.5880591585697107,0.744239921888104,0.5686274509803921,
c1ccc2c(c1)NC(ON1CC1)c1c[nH]c3nccc-2c13,7.7,0.7077047065302584,0.7170875884712805,0.5263157894736842,
O=C([O-])OCC1Nc2ccccc2-c2ccnc3[nH]cc1c23,8.4,0.7059791834866359,0.7137877152531665,0.6851851851851852,
O=C(O)COC1Nc2ccccc2-c2ccnc3[nH]cc1c23,8.3,0.6912976142496186,0.7424043017916282,0.6071428571428571,
CCC(=O)CC,3.6,0.4957688321065222,0.8487492553186315,0.1,
O=C(O)C1Nc2ccccc2-c2ccnc3[nH]cc1c23,8.6,0.6318823113143063,0.7696449417626966,0.6153846153846154,
COC1Nc2ccccc2-c2ccnc3[nH]cc1c23,8.3,0.697319046236027,0.7458796296527562,0.64,
O=C(O)COC(=O)CC1Nc2ccccc2-c2ccnc3[nH]cc1c23,8.5,0.6324128063480593,0.7597847778440339,0.7735849056603774,
O=C(CC1Nc2ccccc2-c2ccnc3[nH]cc1c23)OO,8.4,0.4992669395814544,0.7415855517916281,0.8367346938775511,
CC1Nc2ccccc2-c2ccnc3[nH]cc1c23,8.6,0.6231806317439508,0.7695458725412244,0.6,
COC(=O)CC1Nc2ccccc2-c2ccnc3[nH]cc1c23,8.5,0.711669858205952,0.7677824267916282,1.0,
CC1Nc2ccccc2-c2ccnc3[nH]cc1c23,8.6,0.6231806317439508,0.7695458725412244,0.6,
CC1Nc2ccccc2-c2ccnc3[nH]cc1c23,8.3,0.6231806317439508,0.7695458725412244,0.6,
COC(=O)CCC(C)(C)O,4.3,0.5963321479223016,0.8540774207967377,0.18181818181818182,
COCC1Nc2ccccc2-c2ccnc3[nH]cc1c23,8.4,0.7467968225892367,0.7589761740604981,0.72,
COC(C)=O,3.0,0.38296659073251405,0.9181870562026138,0.14583333333333334,
OCC(CC1Nc2ccccc2-c2ccnc3[nH]cc1c23)OCC1Nc2ccccc2-c2ccnc3[nH]cc1c23,10.7,0.1767216537944718,0.6285161197484892,0.5932203389830508,
Clc1ccc(CC2Nc3ccccc3-c3ccnc4[nH]cc2c34)cc1Cl,9.8,0.4318084535658303,0.7744538720582069,0.559322033898305,
COC(=O)CC(=O)O,3.9,0.3967301729265144,0.892401723982103,0.2,
CC(O)=NC1Nc2ccccc2-c2ccnc3[nH]cc1c23,8.6,0.46983088353978875,0.7160937471988564,0.5535714285714286,
c1ccc2c(c1)NC(CC1CC[NH2+]C1)c1c[nH]c3nccc-2c13,7.4,0.6815842774740793,0.6241429239787749,0.55,
CC1Nc2ccccc2-c2ccnc3[nH]cc1c23,8.2,0.6231806317439508,0.7695458725412244,0.6,
COC(=O)CC1Nc2ccccc2-c2ccnc3[nH]cc1c23,8.0,0.711669858205952,0.7677824267916282,1.0,
CC1Nc2ccccc2-c2ccnc3[nH]cc1c23,8.4,0.6231806317439508,0.7695458725412244,0.6,
c1ccc(C2Nc3ccccc3-c3ccnc4[nH]cc2c34)c(CCC2Nc3ccccc3-c3ccnc4[nH]cc2c34)c1,11.0,0.1793732220828838,0.6751090024227451,0.559322033898305,
CC(=O)CC1Nc2ccccc2-c2ccnc3[nH]cc1c23,8.7,0.7509697575665712,0.7603699136553508,0.7959183673469388,
CCC1Nc2ccccc2-c2ccnc3[nH]cc1c23,8.5,0.6811323512409708,0.7686156186637452,0.6938775510204082,
NCCCC(=O)CC1Nc2ccccc2-c2ccnc3[nH]cc1c23,8.5,0.6725766051009361,0.7470205804435247,0.6785714285714286,
COCC1Nc2ccccc2-c2ccnc3[nH]cc1c23,7.9,0.7467968225892367,0.7589761740604981,0.72,
COC(C)=O,3.0,0.38296659073251405,0.9181870562026138,0.14583333333333334,
COCCCC(=O)O,3.9,0.5465068186745989,0.9280724565828355,0.125,
COC(=O)CO,3.2,0.4265235649175736,0.8625554091647855,0.20408163265306123,
CC1Nc2ccccc2-c2ccnc3[nH]cc1c23,8.6,0.6231806317439508,0.7695458725412244,0.6,
CCC(=O)CC1Nc2ccccc2-c2ccnc3[nH]cc1c23,8.3,0.7645791387453474,0.7520795421762434,0.7647058823529411,
COCCC1Nc2ccccc2-c2ccnc3[nH]cc1c23,8.2,0.7676780846925618,0.7610493750717767,0.6923076923076923,
CC,1.6,0.3727855551576051,0.805825786783401,0.021739130434782608,
O=C(CC1Nc2ccccc2-c2ccnc3[nH]cc1c23)OO,8.4,0.4992669395814544,0.7415855517916281,0.8367346938775511,
COC(=O)OC,3.0,0.40368692642150095,0.8599492553186318,0.14583333333333334,
CCC1Nc2ccccc2-c2ccnc3[nH]cc1c23,8.3,0.6811323512409708,0.7686156186637452,0.6938775510204082,
COC(=O)C1Nc2ccccc2-c2ccnc3[nH]cc1c23,8.3,0.6721063220567792,0.7662233814989825,0.6730769230769231,
CCN(C)C,2.6,0.43830841291192973,0.9051450981606557,0.0392156862745098,
CCC(=O)C1CC1,4.2,0.5095344128763949,0.8703401143178373,0.1111111111111111,
CC(C)=O,2.7,0.3982369618339747,0.9272297042386004,0.0851063829787234,
CN(COC=O)CC1Nc2ccccc2-c2ccnc3[nH]cc1c23,8.3,0.5582102053440485,0.7032755254984697,0.6271186440677966,
CCC(=O)OC,3.4,0.43785087777866244,0.8949800245494008,0.20408163265306123,
CC1Nc2ccccc2-c2ccnc3[nH]cc1c23,8.4,0.6231806317439508,0.7695458725412244,0.6,
COC(=O)CCC(=O)CCCO,4.7,0.5873511097369849,0.874913010270924,0.17543859649122806,
CCC(=O)OC,3.4,0.43785087777866244,0.8949800245494008,0.20408163265306123,
O=C(O)C1Nc2ccccc2-c2ccnc3[nH]cc1c23,8.2,0.6318823113143063,0.7696449417626966,0.6153846153846154,
Clc1noc(C2Nc3ccccc3-c3ccnc4[nH]cc2c34)n1,8.9,0.5569692098108421,0.7260031078429383,0.46774193548387094,
CC(=O)N(C)C(=O)OC1Nc2ccccc2-c2ccnc3[nH]cc1c23,9.0,0.7119961860668609,0.7139320542374371,0.5666666666666667,
CCC(=O)OC,3.4,0.43785087777866244,0.8949800245494008,0.20408163265306123,
c1ccc2c(c1)NC(Cn1ccnn1)c1c[nH]c3nccc-2c13,8.2,0.5969249477518965,0.7318321031868952,0.5689655172413793,
c1ccc2c(c1)NC(Cc1ccc(C3Nc4ccccc4-c4ccnc5[nH]cc3c45)cc1)c1c[nH]c3nccc-2c13,11.1,0.1865839850813718,0.6866235160056111,0.5689655172413793,
COC(=O)OC1Nc2ccccc2-c2ccnc3[nH]cc1c23,7.9,0.672508710824703,0.7356759364070127,0.6481481481481481,
CC1Nc2ccccc2-c2ccnc3[nH]cc1c23,8.6,0.6231806317439508,0.7695458725412244,0.6,
CCC1Nc2ccccc2-c2ccnc3[nH]cc1c23,8.5,0.6811323512409708,0.7686156186637452,0.6938775510204082,
O=C(CC1Nc2ccccc2-c2ccnc3[nH]cc1c23)OO,8.4,0.4992669395814544,0.7415855517916281,0.8367346938775511,
Fc1ccccc1CC1Nc2ccccc2-c2ccnc3[nH]cc1c23,9.8,0.5383707119944,0.7785485281327842,0.5892857142857143,
CC1Nc2ccccc2-c2ccnc3[nH]cc1c23,8.6,0.6231806317439508,0.7695458725412244,0.6,
O=C(O)CC1Nc2ccccc2-c2ccnc3[nH]cc1c23,8.7,0.6729631713265855,0.770129056152198,0.7755102040816326,
O=C(O)CC1Nc2ccccc2-c2ccnc3[nH]cc1c23,8.5,0.6729631713265855,0.770129056152198,0.7755102040816326,
OOCC1Nc2ccccc2-c2ccnc3[nH]cc1c23,8.2,0.4923846001175123,0.7376447529392467,0.7,
CCNC(=O)C1Nc2ccccc2-c2ccnc3[nH]cc1c23,8.4,0.6799751911054834,0.7654547825608591,0.6071428571428571,
COC(=O)C1Nc2ccccc2-c2ccnc3[nH]cc1c23,8.4,0.6721063220567792,0.7662233814989825,0.6730769230769231,
COCC(C)=O,3.1,0.48239305419745987,0.85835438352376,0.1346153846153846,
CCC1Nc2ccccc2-c2ccnc3[nH]cc1c23,8.5,0.6811323512409708,0.7686156186637452,0.6938775510204082,
O=CCC1Nc2ccccc2-c2ccnc3[nH]cc1c23,8.4,0.6974516191296128,0.7405764348166913,0.6862745098039216,
O=C(CC1Nc2ccccc2-c2ccnc3[nH]cc1c23)C1CC1,8.5,0.7666719701093012,0.7510366223968656,0.7169811320754716,
COC(=O)C1Nc2ccccc2-c2ccnc3[nH]cc1c23,8.3,0.6721063220567792,0.7662233814989825,0.6730769230769231,
CCc1ccc(C2Nc3ccccc3-c3ccnc4[nH]cc2c34)cc1,9.5,0.5243586964845416,0.7928568441411004,0.5344827586206896,
c1ccc2c(c1)NC(c1cc3ccccn3c1)c1c[nH]c3nccc-2c13,8.3,0.45246335088453055,0.7346076247832147,0.4603174603174603,
CN(C)C1Nc2ccccc2-c2ccnc3[nH]cc1c23,8.1,0.7090033743848743,0.7413727932215826,0.5769230769230769,
COC(=O)CC(=O)OC,3.8,0.38282268372876527,0.89261821844651,0.2127659574468085,
OC(c1ccc(F)cc1)C1Nc2ccccc2-c2ccnc3[nH]cc1c23,9.5,0.49867489443523494,0.738227686454499,0.4918032786885246,
O=C(CC1Nc2ccccc2-c2ccnc3[nH]cc1c23)OCc1ccco1,8.6,0.527235244346797,0.7554697655910602,0.7068965517241379,
COC(=O)CC1Nc2ccccc2-c2ccnc3[nH]cc1c23,7.5,0.711669858205952,0.7677824267916282,1.0,
CC,1.6,0.3727855551576051,0.805825786783401,0.021739130434782608,
COC,1.9,0.3800398096193344,0.8936825512627795,0.06521739130434782,
CC,1.6,0.3727855551576051,0.805825786783401,0.021739130434782608,
COC(=O)C1Nc2ccccc2-c2ccnc3[nH]cc1c23,8.3,0.6721063220567792,0.7662233814989825,0.6730769230769231,
CCC1Nc2ccccc2-c2ccnc3[nH]cc1c23,8.5,0.6811323512409708,0.7686156186637452,0.6938775510204082,
Fc1cc(Cl)ccc1CC1Nc2ccccc2-c2ccnc3[nH]cc1c23,9.9,0.4770400594687239,0.7677971918962636,0.532258064516129,
O=CCOC(=O)CC1Nc2ccccc2-c2ccnc3[nH]cc1c23,8.3,0.5700509842945545,0.7390043167072609,0.7735849056603774,
O=C(CC1Nc2ccccc2-c2ccnc3[nH]cc1c23)C1CC1,8.3,0.7666719701093012,0.7510366223968656,0.7169811320754716,
CN(C)C(=O)C1Nc2ccccc2-c2ccnc3[nH]cc1c23,8.8,0.7247560575653099,0.7503509096976111,0.6,
CC(C)COC(=O)CC1Nc2ccccc2-c2ccnc3[nH]cc1c23,7.8,0.6982162843068408,0.7603456752799315,0.7777777777777778,
CC(=O)CNC1Nc2ccccc2-c2ccnc3[nH]cc1c23,8.4,0.6940314572015838,0.7302329075608589,0.6071428571428571,
CCC1Nc2ccccc2-c2ccnc3[nH]cc1c23,8.5,0.6811323512409708,0.7686156186637452,0.6938775510204082,
COC(C)=O,3.0,0.38296659073251405,0.9181870562026138,0.14583333333333334,
CC1Nc2ccccc2-c2ccnc3[nH]cc1c23,8.4,0.6231806317439508,0.7695458725412244,0.6,
CC(C)C(=O)NC1Nc2ccccc2-c2ccnc3[nH]cc1c23,8.8,0.679149479915416,0.7436767469489304,0.5789473684210527,
c1coc(C2Nc3ccccc3-c3ccnc4[nH]cc2c34)c1,8.6,0.547357288074638,0.7663717333184348,0.5087719298245614,
O=C(CC1Nc2ccccc2-c2ccnc3[nH]cc1c23)c1ccccc1Cl,9.7,0.45785512855029564,0.7734357441694439,0.6785714285714286,
O=C(O)C(=O)C1CC1,4.3,0.5158512875888535,0.8575855701359492,0.07272727272727272,
CN,1.8,0.3846582089034356,0.7782360431936574,0.02127659574468085,
CC(=O)C1CC1,3.8,0.4626298374115389,0.8902189989083753,0.09433962264150944,
COC1Nc2ccccc2-c2ccnc3[nH]cc1c23,8.0,0.697319046236027,0.7458796296527562,0.64,
CO,1.8,0.38528440447384316,0.8109950175526317,0.043478260869565216,
COC(=O)CC1Nc2ccccc2-c2ccnc3[nH]cc1c23,8.3,0.711669858205952,0.7677824267916282,1.0,
CCC(=O)NC1CCCC[NH+]1C,5.0,0.5788427420694828,0.5661033009201134,0.10606060606060606,
CC1Nc2ccccc2-c2ccnc3[nH]cc1c23,8.3,0.6231806317439508,0.7695458725412244,0.6,
CC(CCC=O)C1Nc2ccccc2-c2ccnc3[nH]cc1c23,8.7,0.7060633880459747,0.7018967501655669,0.55,
CC(=O)O,2.8,0.4298828832001217,0.9427854734693698,0.08333333333333333,
COC(=O)C1Nc2ccccc2-c2ccnc3[nH]cc1c23,8.3,0.6721063220567792,0.7662233814989825,0.6730769230769231,
CCC(=O)OC,3.4,0.43785087777866244,0.8949800245494008,0.20408163265306123,
COCC(C=O)CC1Nc2ccccc2-c2ccnc3[nH]cc1c23,8.3,0.7053314024512622,0.6858524746547386,0.6551724137931034,
Clc1ccc(CC2Nc3ccccc3-c3ccnc4[nH]cc2c34)c(Cl)c1,10.1,0.4318084535658303,0.7714931433132678,0.55,
COC1Nc2ccccc2-c2ccnc3[nH]cc1c23,8.3,0.697319046236027,0.7458796296527562,0.64,
CC1Nc2ccccc2-c2ccnc3[nH]cc1c23,8.6,0.6231806317439508,0.7695458725412244,0.6,
CC(C)(CCO)COC(=O)COC(=O)CC1Nc2ccccc2-c2ccnc3[nH]cc1c23,8.2,0.46166345889507376,0.7234148516810374,0.6666666666666666,
CC(=O)C1Nc2ccccc2-c2ccnc3[nH]cc1c23,8.6,0.7079770911936271,0.755194809136702,0.6346153846153846,
COCC(=O)C1CC1,3.9,0.5370518916073314,0.8607845444949235,0.14285714285714285,
c1ccc2c(c1)NC(Cc1ccc(C3Nc4ccccc4-c4ccnc5[nH]cc3c45)cc1)c1c[nH]c3nccc-2c13,11.1,0.1865839850813718,0.6866235160056111,0.5689655172413793,
COCCC(=O)O,3.5,0.5522753046772026,0.9131495160272391,0.12962962962962962,
COC1Nc2ccccc2-c2ccnc3[nH]cc1c23,8.3,0.697319046236027,0.7458796296527562,0.64,
COC,1.9,0.3800398096193344,0.8936825512627795,0.06521739130434782,
O=C(O)CC1Nc2ccccc2-c2ccnc3[nH]cc1c23,8.4,0.6729631713265855,0.770129056152198,0.7755102040816326,
CC(C)C(=O)CC1Nc2ccccc2-c2ccnc3[nH]cc1c23,8.2,0.7577153320956096,0.7484033203755039,0.75,
COCC(=O)NC(=O)CC1Nc2ccccc2-c2ccnc3[nH]cc1c23,9.2,0.6712871106701488,0.7548165873078695,0.7454545454545455,
FC(F)(F)CC1Nc2ccccc2-c2ccnc3[nH]cc1c23,8.9,0.6867944576672145,0.744881312628014,0.6226415094339622,
c1ccc(CCOCC2Nc3ccccc3-c3ccnc4[nH]cc2c34)cc1,9.2,0.4977747851581403,0.7763720827800441,0.5862068965517241,
O=C(O)Oc1ccccc1OCC1Nc2ccccc2-c2ccnc3[nH]cc1c23,9.5,0.34272917481955645,0.7621596348268631,0.6379310344827587,
O=CC(=O)O,3.2,0.3292675030726765,0.8478192240347817,0.10204081632653061,
Clc1ccc(C2Nc3ccccc3-c3ccnc4[nH]cc2c34)cc1Cl,9.7,0.4304311552681669,0.7835077113412825,0.48333333333333334,
COOC,2.4,0.3187444544547157,0.8055042768881732,0.06382978723404255,
O=C(CNc1ccccc1)CC1Nc2ccccc2-c2ccnc3[nH]cc1c23,9.5,0.47462100046496014,0.7640148126647098,0.6785714285714286,
c1ccc2c(c1)NC(n1ccnc1)c1c[nH]c3nccc-2c13,8.0,0.5638767474485491,0.7388132251599264,0.5,
COC(=O)OC,3.0,0.40368692642150095,0.8599492553186318,0.14583333333333334,
CC(=O)O,2.8,0.4298828832001217,0.9427854734693698,0.08333333333333333,
CN(C)CC1Nc2ccccc2-c2ccnc3[nH]cc1c23,8.2,0.7559548635868751,0.7552599514863721,0.6538461538461539,
CC1Nc2ccccc2-c2ccnc3[nH]cc1c23,8.4,0.6231806317439508,0.7695458725412244,0.6,
CC1Nc2ccccc2-c2ccnc3[nH]cc1c23,8.4,0.6231806317439508,0.7695458725412244,0.6,
COC1Nc2ccccc2-c2ccnc3[nH]cc1c23,8.3,0.697319046236027,0.7458796296527562,0.64,
CC(C#N)C1Nc2ccccc2-c2ccnc3[nH]cc1c23,8.0,0.7079114654765387,0.7032353189456494,0.5172413793103449,
c1ccc2c(c1)NC(C1CC1)c1c[nH]c3nccc-2c13,7.2,0.691857113615473,0.7696244139561956,0.5370370370370371,
COC(=O)CC1Nc2ccccc2-c2ccnc3[nH]cc1c23,8.1,0.711669858205952,0.7677824267916282,1.0,
COC(=O)C1Nc2ccccc2-c2ccnc3[nH]cc1c23,8.2,0.6721063220567792,0.7662233814989825,0.6730769230769231,
CCC(=O)O,3.3,0.4908446664452931,0.9284024408179986,0.1,
COCC1Nc2ccccc2-c2ccnc3[nH]cc1c23,8.4,0.7467968225892367,0.7589761740604981,0.72,
c1ccc2c(c1)NCc1c[nH]c3nccc-2c13,8.1,0.6118603980597437,0.8168337282117835,0.4444444444444444,
COC(=O)CCC(=O)OC,4.2,0.5301974190717502,0.9213394326310573,0.20833333333333334,
CC1CCC(CC(=O)C(=O)OCC(=O)C2CC2)C1C,6.4,0.5456959818062231,0.6946711041401333,0.11428571428571428,
CC(=O)N(C)C,3.4,0.40990688283686294,0.8908874012752394,0.0784313725490196,
CC(=O)C(=O)CC1Nc2ccccc2-c2ccnc3[nH]cc1c23,8.5,0.7284159371261512,0.741191898464082,0.7647058823529411,
O=C(Cc1ccc(O)c(CO)c1)C1Nc2ccccc2-c2ccnc3[nH]cc1c23,9.9,0.4293298622125749,0.7433680252599594,0.4925373134328358,
COC(=O)CC1Nc2ccccc2-c2ccnc3[nH]cc1c23,8.0,0.711669858205952,0.7677824267916282,1.0,
COc1cccc(C2Nc3ccccc3-c3ccnc4[nH]cc2c34)c1,9.6,0.5582562908791163,0.7926863659706223,0.5333333333333333,
O=C(O)Cc1ccc(C(=O)CC2Nc3ccccc3-c3ccnc4[nH]cc2c34)cc1F,10.2,0.40955319212163577,0.754425887052562,0.5846153846153846,
CC(C)CC1Nc2ccccc2-c2ccnc3[nH]cc1c23,8.7,0.7098083021719735,0.7645984130248337,0.6538461538461539,
COC(=O)C1Nc2ccccc2-c2ccnc3[nH]cc1c23,8.2,0.6721063220567792,0.7662233814989825,0.6730769230769231,
COC(=O)CC(=O)O,4.0,0.3967301729265144,0.892401723982103,0.2,
COC(=O)CCC(=O)OC,4.1,0.5301974190717502,0.9213394326310573,0.20833333333333334,
COCC1Nc2ccccc2-c2ccnc3[nH]cc1c23,8.0,0.7467968225892367,0.7589761740604981,0.72,
CN(C)OCC(=O)C1CC1,4.3,0.5353006643488715,0.7795465332227732,0.15789473684210525,
CC(C)COC(=O)CC1Nc2ccccc2-c2ccnc3[nH]cc1c23,8.7,0.6982162843068408,0.7603456752799315,0.7777777777777778,
O=COC1Nc2ccccc2-c2ccnc3[nH]cc1c23,8.0,0.6990901318117915,0.7228155482456351,0.6037735849056604,
COC(C)=O,3.0,0.38296659073251405,0.9181870562026138,0.14583333333333334,
CNCC1Nc2ccccc2-c2ccnc3[nH]cc1c23,8.0,0.6667965808935049,0.7516249354685818,0.6666666666666666,
O=C(O)CC(=O)O,4.1,0.464877093759921,0.8831009489080837,0.10204081632653061,
c1ccc2c(c1)NCc1c[nH]c3nccc-2c13,8.2,0.6118603980597437,0.8168337282117835,0.4444444444444444,
COC1Nc2ccccc2-c2ccnc3[nH]cc1c23,8.1,0.697319046236027,0.7458796296527562,0.64,
COC(=O)CC1Nc2ccccc2-c2ccnc3[nH]cc1c23,8.1,0.711669858205952,0.7677824267916282,1.0,
CCC1Nc2ccccc2-c2ccnc3[nH]cc1c23,8.1,0.6811323512409708,0.7686156186637452,0.6938775510204082,
O=C(O)C(=O)CC1Nc2ccccc2-c2ccnc3[nH]cc1c23,8.6,0.6466767645939635,0.7473424812146646,0.7450980392156863,
COC(=O)C1Nc2ccccc2-c2ccnc3[nH]cc1c23,8.3,0.6721063220567792,0.7662233814989825,0.6730769230769231,
C#CCCC1Nc2ccccc2-c2ccnc3[nH]cc1c23,7.8,0.6897844643469058,0.7349498713496924,0.6111111111111112,
CC1Nc2ccccc2-c2ccnc3[nH]cc1c23,8.6,0.6231806317439508,0.7695458725412244,0.6,
CCC(=O)O,3.3,0.4908446664452931,0.9284024408179986,0.1,
CC1Nc2ccccc2-c2ccnc3[nH]cc1c23,8.6,0.6231806317439508,0.7695458725412244,0.6,
O=[N+]([O-])CC1Nc2ccccc2-c2ccnc3[nH]cc1c23,8.1,0.5580406614716573,0.7340407837688439,0.6296296296296297,
CC(C)CC(=O)C1Nc2ccccc2-c2ccnc3[nH]cc1c23,8.6,0.7577153320956096,0.7497021548743383,0.625,
COCC1Nc2ccccc2-c2ccnc3[nH]cc1c23,8.4,0.7467968225892367,0.7589761740604981,0.72,
c1ccc2c(c1)NC(Cc1cccc3ccccc13)c1c[nH]c3nccc-2c13,9.4,0.3991844546955692,0.7825020561441222,0.5689655172413793,
CC(C)C(F)(CC1Nc2ccccc2-c2ccnc3[nH]cc1c23)C1Nc2ccccc2-c2ccnc3[nH]cc1c23,10.0,0.1860519281420686,0.6226789305927479,0.5573770491803278,
COC(=O)C1Nc2ccccc2-c2ccnc3[nH]cc1c23,8.4,0.6721063220567792,0.7662233814989825,0.6730769230769231,
CC,1.6,0.3727855551576051,0.805825786783401,0.021739130434782608,
COC(=O)CC1Nc2ccccc2-c2ccnc3[nH]cc1c23,8.0,0.711669858205952,0.7677824267916282,1.0,
CC(C)C(=O)C1Nc2ccccc2-c2ccnc3[nH]cc1c23,8.5,0.7520248267969959,0.7462283211750226,0.6,
CCC1Nc2ccccc2-c2ccnc3[nH]cc1c23,8.5,0.6811323512409708,0.7686156186637452,0.6938775510204082,
O=C(CO)NC(=O)C1Nc2ccccc2-c2ccnc3[nH]cc1c23,8.0,0.5693026349955093,0.7425429852850599,0.5689655172413793,
CC1Nc2ccccc2-c2ccnc3[nH]cc1c23,8.5,0.6231806317439508,0.7695458725412244,0.6,
N#CCC1Nc2ccccc2-c2ccnc3[nH]cc1c23,7.8,0.7020962187542448,0.7417279341648008,0.6346153846153846,
CC[NH+](CO)C1Nc2ccccc2-c2ccnc3[nH]cc1c23,7.7,0.5538563827107119,0.6369094927061388,0.5517241379310345,
O=C(O)C1Nc2ccccc2-c2ccnc3[nH]cc1c23,8.4,0.6318823113143063,0.7696449417626966,0.6153846153846154,
O=C([O-])C1Nc2ccccc2-c2ccnc3[nH]cc1c23,8.3,0.6966596516684814,0.7250338011791422,0.6037735849056604,
COC(=O)CCC(=O)OC,4.1,0.5301974190717502,0.9213394326310573,0.20833333333333334,
c1ccc2c(c1)NCc1c[nH]c3nccc-2c13,8.2,0.6118603980597437,0.8168337282117835,0.4444444444444444,
CC1Nc2ccccc2-c2ccnc3[nH]cc1c23,8.6,0.6231806317439508,0.7695458725412244,0.6,
CC(=O)CC1Nc2ccccc2-c2ccnc3[nH]cc1c23,8.7,0.7509697575665712,0.7603699136553508,0.7959183673469388,
Brc1ccc(CC2Nc3ccccc3-c3ccnc4[nH]cc2c34)cc1,9.7,0.46092393957449357,0.7805878212720775,0.5892857142857143,
CCC(C)C,3.4,0.44444083512699417,0.9241423009578588,0.0392156862745098,
CC(C)=O,2.8,0.3982369618339747,0.9272297042386004,0.0851063829787234,
c1cc(COC2Nc3ccccc3-c3ccnc4[nH]cc2c34)cc(C2Nc3ccccc3-c3ccnc4[nH]cc2c34)c1,10.5,0.179988922452211,0.667265046378789,0.4696969696969697,
CC1Nc2ccccc2-c2ccnc3[nH]cc1c23,8.4,0.6231806317439508,0.7695458725412244,0.6,
c1ccc2c(c1)NCc1c[nH]c3nccc-2c13,8.2,0.6118603980597437,0.8168337282117835,0.4444444444444444,
COC(=O)C(=O)C1Nc2ccccc2-c2ccnc3[nH]cc1c23,8.2,0.5609559956391268,0.7437145091866927,0.6481481481481481,
CN(C)C(=O)OCC1Nc2ccccc2-c2ccnc3[nH]cc1c23,8.9,0.7585036739038193,0.7465202428101435,0.6785714285714286,
CC,1.6,0.3727855551576051,0.805825786783401,0.021739130434782608,
COCC1Nc2ccccc2-c2ccnc3[nH]cc1c23,8.4,0.7467968225892367,0.7589761740604981,0.72,
COC(=O)O,3.1,0.42219487491764734,0.885815028230586,0.14583333333333334,
O=C(O)C(=O)C(=O)CC1Nc2ccccc2-c2ccnc3[nH]cc1c23,9.3,0.49809994549765635,0.7316076772060178,0.7169811320754716,
CC1Nc2ccccc2-c2ccnc3[nH]cc1c23,8.3,0.6231806317439508,0.7695458725412244,0.6,
COC1Nc2ccccc2-c2ccnc3[nH]cc1c23,8.3,0.697319046236027,0.7458796296527562,0.64,
CC(=O)COC(=O)C1Nc2ccccc2-c2ccnc3[nH]cc1c23,8.3,0.7247351253783374,0.7535264858424734,0.6140350877192983,
CCCC1Nc2ccccc2-c2ccnc3[nH]cc1c23,8.5,0.7145032431531244,0.7692400593277733,0.6666666666666666,
COC(C)=O,2.9,0.38296659073251405,0.9181870562026138,0.14583333333333334,
CC1Nc2ccccc2-c2ccnc3[nH]cc1c23,8.6,0.6231806317439508,0.7695458725412244,0.6,
CC(=O)OOC(=O)C1Nc2ccccc2-c2ccnc3[nH]cc1c23,8.8,0.5281613166540025,0.727963052174692,0.5964912280701754,
CC(COC(=O)C(=O)c1ccccc1)C1Nc2ccccc2-c2ccnc3[nH]cc1c23,9.8,0.28103895625055403,0.7182335834890163,0.5384615384615384,
CC(C)C(=O)CC1Nc2ccccc2-c2ccnc3[nH]cc1c23,8.6,0.7577153320956096,0.7484033203755039,0.75,
CC(=O)CC1Nc2ccccc2-c2ccnc3[nH]cc1c23,8.6,0.7509697575665712,0.7603699136553508,0.7959183673469388,
CC(=O)C1Nc2ccccc2-c2ccnc3[nH]cc1c23,8.5,0.7079770911936271,0.755194809136702,0.6346153846153846,
CC(C)C(=O)C1Nc2ccccc2-c2ccnc3[nH]cc1c23,8.3,0.7520248267969959,0.7462283211750226,0.6,
COC1Nc2ccccc2-c2ccnc3[nH]cc1c23,8.0,0.697319046236027,0.7458796296527562,0.64,
O=C(CC1Nc2ccccc2-c2ccnc3[nH]cc1c23)NCc1ccccc1,9.1,0.49988676902999285,0.7876274169279165,0.6785714285714286,
CN(C)CC(=O)c1ccc(C2Nc3ccccc3-c3ccnc4[nH]cc2c34)cc1,9.5,0.5107230463709568,0.7718922010841354,0.5396825396825397,
CC,1.6,0.3727855551576051,0.805825786783401,0.021739130434782608,
CCC1Nc2ccccc2-c2ccnc3[nH]cc1c23,8.3,0.6811323512409708,0.7686156186637452,0.6938775510204082,
O=C(OC(=O)C1Nc2ccccc2-c2ccnc3[nH]cc1c23)c1ccccc1,9.4,0.4108225726662411,0.7666745970178825,0.559322033898305,
O=C(CC1Nc2ccccc2-c2ccnc3[nH]cc1c23)C1CC1,8.6,0.7666719701093012,0.7510366223968656,0.7169811320754716,
COC(C)=O,3.0,0.38296659073251405,0.9181870562026138,0.14583333333333334,
CO,1.8,0.38528440447384316,0.8109950175526317,0.043478260869565216,
COCC1Nc2ccccc2-c2ccnc3[nH]cc1c23,8.5,0.7467968225892367,0.7589761740604981,0.72,
O=C(NCCCO)C1Nc2ccccc2-c2ccnc3[nH]cc1c23,8.7,0.554365751784034,0.7634034375863819,0.55,
COC(=O)CC1Nc2ccccc2-c2ccnc3[nH]cc1c23,7.7,0.711669858205952,0.7677824267916282,1.0,
CC,1.6,0.3727855551576051,0.805825786783401,0.021739130434782608,
O=C(CC1Nc2ccccc2-c2ccnc3[nH]cc1c23)c1cc(Cl)cc(Cl)c1,10.2,0.39265589669163004,0.7584313940901267,0.6666666666666666,
COC(=O)C1Nc2ccccc2-c2ccnc3[nH]cc1c23,8.4,0.6721063220567792,0.7662233814989825,0.6730769230769231,
CC(=O)OC1Nc2ccccc2-c2ccnc3[nH]cc1c23,8.4,0.6711205635130318,0.7447260296704832,0.6296296296296297,
CN(C)C(=O)C1Nc2ccccc2-c2ccnc3[nH]cc1c23,8.3,0.7247560575653099,0.7503509096976111,0.6,
OC1Nc2ccccc2-c2ccnc3[nH]cc1c23,8.2,0.5629738891845363,0.7611354226137935,0.6,
CCC(=O)OC,3.4,0.43785087777866244,0.8949800245494008,0.20408163265306123,
O=C(CCCF)CC1Nc2ccccc2-c2ccnc3[nH]cc1c23,8.4,0.7312101672088301,0.7354458551687993,0.6785714285714286,
CC1Nc2ccccc2-c2ccnc3[nH]cc1c23,8.3,0.6231806317439508,0.7695458725412244,0.6,
CC(=O)CC1Nc2ccccc2-c2ccnc3[nH]cc1c23,8.5,0.7509697575665712,0.7603699136553508,0.7959183673469388,
c1ccc2c(c1)NCc1c[nH]c3nccc-2c13,8.2,0.6118603980597437,0.8168337282117835,0.4444444444444444,
COC,1.8,0.3800398096193344,0.8936825512627795,0.06521739130434782,
CC(C)(O)CC1Nc2ccccc2-c2ccnc3[nH]cc1c23,8.7,0.6721466437114944,0.7459174542641556,0.660377358490566,
COC(C)=O,3.0,0.38296659073251405,0.9181870562026138,0.14583333333333334,
CO,1.8,0.38528440447384316,0.8109950175526317,0.043478260869565216,
COCC1Nc2ccccc2-c2ccnc3[nH]cc1c23,8.4,0.7467968225892367,0.7589761740604981,0.72,
O=C(OC1Nc2ccccc2-c2ccnc3[nH]cc1c23)c1ccc(F)cc1,9.9,0.5113803596641693,0.7643802427088793,0.559322033898305,
CC1Nc2ccccc2-c2ccnc3[nH]cc1c23,8.6,0.6231806317439508,0.7695458725412244,0.6,
O=C(Cc1ccccc1C1Nc2ccccc2-c2ccnc3[nH]cc1c23)C1CC1,8.7,0.508012217363509,0.7605726665010714,0.532258064516129,
COC(=O)CN,3.2,0.4242005405895023,0.8520538707032471,0.2,
CC1Nc2ccccc2-c2ccnc3[nH]cc1c23,8.4,0.6231806317439508,0.7695458725412244,0.6,
COC(=O)C1Nc2ccccc2-c2ccnc3[nH]cc1c23,8.3,0.6721063220567792,0.7662233814989825,0.6730769230769231,
CCC(=O)CC1Nc2ccccc2-c2ccnc3[nH]cc1c23,8.6,0.7645791387453474,0.7520795421762434,0.7647058823529411,
CC1Nc2ccccc2-c2ccnc3[nH]cc1c23,8.6,0.6231806317439508,0.7695458725412244,0.6,
COC(=O)CC1Nc2ccccc2-c2ccnc3[nH]cc1c23,7.9,0.711669858205952,0.7677824267916282,1.0,
CCC1Nc2ccccc2-c2ccnc3[nH]cc1c23,8.5,0.6811323512409708,0.7686156186637452,0.6938775510204082,
CN(C(=O)OC1Nc2ccccc2-c2ccnc3[nH]cc1c23)c1ccccc1O,9.4,0.46715509157842144,0.7274390875310217,0.5396825396825397,
CS(=O)(=O)OCC1Nc2ccccc2-c2ccnc3[nH]cc1c23,8.8,0.7218166654548387,0.7417748821470656,0.6545454545454545,
O=C(OC1Nc2ccccc2-c2ccnc3[nH]cc1c23)c1ccccc1,9.4,0.5264668342028176,0.7695379406212228,0.5892857142857143,
O=CC(COc1ccccc1)CC1Nc2ccccc2-c2ccnc3[nH]cc1c23,9.5,0.460898129926029,0.7100658433147716,0.5901639344262295,
CC(C)C(=O)C1CC1,4.5,0.5301885489839646,0.864628647059026,0.08928571428571429,
Cc1ccc(NC2Nc3ccccc3-c3ccnc4[nH]cc2c34)c(C)c1,10.0,0.45886480123082424,0.7572639935156968,0.4838709677419355,
c1ccc(C2Nc3ccccc3-c3ccnc4[nH]cc2c34)cc1,9.4,0.5323079821719929,0.800543808872514,0.5471698113207547,
NS(=O)(=O)CC1Nc2ccccc2-c2ccnc3[nH]cc1c23,8.3,0.6729869748311852,0.739303046449748,0.6296296296296297,
Fc1cccc(OCCC2Nc3ccccc3-c3ccnc4[nH]cc2c34)c1,9.5,0.5194376093126308,0.7715426502064449,0.5483870967741935,
Cc1ccc(I)cc1C1Nc2ccccc2-c2ccnc3[nH]cc1c23,10.0,0.37770669513356675,0.7641502824687851,0.4918032786885246,
CC(=O)C1CC1,3.8,0.4626298374115389,0.8902189989083753,0.09433962264150944,
COOC1Nc2ccccc2-c2ccnc3[nH]cc1c23,8.1,0.5525530033964453,0.7220789120005243,0.6037735849056604,
CCC(=O)OC,3.4,0.43785087777866244,0.8949800245494008,0.20408163265306123,
CC,1.6,0.3727855551576051,0.805825786783401,0.021739130434782608,
OCOC1Nc2ccccc2-c2ccnc3[nH]cc1c23,8.1,0.6241645908363062,0.7254783904881383,0.5925925925925926,
CC(=O)CC1Nc2ccccc2-c2ccnc3[nH]cc1c23,8.1,0.7509697575665712,0.7603699136553508,0.7959183673469388,
OCC1Nc2ccccc2-c2ccnc3[nH]cc1c23,8.2,0.6228469872919925,0.762604629652756,0.6938775510204082,
COn1cncn1,3.5,0.46875204804713044,0.7240620801298032,0.08620689655172414,
CC1Nc2ccccc2-c2ccnc3[nH]cc1c23,8.3,0.6231806317439508,0.7695458725412244,0.6,
CN(CC(=O)O)C1Nc2ccccc2-c2ccnc3[nH]cc1c23,8.0,0.6928559271084319,0.7374953949675784,0.5862068965517241,
CCC,2.2,0.3854706587740357,0.916115884596113,0.0425531914893617,
CCC1Nc2ccccc2-c2ccnc3[nH]cc1c23,8.5,0.6811323512409708,0.7686156186637452,0.6938775510204082,
CC,1.6,0.3727855551576051,0.805825786783401,0.021739130434782608,
CC1Nc2ccccc2-c2ccnc3[nH]cc1c23,8.4,0.6231806317439508,0.7695458725412244,0.6,
COCC1Nc2ccccc2-c2ccnc3[nH]cc1c23,8.1,0.7467968225892367,0.7589761740604981,0.72,
COCC1Nc2ccccc2-c2ccnc3[nH]cc1c23,8.1,0.7467968225892367,0.7589761740604981,0.72,
COC1Nc2ccccc2-c2ccnc3[nH]cc1c23,8.3,0.697319046236027,0.7458796296527562,0.64,
CC(=O)CC1Nc2ccccc2-c2ccnc3[nH]cc1c23,8.7,0.7509697575665712,0.7603699136553508,0.7959183673469388,
COC1Nc2ccccc2-c2ccnc3[nH]cc1c23,8.0,0.697319046236027,0.7458796296527562,0.64,
CCC1Nc2ccccc2-c2ccnc3[nH]cc1c23,8.6,0.6811323512409708,0.7686156186637452,0.6938775510204082,
O=C(CC1Nc2ccccc2-c2ccnc3[nH]cc1c23)C1CC1,8.3,0.7666719701093012,0.7510366223968656,0.7169811320754716,
OCCCC1Nc2ccccc2-c2ccnc3[nH]cc1c23,8.3,0.6876888575155434,0.7634694743273598,0.6415094339622641,
O=C(CCC1Nc2ccccc2-c2ccnc3[nH]cc1c23)C1Nc2ccccc2-c2ccnc3[nH]cc1c23,10.9,0.2162380499502174,0.666092521938088,0.6428571428571429,
COC(=O)C1Nc2ccccc2-c2ccnc3[nH]cc1c23,8.2,0.6721063220567792,0.7662233814989825,0.6730769230769231,
CC1Nc2ccccc2-c2ccnc3[nH]cc1c23,8.6,0.6231806317439508,0.7695458725412244,0.6,
O=C(CC1Nc2ccccc2-c2ccnc3[nH]cc1c23)c1ccc(CC(=O)C2CC2)cc1,9.7,0.40374076043439944,0.7570345410074266,0.6031746031746031,
COC(=O)CC1Nc2ccccc2-c2ccnc3[nH]cc1c23,8.6,0.711669858205952,0.7677824267916282,1.0,
C[SH](C)CC1Nc2ccccc2-c2ccnc3[nH]cc1c23,7.8,0.6267105774912568,0.6824190939832195,0.6538461538461539,
CCC1Nc2ccccc2-c2ccnc3[nH]cc1c23,8.5,0.6811323512409708,0.7686156186637452,0.6938775510204082,
O=C(c1ccccc1)C1Nc2ccccc2-c2ccnc3[nH]cc1c23,9.7,0.5304148278745382,0.781297176781433,0.5818181818181818,
CC,1.6,0.3727855551576051,0.805825786783401,0.021739130434782608,
c1ccc2c(c1)NC(C1CC1)c1c[nH]c3nccc-2c13,7.5,0.691857113615473,0.7696244139561956,0.5370370370370371,
CCC1Nc2ccccc2-c2ccnc3[nH]cc1c23,8.5,0.6811323512409708,0.7686156186637452,0.6938775510204082,
COCC1Nc2ccccc2-c2ccnc3[nH]cc1c23,8.0,0.7467968225892367,0.7589761740604981,0.72,
COC(=O)C1Nc2ccccc2-c2ccnc3[nH]cc1c23,8.4,0.6721063220567792,0.7662233814989825,0.6730769230769231,
O=C(O)C(=O)CC1Nc2ccccc2-c2ccnc3[nH]cc1c23,8.2,0.6466767645939635,0.7473424812146646,0.7450980392156863,
c1ccc2c(c1)NC(OC1CC1)c1c[nH]c3nccc-2c13,7.5,0.748067683882564,0.7358255537318263,0.5357142857142857,
CCC=O,2.6,0.40325990291792796,0.8193008580847544,0.08,
COC(C)=O,3.0,0.38296659073251405,0.9181870562026138,0.14583333333333334,
C=CCCC1Nc2ccccc2-c2ccnc3[nH]cc1c23,8.0,0.6822788011230873,0.7475039656424963,0.6,
CC,1.6,0.3727855551576051,0.805825786783401,0.021739130434782608,
CCC1Nc2ccccc2-c2ccnc3[nH]cc1c23,8.5,0.6811323512409708,0.7686156186637452,0.6938775510204082,
c1ccc2c(c1)NC(C1CCC1)c1c[nH]c3nccc-2c13,7.2,0.6863345875043085,0.7699642634092457,0.5178571428571429,
O=C(OC1Nc2ccccc2-c2ccnc3[nH]cc1c23)C1Nc2ccccc2-c2ccnc3[nH]cc1c23,10.6,0.22777326486460692,0.661691164323924,0.6071428571428571,
OC1CC[NH+](C2Nc3ccccc3-c3ccnc4[nH]cc2c34)CC1,9.2,0.5514657987357253,0.6449213419355537,0.5084745762711864,
c1ccc2c(c1)NCc1c[nH]c3nccc-2c13,8.2,0.6118603980597437,0.8168337282117835,0.4444444444444444,
CCOC(=O)C1Nc2ccccc2-c2ccnc3[nH]cc1c23,8.0,0.711669858205952,0.7683040614070128,0.625,
O=CC(CCC(=O)OC(=O)C1Nc2ccccc2-c2ccnc3[nH]cc1c23)CC1Nc2ccccc2-c2ccnc3[nH]cc1c23,9.4,0.0934447120807252,0.6043837763773925,0.582089552238806,
COCC(C)C,3.2,0.49389656658538444,0.8800579732673496,0.07547169811320754,
CC(=O)CC(C)=O,3.8,0.4748220028701909,0.869717238500844,0.12244897959183673,
CCC1Nc2ccccc2-c2ccnc3[nH]cc1c23,8.5,0.6811323512409708,0.7686156186637452,0.6938775510204082,
COC(=O)CC1Nc2ccccc2-c2ccnc3[nH]cc1c23,8.1,0.711669858205952,0.7677824267916282,1.0,
O=CC(=O)C1Nc2ccccc2-c2ccnc3[nH]cc1c23,8.3,0.5571064036740939,0.7335900902001175,0.6226415094339622,
Fc1ccc(CC2Nc3ccccc3-c3ccnc4[nH]cc2c34)cc1,9.5,0.5383707119944,0.7856275302117864,0.5892857142857143,
CCC(=O)O,3.3,0.4908446664452931,0.9284024408179986,0.1,
CS(C)(=O)=O,2.6,0.4113012117885555,0.8804937694893271,0.04081632653061224,
CC(C)CC1Nc2ccccc2-c2ccnc3[nH]cc1c23,8.7,0.7098083021719735,0.7645984130248337,0.6538461538461539,
CCCCC1Nc2ccccc2-c2ccnc3[nH]cc1c23,8.1,0.7154985565524649,0.7721081840047792,0.6415094339622641,
COCC(=O)C(C)C,4.0,0.5462654014188199,0.857365570135949,0.12727272727272726,
c1ccc2c(c1)NC(OCc1nccs1)c1c[nH]c3nccc-2c13,8.0,0.5853190570056108,0.7179562703092145,0.5,
COC(=O)CC1Nc2ccccc2-c2ccnc3[nH]cc1c23,8.2,0.711669858205952,0.7677824267916282,1.0,
CC1CCN(C(=O)CC2Nc3ccccc3-c3ccnc4[nH]cc2c34)CC1,9.5,0.7143429085846313,0.7633483050263086,0.6610169491525424,
CC(=O)CC(C)C,4.1,0.5150193170931499,0.8743208584103461,0.11320754716981132,
O=C(NC1Nc2ccccc2-c2ccnc3[nH]cc1c23)C1Nc2ccccc2-c2ccnc3[nH]cc1c23,9.4,0.22400561181188047,0.6659812342539939,0.5614035087719298,
COCOC1Nc2ccccc2-c2ccnc3[nH]cc1c23,7.6,0.7233203747501545,0.7330563229625955,0.6,
CO,1.8,0.38528440447384316,0.8109950175526317,0.043478260869565216,
COCC1Nc2ccccc2-c2ccnc3[nH]cc1c23,8.0,0.7467968225892367,0.7589761740604981,0.72,
CCC1Nc2ccccc2-c2ccnc3[nH]cc1c23,8.6,0.6811323512409708,0.7686156186637452,0.6938775510204082,
COC(C)C=O,3.0,0.4512097443999667,0.7024492559857115,0.09259259259259259,
CC(C)(O)CC1Nc2ccccc2-c2ccnc3[nH]cc1c23,8.5,0.6721466437114944,0.7459174542641556,0.660377358490566,
CC1Nc2ccccc2-c2ccnc3[nH]cc1c23,8.4,0.6231806317439508,0.7695458725412244,0.6,
COC(=O)CCC(C)=O,4.2,0.5231690070940209,0.9070857769749381,0.19230769230769232,
O=C(O)C1Nc2ccccc2-c2ccnc3[nH]cc1c23,8.4,0.6318823113143063,0.7696449417626966,0.6153846153846154,
CCC(C)=O,3.3,0.4510508050249618,0.9060485946641523,0.1,
CC(=O)C1CC1,3.8,0.4626298374115389,0.8902189989083753,0.09433962264150944,
CC1Nc2ccccc2-c2ccnc3[nH]cc1c23,8.6,0.6231806317439508,0.7695458725412244,0.6,
c1ccc2c(c1)NC(CC1CC1)c1c[nH]c3nccc-2c13,7.4,0.7227787541828189,0.757090814277732,0.6226415094339622,
NCCCNC(=O)OCC1Nc2ccccc2-c2ccnc3[nH]cc1c23,8.4,0.5291266111845219,0.7505384874428224,0.5967741935483871,
COC1Nc2ccccc2-c2ccnc3[nH]cc1c23,8.3,0.697319046236027,0.7458796296527562,0.64,
O=C(C1CC1)C1Nc2ccccc2-c2ccnc3[nH]cc1c23,8.5,0.7563790672640919,0.7477896383300897,0.5714285714285714,
CC(C)OC1Nc2ccccc2-c2ccnc3[nH]cc1c23,8.1,0.7428399476957623,0.7377820195822107,0.5636363636363636,
COC(=O)CC1Nc2ccccc2-c2ccnc3[nH]cc1c23,8.0,0.711669858205952,0.7677824267916282,1.0,
CC1Nc2ccccc2-c2ccnc3[nH]cc1c23,8.8,0.6231806317439508,0.7695458725412244,0.6,
O=C(O)C1Nc2ccccc2-c2ccnc3[nH]cc1c23,8.5,0.6318823113143063,0.7696449417626966,0.6153846153846154,
CCC1Nc2ccccc2-c2ccnc3[nH]cc1c23,8.6,0.6811323512409708,0.7686156186637452,0.6938775510204082,
CCC(=O)OC,3.4,0.43785087777866244,0.8949800245494008,0.20408163265306123,
O=C(O)CC1Nc2ccccc2-c2ccnc3[nH]cc1c23,8.7,0.6729631713265855,0.770129056152198,0.7755102040816326,
COC(=O)CC1Nc2ccccc2-c2ccnc3[nH]cc1c23,8.1,0.711669858205952,0.7677824267916282,1.0,
COC(=O)CC1Nc2ccccc2-c2ccnc3[nH]cc1c23,8.2,0.711669858205952,0.7677824267916282,1.0,
COCCC(=O)OC,3.4,0.49629825060361,0.9118746543850335,0.19230769230769232,
OC1Nc2ccccc2-c2ccnc3[nH]cc1c23,8.2,0.5629738891845363,0.7611354226137935,0.6,
COC(=O)CC1Nc2ccccc2-c2ccnc3[nH]cc1c23,8.5,0.711669858205952,0.7677824267916282,1.0,
CCC(=O)C1Nc2ccccc2-c2ccnc3[nH]cc1c23,8.2,0.7509697575665712,0.7513772276528287,0.6296296296296297,
COC,1.9,0.3800398096193344,0.8936825512627795,0.06521739130434782,
CCC(=O)CCCO,4.0,0.5877829285571705,0.8632563393667184,0.08771929824561403,
COC,1.9,0.3800398096193344,0.8936825512627795,0.06521739130434782,
CO[C@@H](C(=O)O)C1Nc2ccccc2-c2ccnc3[nH]cc1c23,8.4,0.6922642170385902,0.7133515182830216,0.625,
CCC1Nc2ccccc2-c2ccnc3[nH]cc1c23,8.3,0.6811323512409708,0.7686156186637452,0.6938775510204082,
O=C(CC1Nc2ccccc2-c2ccnc3[nH]cc1c23)OC1Nc2ccccc2-c2ccnc3[nH]cc1c23,10.5,0.21344789897173772,0.6618798602634796,0.7884615384615384,
CCC(=O)C1CC1,4.1,0.5095344128763949,0.8703401143178373,0.1111111111111111,
CN(O)C(=O)OCC1Nc2ccccc2-c2ccnc3[nH]cc1c23,8.5,0.49746701316494746,0.7275993955414701,0.6666666666666666,
COC(=O)CC1Nc2ccccc2-c2ccnc3[nH]cc1c23,7.9,0.711669858205952,0.7677824267916282,1.0,
FC(F)COCC1Nc2ccccc2-c2ccnc3[nH]cc1c23,8.4,0.7654954526073066,0.7335394926609299,0.5964912280701754,
CC1Nc2ccccc2-c2ccnc3[nH]cc1c23,8.5,0.6231806317439508,0.7695458725412244,0.6,
c1ccc2c(c1)NC(OCn1cncn1)c1c[nH]c3nccc-2c13,8.1,0.6068810096449873,0.7074487916767358,0.484375,
O=C(CCC1Nc2ccccc2-c2ccnc3[nH]cc1c23)C(=O)c1ccccc1O,9.8,0.33697204628869093,0.744146723230505,0.5901639344262295,
C[C@H](CC[NH3+])CC(=O)OC1CC1,4.5,0.6082946769855592,0.6853382032456962,0.12307692307692308,
CCC1Nc2ccccc2-c2ccnc3[nH]cc1c23,8.3,0.6811323512409708,0.7686156186637452,0.6938775510204082,
CC1Nc2ccccc2-c2ccnc3[nH]cc1c23,8.6,0.6231806317439508,0.7695458725412244,0.6,
COC,1.7,0.3800398096193344,0.8936825512627795,0.06521739130434782,
O=C(O)C1Nc2ccccc2-c2ccnc3[nH]cc1c23,8.5,0.6318823113143063,0.7696449417626966,0.6153846153846154,
O=C(C1Nc2ccccc2-c2ccnc3[nH]cc1c23)N1CCOCC1,9.9,0.7174565190722617,0.7605196300038862,0.5161290322580645,
O=C(CC1Nc2ccccc2-c2ccnc3[nH]cc1c23)C1CCCCCC1,9.5,0.5962210905573635,0.7564401502064448,0.6785714285714286,
CCC(=O)C1CC1,4.2,0.5095344128763949,0.8703401143178373,0.1111111111111111,
CCC(=O)O,3.3,0.4908446664452931,0.9284024408179986,0.1,
CC1Nc2ccccc2-c2ccnc3[nH]cc1c23,8.3,0.6231806317439508,0.7695458725412244,0.6,
COC1Nc2ccccc2-c2ccnc3[nH]cc1c23,8.0,0.697319046236027,0.7458796296527562,0.64,
COC(=O)CC1Nc2ccccc2-c2ccnc3[nH]cc1c23,8.3,0.711669858205952,0.7677824267916282,1.0,
O=C(O)C1Nc2ccccc2-c2ccnc3[nH]cc1c23,8.0,0.6318823113143063,0.7696449417626966,0.6153846153846154,
CN(O)C(=O)C1Nc2ccccc2-c2ccnc3[nH]cc1c23,7.8,0.47568987831949094,0.7324295421762436,0.5892857142857143,
CN(C(=O)CO)C1Nc2ccccc2-c2ccnc3[nH]cc1c23,8.5,0.677044551301412,0.7264511059232894,0.5862068965517241,
CN(Cc1ccccc1)C(=O)C1Nc2ccccc2-c2ccnc3[nH]cc1c23,9.3,0.5649407898765514,0.772213058556344,0.5666666666666667,
CC1Nc2ccccc2-c2ccnc3[nH]cc1c23,8.4,0.6231806317439508,0.7695458725412244,0.6,
CCC(=O)OC,3.4,0.43785087777866244,0.8949800245494008,0.20408163265306123,
O=CON(C(=O)C1Nc2ccccc2-c2ccnc3[nH]cc1c23)C1Nc2ccccc2-c2ccnc3[nH]cc1c23,10.0,0.18137925752955952,0.6234231989444591,0.5396825396825397,
O=C(O)C1Nc2ccccc2-c2ccnc3[nH]cc1c23,8.2,0.6318823113143063,0.7696449417626966,0.6153846153846154,
CCC(=O)OC,3.4,0.43785087777866244,0.8949800245494008,0.20408163265306123,
CNC1Nc2ccccc2-c2ccnc3[nH]cc1c23,8.2,0.6221771653798596,0.7388092999824266,0.5769230769230769,
c1ccc2c(c1)NCc1c[nH]c3nccc-2c13,8.2,0.6118603980597437,0.8168337282117835,0.4444444444444444,
CC(N)=O,2.7,0.40103092275538377,0.9072547042386003,0.08163265306122448,
CC(=O)C1Nc2ccccc2-c2ccnc3[nH]cc1c23,8.4,0.7079770911936271,0.755194809136702,0.6346153846153846,
CC(=O)CNC1Nc2ccccc2-c2ccnc3[nH]cc1c23,8.7,0.6940314572015838,0.7302329075608589,0.6071428571428571,
O=C(OC(=O)C1Nc2ccccc2-c2ccnc3[nH]cc1c23)C1CCCCC1,9.6,0.5139169648346454,0.7454132461736047,0.532258064516129,
C=CCCC1Nc2ccccc2-c2ccnc3[nH]cc1c23,8.2,0.6822788011230873,0.7475039656424963,0.6,
O=C(NCF)C1Nc2ccccc2-c2ccnc3[nH]cc1c23,7.5,0.6368390038528787,0.7303115133300896,0.5789473684210527,
CC(=O)C(=O)CC1Nc2ccccc2-c2ccnc3[nH]cc1c23,8.6,0.7284159371261512,0.741191898464082,0.7647058823529411,
O=C(c1ccccc1)C1Nc2ccccc2-c2ccnc3[nH]cc1c23,9.3,0.5304148278745382,0.781297176781433,0.5818181818181818,
c1ccc(OCC2Nc3ccccc3-c3ccnc4[nH]cc2c34)cc1,9.4,0.5694047990157448,0.7845297949380511,0.6415094339622641,
Brc1ccc(OCC2Nc3ccccc3-c3ccnc4[nH]cc2c34)cc1,9.7,0.4699480819723432,0.7746082702915525,0.5964912280701754,
Clc1ccccc1C1Nc2ccccc2-c2ccnc3[nH]cc1c23,9.7,0.4901220426164084,0.7900845055325202,0.5178571428571429,
O=C1CNCCC1CC1Nc2ccccc2-c2ccnc3[nH]cc1c23,9.8,0.6735610665635685,0.6841665049100807,0.5483870967741935,
COCC(=O)NC(=O)CC(C)(C)O,5.1,0.6210540824965906,0.8431618614986307,0.13114754098360656,
CCC(=O)OC,3.4,0.43785087777866244,0.8949800245494008,0.20408163265306123,
CC1CC[NH+](C2Nc3ccccc3-c3ccnc4[nH]cc2c34)CC1,9.2,0.645584957534235,0.6494860223255863,0.5,
O=C(CCCC1Nc2ccccc2-c2ccnc3[nH]cc1c23)CC1Nc2ccccc2-c2ccnc3[nH]cc1c23,10.3,0.18044526483871368,0.6645651302932696,0.6909090909090909,
O=C(CCOC1Nc2ccccc2-c2ccnc3[nH]cc1c23)CC(F)F,8.2,0.690780164380351,0.7003798693591516,0.5396825396825397,
c1ccc(NC2Nc3ccccc3-c3ccnc4[nH]cc2c34)cc1,9.3,0.49972397927071294,0.7699509284288726,0.5272727272727272,
COCC1Nc2ccccc2-c2ccnc3[nH]cc1c23,8.3,0.7467968225892367,0.7589761740604981,0.72,
CCC1Nc2ccccc2-c2ccnc3[nH]cc1c23,8.5,0.6811323512409708,0.7686156186637452,0.6938775510204082,
CCOC(=O)C1Nc2ccccc2-c2ccnc3[nH]cc1c23,8.0,0.711669858205952,0.7683040614070128,0.625,
COC(=O)C1Nc2ccccc2-c2ccnc3[nH]cc1c23,8.3,0.6721063220567792,0.7662233814989825,0.6730769230769231,
CC1Nc2ccccc2-c2ccnc3[nH]cc1c23,8.2,0.6231806317439508,0.7695458725412244,0.6,
CCC(=O)OC,3.4,0.43785087777866244,0.8949800245494008,0.20408163265306123,
COC(=O)CC1Nc2ccccc2-c2ccnc3[nH]cc1c23,8.5,0.711669858205952,0.7677824267916282,1.0,
FC(F)(F)CC1Nc2ccccc2-c2ccnc3[nH]cc1c23,8.9,0.6867944576672145,0.744881312628014,0.6226415094339622,
O=C(CC1Nc2ccccc2-c2ccnc3[nH]cc1c23)ON1CCCC(Br)C1,9.4,0.5899369876420635,0.6733312888704794,0.640625,
O=C(O)C1Nc2ccccc2-c2ccnc3[nH]cc1c23,8.5,0.6318823113143063,0.7696449417626966,0.6153846153846154,
CCCC1Nc2ccccc2-c2ccnc3[nH]cc1c23,8.2,0.7145032431531244,0.7692400593277733,0.6666666666666666,
OC1Nc2ccccc2-c2ccnc3[nH]cc1c23,8.2,0.5629738891845363,0.7611354226137935,0.6,
COC,1.8,0.3800398096193344,0.8936825512627795,0.06521739130434782,
CC(F)(F)F,3.3,0.4175407165966272,0.8607737694893272,0.02,
Nc1ccc(CC2Nc3ccccc3-c3ccnc4[nH]cc2c34)cc1,9.5,0.47441311017123894,0.7764202537045097,0.5892857142857143,
O=C(O)C(=O)CC1Nc2ccccc2-c2ccnc3[nH]cc1c23,8.1,0.6466767645939635,0.7473424812146646,0.7450980392156863,
Clc1cccc(Br)c1C1Nc2ccccc2-c2ccnc3[nH]cc1c23,9.3,0.3943258147719492,0.7651460675056662,0.46774193548387094,
c1coc(CC2Nc3ccccc3-c3ccnc4[nH]cc2c34)c1,8.8,0.571590923299719,0.75766621689927,0.5892857142857143,
COC(=O)C1Nc2ccccc2-c2ccnc3[nH]cc1c23,8.4,0.6721063220567792,0.7662233814989825,0.6730769230769231,
CCC(C)=O,3.3,0.4510508050249618,0.9060485946641523,0.1,
CC,1.6,0.3727855551576051,0.805825786783401,0.021739130434782608,
CCNC(=O)C1Nc2ccccc2-c2ccnc3[nH]cc1c23,8.1,0.6799751911054834,0.7654547825608591,0.6071428571428571,
CC1Nc2ccccc2-c2ccnc3[nH]cc1c23,8.3,0.6231806317439508,0.7695458725412244,0.6,
CC,1.6,0.3727855551576051,0.805825786783401,0.021739130434782608,
COC(C)=O,3.0,0.38296659073251405,0.9181870562026138,0.14583333333333334,
c1ccc2c(c1)NC(Oc1ccc(C3Nc4ccccc4-c4ccnc5[nH]cc3c45)cc1)c1c[nH]c3nccc-2c13,9.4,0.1864732657678128,0.6746335222595197,0.4918032786885246,
O=C(OOC(=O)C(=O)O)OC1Nc2ccccc2-c2ccnc3[nH]cc1c23,8.5,0.25504588972307235,0.6962979174392121,0.5409836065573771,
COCC1Nc2ccccc2-c2ccnc3[nH]cc1c23,8.1,0.7467968225892367,0.7589761740604981,0.72,
CCCc1ccccc1C1Nc2ccccc2-c2ccnc3[nH]cc1c23,8.9,0.5026843757493235,0.7786124660957484,0.5254237288135594,
O=C(O)COC(=O)CCC(F)F,4.8,0.6340845116252981,0.8404171355810978,0.0967741935483871,
c1ccc2c(c1)NC(COCC1Nc3ccccc3-c3ccnc4[nH]cc1c34)c1c[nH]c3nccc-2c13,11.3,0.23170258993738735,0.6701349304676901,0.68,
Cc1ccc(C2Nc3ccccc3-c3ccnc4[nH]cc2c34)cc1,9.8,0.5160429550613372,0.7959958814805158,0.5357142857142857,
COCC1Nc2ccccc2-c2ccnc3[nH]cc1c23,8.4,0.7467968225892367,0.7589761740604981,0.72,
O=C(CC(=O)C(=O)C1CC1)CC1Nc2ccccc2-c2ccnc3[nH]cc1c23,8.8,0.5087988465043208,0.7213086495507155,0.6551724137931034,
COCCC1Nc2ccccc2-c2ccnc3[nH]cc1c23,8.2,0.7676780846925618,0.7610493750717767,0.6923076923076923,
COc1cccc(C2Nc3ccccc3-c3ccnc4[nH]cc2c34)c1,9.4,0.5582562908791163,0.7926863659706223,0.5333333333333333,
OOCn1cncn1,4.0,0.42524297692914,0.7347065065907985,0.08196721311475409,
CCC(=O)CC(=O)O,4.2,0.5441223918542009,0.859631723982103,0.1111111111111111,
O=CC(=O)C1Nc2ccccc2-c2ccnc3[nH]cc1c23,8.2,0.5571064036740939,0.7335900902001175,0.6226415094339622,
O=C(CC1Nc2ccccc2-c2ccnc3[nH]cc1c23)OCc1ccoc1,9.0,0.527235244346797,0.7425918809756757,0.6949152542372882,
O=C(CC1Nc2ccccc2-c2ccnc3[nH]cc1c23)CN1CCN(O)CC1,9.5,0.6482876867654018,0.7232714075244491,0.6333333333333333,
COC(=O)CC1Nc2ccccc2-c2ccnc3[nH]cc1c23,7.9,0.711669858205952,0.7677824267916282,1.0,
O=CNC(=O)C1Nc2ccccc2-c2ccnc3[nH]cc1c23,8.6,0.6301894615281879,0.7313581479454743,0.5892857142857143,
O=CC1Nc2ccccc2-c2ccnc3[nH]cc1c23,8.0,0.6518406824284508,0.7367120472351737,0.5961538461538461,
CC(C=O)CC1Nc2ccccc2-c2ccnc3[nH]cc1c23,8.7,0.718995384753235,0.702895310013831,0.6545454545454545,
CC1CC1,2.9,0.3934207493755274,0.9587811999650963,0.04,
CCOC(=O)C1Nc2ccccc2-c2ccnc3[nH]cc1c23,8.3,0.711669858205952,0.7683040614070128,0.625,
COC(=O)C1Nc2ccccc2-c2ccnc3[nH]cc1c23,8.4,0.6721063220567792,0.7662233814989825,0.6730769230769231,
COC(CCCC1Nc2ccccc2-c2ccnc3[nH]cc1c23)CC1Nc2ccccc2-c2ccnc3[nH]cc1c23,10.3,0.16478615231217533,0.6330334332536435,0.6,
CC1Nc2ccccc2-c2ccnc3[nH]cc1c23,8.6,0.6231806317439508,0.7695458725412244,0.6,
OC1Nc2ccccc2-c2ccnc3[nH]cc1c23,8.6,0.5629738891845363,0.7611354226137935,0.6,
COCC1Nc2ccccc2-c2ccnc3[nH]cc1c23,7.7,0.7467968225892367,0.7589761740604981,0.72,
COC(=O)CC1Nc2ccccc2-c2ccnc3[nH]cc1c23,8.5,0.711669858205952,0.7677824267916282,1.0,
COCn1cncn1,3.6,0.5365264951917091,0.8035901186309324,0.1,
CCC(=O)OC,3.4,0.43785087777866244,0.8949800245494008,0.20408163265306123,
CC(C)C(=O)CCC1CCC1,5.2,0.608208562916739,0.8731023499015456,0.0967741935483871,
CC1Nc2ccccc2-c2ccnc3[nH]cc1c23,8.3,0.6231806317439508,0.7695458725412244,0.6,
O=C(O)COC1Nc2ccccc2-c2ccnc3[nH]cc1c23,8.3,0.6912976142496186,0.7424043017916282,0.6071428571428571,
c1coc(CC2Nc3ccccc3-c3ccnc4[nH]cc2c34)c1,8.8,0.571590923299719,0.75766621689927,0.5892857142857143,
CCC1Nc2ccccc2-c2ccnc3[nH]cc1c23,8.3,0.6811323512409708,0.7686156186637452,0.6938775510204082,
O=CCC1Nc2ccccc2-c2ccnc3[nH]cc1c23,8.4,0.6974516191296128,0.7405764348166913,0.6862745098039216,
O=C(O)C(=O)CC1Nc2ccccc2-c2ccnc3[nH]cc1c23,8.8,0.6466767645939635,0.7473424812146646,0.7450980392156863,
CCN(CC)CC1Nc2ccccc2-c2ccnc3[nH]cc1c23,7.8,0.7643792364897308,0.7516375408813661,0.6296296296296297,
CCC,2.2,0.3854706587740357,0.916115884596113,0.0425531914893617,
CCC1Nc2ccccc2-c2ccnc3[nH]cc1c23,8.3,0.6811323512409708,0.7686156186637452,0.6938775510204082,
CC(=O)O,2.8,0.4298828832001217,0.9427854734693698,0.08333333333333333,
c1ccc(OC2Nc3ccccc3-c3ccnc4[nH]cc2c34)cc1,9.3,0.5621198907997115,0.7703458002237444,0.5454545454545454,
CC(=O)O,2.8,0.4298828832001217,0.9427854734693698,0.08333333333333333,
COC1Nc2ccccc2-c2ccnc3[nH]cc1c23,8.0,0.697319046236027,0.7458796296527562,0.64,
COC(=O)CC1Nc2ccccc2-c2ccnc3[nH]cc1c23,8.1,0.711669858205952,0.7677824267916282,1.0,
COC(C)=O,3.0,0.38296659073251405,0.9181870562026138,0.14583333333333334,
CC(=O)CN1CCN(O)CC1,4.4,0.5926332727161057,0.8239820139156924,0.08333333333333333,
O=C(c1ccccc1)C1Nc2ccccc2-c2ccnc3[nH]cc1c23,9.1,0.5304148278745382,0.781297176781433,0.5818181818181818,
CC(=O)CC1Nc2ccccc2-c2ccnc3[nH]cc1c23,8.2,0.7509697575665712,0.7603699136553508,0.7959183673469388,
O=C(CC1Nc2ccccc2-c2ccnc3[nH]cc1c23)C1CC1,8.2,0.7666719701093012,0.7510366223968656,0.7169811320754716,
O=C(O)CC1Nc2ccccc2-c2ccnc3[nH]cc1c23,8.7,0.6729631713265855,0.770129056152198,0.7755102040816326,
COC(=O)CC1Nc2ccccc2-c2ccnc3[nH]cc1c23,8.1,0.711669858205952,0.7677824267916282,1.0,
CCC(=O)OC,3.4,0.43785087777866244,0.8949800245494008,0.20408163265306123,
COC(=O)CF,3.1,0.4295225565390126,0.8154784860878623,0.2,
O=C(c1cccnc1)C1Nc2ccccc2-c2ccnc3[nH]cc1c23,9.1,0.5467596213818606,0.7609348067190628,0.5423728813559322,
Cc1ccccc1C(=O)CC1Nc2ccccc2-c2ccnc3[nH]cc1c23,10.2,0.49283948021759,0.7742456760097556,0.7222222222222222,
CCC,2.2,0.3854706587740357,0.916115884596113,0.0425531914893617,
CC(C)(C)C1Nc2ccccc2-c2ccnc3[nH]cc1c23,8.9,0.6226636255566177,0.7564065214737618,0.5660377358490566,
COC(C)=O,3.0,0.38296659073251405,0.9181870562026138,0.14583333333333334,
c1ccc2c(c1)NC(C1CC1)c1c[nH]c3nccc-2c13,7.5,0.691857113615473,0.7696244139561956,0.5370370370370371,
CC(=O)OCC(=O)CC1Nc2ccccc2-c2ccnc3[nH]cc1c23,8.4,0.715285424669158,0.7459817863910426,0.7272727272727273,
CCC1Nc2ccccc2-c2ccnc3[nH]cc1c23,8.3,0.6811323512409708,0.7686156186637452,0.6938775510204082,
N#CCC1Nc2ccccc2-c2ccnc3[nH]cc1c23,8.4,0.7020962187542448,0.7417279341648008,0.6346153846153846,
CC1Nc2ccccc2-c2ccnc3[nH]cc1c23,8.4,0.6231806317439508,0.7695458725412244,0.6,
CC,1.6,0.3727855551576051,0.805825786783401,0.021739130434782608,
NC(=O)CC1Nc2ccccc2-c2ccnc3[nH]cc1c23,8.8,0.6732935935120083,0.7659898379933079,0.76,
CCC1Nc2ccccc2-c2ccnc3[nH]cc1c23,8.5,0.6811323512409708,0.7686156186637452,0.6938775510204082,
O=CC1Nc2ccccc2-c2ccnc3[nH]cc1c23,8.0,0.6518406824284508,0.7367120472351737,0.5961538461538461,
COC(C)=O,3.0,0.38296659073251405,0.9181870562026138,0.14583333333333334,
c1ccc2c(c1)NCc1c[nH]c3nccc-2c13,8.1,0.6118603980597437,0.8168337282117835,0.4444444444444444,
COC(=O)C(=O)O,3.7,0.3239550457995007,0.8645950665551426,0.13725490196078433,
O=C(O)C1Nc2ccccc2-c2ccnc3[nH]cc1c23,8.1,0.6318823113143063,0.7696449417626966,0.6153846153846154,
CC1Nc2ccccc2-c2ccnc3[nH]cc1c23,8.4,0.6231806317439508,0.7695458725412244,0.6,
N#CC1(CC(=O)OC2Nc3ccccc3-c3ccnc4[nH]cc2c34)CCC1,9.0,0.6819902133183959,0.6994945387666028,0.5303030303030303,
COC(=O)C(=O)CC1Nc2ccccc2-c2ccnc3[nH]cc1c23,8.4,0.5722706487571098,0.7444495627655505,0.803921568627451,
FC(F)(F)OC1Nc2ccccc2-c2ccnc3[nH]cc1c23,8.9,0.7084884275159853,0.726181190527892,0.5454545454545454,
CCC,2.2,0.3854706587740357,0.916115884596113,0.0425531914893617,
COC,1.9,0.3800398096193344,0.8936825512627795,0.06521739130434782,
O=C(C1CC1)C1Nc2ccccc2-c2ccnc3[nH]cc1c23,8.6,0.7563790672640919,0.7477896383300897,0.5714285714285714,
Fc1ccc(CC2Nc3ccccc3-c3ccnc4[nH]cc2c34)cc1,9.5,0.5383707119944,0.7856275302117864,0.5892857142857143,
CNC1Nc2ccccc2-c2ccnc3[nH]cc1c23,8.6,0.6221771653798596,0.7388092999824266,0.5769230769230769,
CNC(=O)C(C)C,3.8,0.5082590887657491,0.8771796819397579,0.09259259259259259,
Cc1ccc(OC(=O)CC2Nc3ccccc3-c3ccnc4[nH]cc2c34)o1,9.5,0.5229051650979983,0.7289599895443223,0.7241379310344828,
COC(=O)CCC(=O)O,4.2,0.54978357414886,0.926532599717413,0.19230769230769232,
O=C(O)C1Nc2ccccc2-c2ccnc3[nH]cc1c23,8.2,0.6318823113143063,0.7696449417626966,0.6153846153846154,
COCC(c1cc(Cl)ccc1Cl)C1Nc2ccccc2-c2ccnc3[nH]cc1c23,8.9,0.3968003118556536,0.7053367692880231,0.4852941176470588,
ClC1CCC(C2Nc3ccccc3-c3ccnc4[nH]cc2c34)CC1,8.5,0.5759557489622309,0.7435399768217942,0.5172413793103449,
COC(=O)OC,3.0,0.40368692642150095,0.8599492553186318,0.14583333333333334,
CCC1Nc2ccccc2-c2ccnc3[nH]cc1c23,8.6,0.6811323512409708,0.7686156186637452,0.6938775510204082,
O=C(CO)CC1Nc2ccccc2-c2ccnc3[nH]cc1c23,8.2,0.6934712640416798,0.7411627152531667,0.7450980392156863,
CC(=O)CC1Nc2ccccc2-c2ccnc3[nH]cc1c23,8.3,0.7509697575665712,0.7603699136553508,0.7959183673469388,
OCCOCC1Nc2ccccc2-c2ccnc3[nH]cc1c23,7.8,0.6472600321334594,0.7535334475016874,0.6363636363636364,
O=C(O)C1Nc2ccccc2-c2ccnc3[nH]cc1c23,8.4,0.6318823113143063,0.7696449417626966,0.6153846153846154,
COC(=O)C1Nc2ccccc2-c2ccnc3[nH]cc1c23,8.3,0.6721063220567792,0.7662233814989825,0.6730769230769231,
CCC1Nc2ccccc2-c2ccnc3[nH]cc1c23,8.5,0.6811323512409708,0.7686156186637452,0.6938775510204082,
O=CCC(=O)C1Nc2ccccc2-c2ccnc3[nH]cc1c23,8.4,0.5745260466581473,0.7261615133300897,0.6071428571428571,
CC(C)(C)NC(=O)C1Nc2ccccc2-c2ccnc3[nH]cc1c23,8.6,0.6413002547074105,0.755277813798405,0.5789473684210527,
c1csc(C2Nc3ccccc3-c3ccnc4[nH]cc2c34)c1,8.8,0.5297547349129317,0.7685882834349848,0.5,
COC(=O)CC1Nc2ccccc2-c2ccnc3[nH]cc1c23,8.0,0.711669858205952,0.7677824267916282,1.0,
COC(C)=O,3.0,0.38296659073251405,0.9181870562026138,0.14583333333333334,
CC1Nc2ccccc2-c2ccnc3[nH]cc1c23,8.6,0.6231806317439508,0.7695458725412244,0.6,
CNC1Nc2ccccc2-c2ccnc3[nH]cc1c23,8.3,0.6221771653798596,0.7388092999824266,0.5769230769230769,
COC(=O)C1Nc2ccccc2-c2ccnc3[nH]cc1c23,8.3,0.6721063220567792,0.7662233814989825,0.6730769230769231,
CC1CC1,2.9,0.3934207493755274,0.9587811999650963,0.04,
c1ccc2c(c1)NC(CCC1CC1)c1c[nH]c3nccc-2c13,7.5,0.720642361187159,0.7561478853715098,0.6111111111111112,
COc1ccc(CCC2Nc3ccccc3-c3ccnc4[nH]cc2c34)cc1,9.5,0.5195338559030164,0.7850603425141371,0.6206896551724138,
CCNC1Nc2ccccc2-c2ccnc3[nH]cc1c23,8.1,0.6656019086396742,0.740647621257369,0.5740740740740741,
COC,1.9,0.3800398096193344,0.8936825512627795,0.06521739130434782,
COCC1Nc2ccccc2-c2ccnc3[nH]cc1c23,7.8,0.7467968225892367,0.7589761740604981,0.72,
O=C(O)C(=O)C1Nc2ccccc2-c2ccnc3[nH]cc1c23,8.5,0.6303452198648537,0.7453159890626906,0.5925925925925926,
CN,1.8,0.3846582089034356,0.7782360431936574,0.02127659574468085,
CN(C)CCCOCC1Nc2ccccc2-c2ccnc3[nH]cc1c23,8.2,0.6745847459009663,0.7537473319946019,0.5833333333333334,
CCC(C)=O,3.3,0.4510508050249618,0.9060485946641523,0.1,
COCC(=O)OC,3.3,0.45518641334468485,0.90408968696741,0.2,
CCN(C)C,2.7,0.43830841291192973,0.9051450981606557,0.0392156862745098,
CCC,2.2,0.3854706587740357,0.916115884596113,0.0425531914893617,
CC,1.6,0.3727855551576051,0.805825786783401,0.021739130434782608,
CCCCc1ccc(C=CC2Nc3ccccc3-c3ccnc4[nH]cc2c34)cc1,8.5,0.4024000476734261,0.7568677185898854,0.4626865671641791,
COCC(=O)OC,3.3,0.45518641334468485,0.90408968696741,0.2,
CCC1Nc2ccccc2-c2ccnc3[nH]cc1c23,8.5,0.6811323512409708,0.7686156186637452,0.6938775510204082,
O=C(O)CC1Nc2ccccc2-c2ccnc3[nH]cc1c23,8.4,0.6729631713265855,0.770129056152198,0.7755102040816326,
CC(C=O)CC1Nc2ccccc2-c2ccnc3[nH]cc1c23,8.5,0.718995384753235,0.702895310013831,0.6545454545454545,
CC(C)OC1Nc2ccccc2-c2ccnc3[nH]cc1c23,8.5,0.7428399476957623,0.7377820195822107,0.5636363636363636,
Clc1ccc(C2Nc3ccccc3-c3ccnc4[nH]cc2c34)cc1,9.6,0.4901220426164084,0.7944671707546218,0.5087719298245614,
COC(=O)C(=O)C1Nc2ccccc2-c2ccnc3[nH]cc1c23,7.9,0.5609559956391268,0.7437145091866927,0.6481481481481481,
COC(=O)C(=O)C1Nc2ccccc2-c2ccnc3[nH]cc1c23,8.2,0.5609559956391268,0.7437145091866927,0.6481481481481481,
O=C(CCCC1Nc2ccccc2-c2ccnc3[nH]cc1c23)C1CCCO1,8.8,0.696041980860263,0.7097147641978786,0.5454545454545454,
CCC(C)=O,3.3,0.4510508050249618,0.9060485946641523,0.1,
COC(=O)C(=O)C1Nc2ccccc2-c2ccnc3[nH]cc1c23,8.2,0.5609559956391268,0.7437145091866927,0.6481481481481481,
FCC1Nc2ccccc2-c2ccnc3[nH]cc1c23,8.3,0.6943929800683241,0.7445071021802288,0.66,
COCC1Nc2ccccc2-c2ccnc3[nH]cc1c23,8.3,0.7467968225892367,0.7589761740604981,0.72,
CCCO,2.8,0.46378398302396845,0.8928427384266348,0.06,
COC(C)=O,3.0,0.38296659073251405,0.9181870562026138,0.14583333333333334,
O=C(O)C(=O)CC1Nc2ccccc2-c2ccnc3[nH]cc1c23,8.6,0.6466767645939635,0.7473424812146646,0.7450980392156863,
O=C(OCCc1ccccc1Cl)C1Nc2ccccc2-c2ccnc3[nH]cc1c23,9.2,0.4630646958334142,0.7647768293969989,0.5230769230769231,
CCC1Nc2ccccc2-c2ccnc3[nH]cc1c23,8.5,0.6811323512409708,0.7686156186637452,0.6938775510204082,
CC,1.6,0.3727855551576051,0.805825786783401,0.021739130434782608,
Brc1ccccc1CCC1Nc2ccccc2-c2ccnc3[nH]cc1c23,9.9,0.4337801397870372,0.7681761024593848,0.5689655172413793,
OC1Nc2ccccc2-c2ccnc3[nH]cc1c23,8.4,0.5629738891845363,0.7611354226137935,0.6,
OCCCC1Nc2ccccc2-c2ccnc3[nH]cc1c23,8.3,0.6876888575155434,0.7634694743273598,0.6415094339622641,
C=CNC(=O)OCCC1Nc2ccccc2-c2ccnc3[nH]cc1c23,8.2,0.674700933983826,0.7208297345235797,0.6065573770491803,
C=CNC(C)=O,3.6,0.4860536728720783,0.7527164348058112,0.09090909090909091,
COC(C)=O,3.0,0.38296659073251405,0.9181870562026138,0.14583333333333334,
c1coc(C2Nc3ccccc3-c3ccnc4[nH]cc2c34)c1,8.6,0.547357288074638,0.7663717333184348,0.5087719298245614,
CC(=O)N(C)C1Nc2ccccc2-c2ccnc3[nH]cc1c23,8.6,0.7241009311660938,0.7377286874753888,0.5892857142857143,
OCC1Nc2ccccc2-c2ccnc3[nH]cc1c23,8.2,0.6228469872919925,0.762604629652756,0.6938775510204082,
COC(=O)C(C)=O,3.5,0.3383947503427681,0.8590104511705271,0.13725490196078433,
Fc1cccnc1NNCC1Nc2ccccc2-c2ccnc3[nH]cc1c23,9.0,0.41599836997264283,0.7219441886679834,0.532258064516129,
CC(=O)O,2.8,0.4298828832001217,0.9427854734693698,0.08333333333333333,
Fc1cccc(C=c2[nH]c3ccccc3c3ccnc4[nH]cc2c43)c1NC1Nc2ccccc2-c2ccnc3[nH]cc1c23,11.8,0.15408718263436827,0.6699295324830375,0.3625,
CC,1.6,0.3727855551576051,0.805825786783401,0.021739130434782608,
COC1Nc2ccccc2-c2ccnc3[nH]cc1c23,8.0,0.697319046236027,0.7458796296527562,0.64,
CF,1.3,0.3673293108901918,0.703430914988529,0.02127659574468085,
O=C(CCc1ccccc1)C1Nc2ccccc2-c2ccnc3[nH]cc1c23,9.7,0.548611086670204,0.7735441886679832,0.559322033898305,
O=C(CC1Nc2ccccc2-c2ccnc3[nH]cc1c23)c1ccc2ccccc2c1,11.4,0.3653808717602053,0.7755062797530218,0.6551724137931034,
COC(=O)COCC(=O)C1CC1,4.5,0.5539730169618026,0.8543264718093856,0.1896551724137931,
CC1Nc2ccccc2-c2ccnc3[nH]cc1c23,8.4,0.6231806317439508,0.7695458725412244,0.6,
CCC1Nc2ccccc2-c2ccnc3[nH]cc1c23,8.6,0.6811323512409708,0.7686156186637452,0.6938775510204082,
COC1Nc2ccccc2-c2ccnc3[nH]cc1c23,8.0,0.697319046236027,0.7458796296527562,0.64,
COC(=O)CC(=O)O,3.8,0.3967301729265144,0.892401723982103,0.2,
CCC1Nc2ccccc2-c2ccnc3[nH]cc1c23,8.6,0.6811323512409708,0.7686156186637452,0.6938775510204082,
CCOC(=O)C1Nc2ccccc2-c2ccnc3[nH]cc1c23,8.3,0.711669858205952,0.7683040614070128,0.625,
CC(C)CC(F)(CC1Nc2ccccc2-c2ccnc3[nH]cc1c23)C1Nc2ccccc2-c2ccnc3[nH]cc1c23,10.3,0.1759191665562294,0.6203879036193434,0.5483870967741935,
COC1Nc2ccccc2-c2ccnc3[nH]cc1c23,8.3,0.697319046236027,0.7458796296527562,0.64,
CCC#N,2.6,0.4038142196355223,0.8109453025291988,0.038461538461538464,
COC(=O)C1Nc2ccccc2-c2ccnc3[nH]cc1c23,8.3,0.6721063220567792,0.7662233814989825,0.6730769230769231,
COCC[NH2+]C1Nc2ccccc2-c2ccnc3[nH]cc1c23,7.9,0.6437093005645677,0.6780456368508,0.5689655172413793,
CON(C)C,2.6,0.41002721739362125,0.8349996436152013,0.06,
COC1Nc2ccccc2-c2ccnc3[nH]cc1c23,8.3,0.697319046236027,0.7458796296527562,0.64,
CO,1.8,0.38528440447384316,0.8109950175526317,0.043478260869565216,
NCC(=O)CC1Nc2ccccc2-c2ccnc3[nH]cc1c23,8.5,0.6925893243932847,0.7431562248685513,0.7307692307692307,
O=C(O)CC1Nc2ccccc2-c2ccnc3[nH]cc1c23,8.6,0.6729631713265855,0.770129056152198,0.7755102040816326,
O=C(O)CC1CCN(C(=O)CC2Nc3ccccc3-c3ccnc4[nH]cc2c34)CC1,9.5,0.6143787394404969,0.7546828859183918,0.6129032258064516,
COC(=O)C1Nc2ccccc2-c2ccnc3[nH]cc1c23,8.3,0.6721063220567792,0.7662233814989825,0.6730769230769231,
CC(C#N)C1Nc2ccccc2-c2ccnc3[nH]cc1c23,8.4,0.7079114654765387,0.7032353189456494,0.5172413793103449,
CCOC,2.3,0.4315009980580737,0.8949213709052672,0.08163265306122448,
O=C1C[C@H](CCC2Nc3ccccc3-c3ccnc4[nH]cc2c34)CCN1,9.6,0.671161176686611,0.7008611635037655,0.5483870967741935,
CC(=O)CC1Nc2ccccc2-c2ccnc3[nH]cc1c23,8.7,0.7509697575665712,0.7603699136553508,0.7959183673469388,
O=C(O)C1Nc2ccccc2-c2ccnc3[nH]cc1c23,8.2,0.6318823113143063,0.7696449417626966,0.6153846153846154,
O=C1CN1C(=O)C1Nc2ccccc2-c2ccnc3[nH]cc1c23,9.1,0.5327190831583773,0.7373884019605855,0.5423728813559322,
CC1Nc2ccccc2-c2ccnc3[nH]cc1c23,8.3,0.6231806317439508,0.7695458725412244,0.6,
COC(=O)C1Nc2ccccc2-c2ccnc3[nH]cc1c23,8.3,0.6721063220567792,0.7662233814989825,0.6730769230769231,
CC(=O)O,2.8,0.4298828832001217,0.9427854734693698,0.08333333333333333,
OC1Nc2ccccc2-c2ccnc3[nH]cc1c23,8.4,0.5629738891845363,0.7611354226137935,0.6,
CC1Nc2ccccc2-c2ccnc3[nH]cc1c23,8.6,0.6231806317439508,0.7695458725412244,0.6,
CN(C)C(=O)OC1Nc2ccccc2-c2ccnc3[nH]cc1c23,8.4,0.7230131227459142,0.7338205697927533,0.5964912280701754,
COCC(C)=O,3.1,0.48239305419745987,0.85835438352376,0.1346153846153846,
CC(C)C(=O)NCCOC(=O)CC1Nc2ccccc2-c2ccnc3[nH]cc1c23,8.6,0.44133023152201584,0.752738063655299,0.7,
CC(C)=O,2.8,0.3982369618339747,0.9272297042386004,0.0851063829787234,
O=C(O)CC1Nc2ccccc2-c2ccnc3[nH]cc1c23,8.3,0.6729631713265855,0.770129056152198,0.7755102040816326,
C=CCC(O)CC1Nc2ccccc2-c2ccnc3[nH]cc1c23,8.3,0.6379063674662254,0.7038333747350272,0.576271186440678,
CC(=O)C1Nc2ccccc2-c2ccnc3[nH]cc1c23,8.2,0.7079770911936271,0.755194809136702,0.6346153846153846,
CCO,2.3,0.40680796565539457,0.8910825512627797,0.0625,
O=CCC1Nc2ccccc2-c2ccnc3[nH]cc1c23,8.1,0.6974516191296128,0.7405764348166913,0.6862745098039216,
CCCNC(=O)OC(=O)C1Nc2ccccc2-c2ccnc3[nH]cc1c23,8.6,0.49712761078445245,0.7415088950001772,0.5645161290322581,
CC(=O)OC1Nc2ccccc2-c2ccnc3[nH]cc1c23,8.4,0.6711205635130318,0.7447260296704832,0.6296296296296297,
O=C(O)C1Nc2ccccc2-c2ccnc3[nH]cc1c23,8.3,0.6318823113143063,0.7696449417626966,0.6153846153846154,
CN(C)C(=O)C(=O)CC1Nc2ccccc2-c2ccnc3[nH]cc1c23,8.9,0.7220807099757485,0.7312633651800158,0.7222222222222222,
c1ccc(C2Nc3ccccc3-c3ccnc4[nH]cc2c34)cc1,9.4,0.5323079821719929,0.800543808872514,0.5471698113207547,
Fc1ccccc1CCC1Nc2ccccc2-c2ccnc3[nH]cc1c23,10.0,0.5178358826750856,0.7751846938679762,0.5689655172413793,
CC1Nc2ccccc2-c2ccnc3[nH]cc1c23,8.6,0.6231806317439508,0.7695458725412244,0.6,
CC1Nc2ccccc2-c2ccnc3[nH]cc1c23,8.3,0.6231806317439508,0.7695458725412244,0.6,
O=C(CC1Nc2ccccc2-c2ccnc3[nH]cc1c23)c1cc(Cl)ccc1O,10.1,0.4137556171172078,0.7597717549638209,0.6333333333333333,
NC(=O)OC1Nc2ccccc2-c2ccnc3[nH]cc1c23,8.7,0.6386115321301709,0.7384173285355523,0.6111111111111112,
O=CCC(=O)C(=O)CC1Nc2ccccc2-c2ccnc3[nH]cc1c23,8.4,0.42544223517789376,0.7116638376730938,0.7169811320754716,
COC(=O)C1Nc2ccccc2-c2ccnc3[nH]cc1c23,8.5,0.6721063220567792,0.7662233814989825,0.6730769230769231,
O=C(CCCO)CC1Nc2ccccc2-c2ccnc3[nH]cc1c23,8.4,0.6725992199966542,0.7475218991248433,0.6909090909090909,
COC(=O)CC1Nc2ccccc2-c2ccnc3[nH]cc1c23,8.2,0.711669858205952,0.7677824267916282,1.0,
c1ccc2c(c1)NC(c1nc[n-]n1)c1c[nH]c3nccc-2c13,6.2,0.5619384810924385,0.6603549501016516,0.5172413793103449,
O=C(CC1Nc2ccccc2-c2ccnc3[nH]cc1c23)C1CC1,8.6,0.7666719701093012,0.7510366223968656,0.7169811320754716,
CC,1.6,0.3727855551576051,0.805825786783401,0.021739130434782608,
CCC1Nc2ccccc2-c2ccnc3[nH]cc1c23,8.3,0.6811323512409708,0.7686156186637452,0.6938775510204082,
CC(C)C(=O)C(C)(C)NC(=O)C1Nc2ccccc2-c2ccnc3[nH]cc1c23,7.6,0.6460335446194261,0.7249888270655086,0.5238095238095238,
OC1Nc2ccccc2-c2ccnc3[nH]cc1c23,8.6,0.5629738891845363,0.7611354226137935,0.6,
COC(C)=O,3.0,0.38296659073251405,0.9181870562026138,0.14583333333333334,
O=CCCCCC1Nc2ccccc2-c2ccnc3[nH]cc1c23,8.3,0.5404022618665693,0.7509544653090017,0.625,
O=C(Nc1ccc(CC2Nc3ccccc3-c3ccnc4[nH]cc2c34)cc1)C1Nc2ccccc2-c2ccnc3[nH]cc1c23,10.9,0.1490348892897996,0.6767749365760588,0.5901639344262295,
CC1Nc2ccccc2-c2ccnc3[nH]cc1c23,8.6,0.6231806317439508,0.7695458725412244,0.6,
CCC(=O)OC,3.4,0.43785087777866244,0.8949800245494008,0.20408163265306123,
CCCN(C1Nc2ccccc2-c2ccnc3[nH]cc1c23)[C@@H](C)CCNC,7.7,0.5835744292451384,0.6891475600558667,0.45588235294117646,
COC(=O)CC1Nc2ccccc2-c2ccnc3[nH]cc1c23,8.1,0.711669858205952,0.7677824267916282,1.0,
COCn1cncn1,3.6,0.5365264951917091,0.8035901186309324,0.1,
COCC(C)=O,3.1,0.48239305419745987,0.85835438352376,0.1346153846153846,
CC1Nc2ccccc2-c2ccnc3[nH]cc1c23,8.6,0.6231806317439508,0.7695458725412244,0.6,
CC1Nc2ccccc2-c2ccnc3[nH]cc1c23,8.4,0.6231806317439508,0.7695458725412244,0.6,
COCCC(C)(C)O,3.8,0.5934450596692723,0.8530486470590259,0.08928571428571429,
COC(=O)C1Nc2ccccc2-c2ccnc3[nH]cc1c23,8.4,0.6721063220567792,0.7662233814989825,0.6730769230769231,
CC(C)OC(=O)CC1Nc2ccccc2-c2ccnc3[nH]cc1c23,8.3,0.7145516283190636,0.7595884702348926,0.8076923076923077,
CC1Nc2ccccc2-c2ccnc3[nH]cc1c23,8.4,0.6231806317439508,0.7695458725412244,0.6,
COCCC(=O)O,3.5,0.5522753046772026,0.9131495160272391,0.12962962962962962,
CCCCC,3.2,0.4687855098011332,0.9222643020337059,0.04,
COCC(=O)OC,3.2,0.45518641334468485,0.90408968696741,0.2,
CC(C)(C(=O)Oc1cccs1)C1Nc2ccccc2-c2ccnc3[nH]cc1c23,9.6,0.46112290580714527,0.7083379467966794,0.5151515151515151,
CCC1Nc2ccccc2-c2ccnc3[nH]cc1c23,8.5,0.6811323512409708,0.7686156186637452,0.6938775510204082,
COC(=O)NC1Nc2ccccc2-c2ccnc3[nH]cc1c23,8.7,0.6443462863300806,0.7459240133300897,0.6481481481481481,
CCC(C)(C)CC(=O)C1Nc2ccccc2-c2ccnc3[nH]cc1c23,8.6,0.6987948900501859,0.7294564312688565,0.5932203389830508,
CCC1Nc2ccccc2-c2ccnc3[nH]cc1c23,8.5,0.6811323512409708,0.7686156186637452,0.6938775510204082,
Cc1ccc(CCC2Nc3ccccc3-c3ccnc4[nH]cc2c34)cc1,10.3,0.5071083059974543,0.7839065719898544,0.5964912280701754,
CC(=O)CC1(C#N)CCC1,4.3,0.5803469243170541,0.7829885450570929,0.07936507936507936,
COC1Nc2ccccc2-c2ccnc3[nH]cc1c23,8.1,0.697319046236027,0.7458796296527562,0.64,
COCC1Nc2ccccc2-c2ccnc3[nH]cc1c23,8.1,0.7467968225892367,0.7589761740604981,0.72,
O=C(O)CCC1Nc2ccccc2-c2ccnc3[nH]cc1c23,8.6,0.6896538018989031,0.7680040614070127,0.6792452830188679,
O=CCF,2.4,0.39513533270410073,0.7150085503924467,0.058823529411764705,
COCCCC1Nc2ccccc2-c2ccnc3[nH]cc1c23,7.8,0.7112825814883913,0.7664657551939951,0.6666666666666666,
CCC1Nc2ccccc2-c2ccnc3[nH]cc1c23,8.3,0.6811323512409708,0.7686156186637452,0.6938775510204082,
C[C@@H](C(=O)O)C1Nc2ccccc2-c2ccnc3[nH]cc1c23,8.0,0.6762571012352169,0.7238951116011327,0.5892857142857143,
O=C(CC1Nc2ccccc2-c2ccnc3[nH]cc1c23)Oc1ccc(O)cc1,9.7,0.367025987999385,0.7661428897008093,0.7454545454545455,
CCCC(=O)O,3.8,0.5434407472889116,0.9173154091647855,0.09433962264150944,
CC1Nc2ccccc2-c2ccnc3[nH]cc1c23,8.6,0.6231806317439508,0.7695458725412244,0.6,
COC(=O)O,3.1,0.42219487491764734,0.885815028230586,0.14583333333333334,
CCC(C)=O,3.3,0.4510508050249618,0.9060485946641523,0.1,
CCC(=O)CC1Nc2ccccc2-c2ccnc3[nH]cc1c23,8.0,0.7645791387453474,0.7520795421762434,0.7647058823529411,
CC1Nc2ccccc2-c2ccnc3[nH]cc1c23,8.6,0.6231806317439508,0.7695458725412244,0.6,
CCC1Nc2ccccc2-c2ccnc3[nH]cc1c23,8.3,0.6811323512409708,0.7686156186637452,0.6938775510204082,
CC(=O)CC1Nc2ccccc2-c2ccnc3[nH]cc1c23,8.6,0.7509697575665712,0.7603699136553508,0.7959183673469388,
CCCC1Nc2ccccc2-c2ccnc3[nH]cc1c23,8.4,0.7145032431531244,0.7692400593277733,0.6666666666666666,
FC(F)(F)C1Nc2ccccc2-c2ccnc3[nH]cc1c23,8.9,0.6489489536986804,0.7482203676276079,0.5370370370370371,
COCC(=O)OC,3.2,0.45518641334468485,0.90408968696741,0.2,
O=C(CC1Nc2ccccc2-c2ccnc3[nH]cc1c23)c1cccs1,9.0,0.5119868931545729,0.75756578385004,0.6666666666666666,
COCCC1Nc2ccccc2-c2ccnc3[nH]cc1c23,8.0,0.7676780846925618,0.7610493750717767,0.6923076923076923,
CC[C@@H]1C[C@H]1C(=O)OC,4.5,0.5222765454084072,0.7660498147103747,0.15517241379310345,
O=C(O)COC1Nc2ccccc2-c2ccnc3[nH]cc1c23,8.3,0.6912976142496186,0.7424043017916282,0.6071428571428571,
CCC1Nc2ccccc2-c2ccnc3[nH]cc1c23,8.5,0.6811323512409708,0.7686156186637452,0.6938775510204082,
CCCC1Nc2ccccc2-c2ccnc3[nH]cc1c23,8.4,0.7145032431531244,0.7692400593277733,0.6666666666666666,
CCC1Nc2ccccc2-c2ccnc3[nH]cc1c23,8.6,0.6811323512409708,0.7686156186637452,0.6938775510204082,
CN(C1Nc2ccccc2-c2ccnc3[nH]cc1c23)N1CCCC1,9.2,0.7575642519817714,0.7181196084577639,0.4918032786885246,
CC1Nc2ccccc2-c2ccnc3[nH]cc1c23,8.3,0.6231806317439508,0.7695458725412244,0.6,
CC(=O)CO,2.9,0.45783134684806254,0.8612639792795369,0.1,
CCOC1Nc2ccccc2-c2ccnc3[nH]cc1c23,8.3,0.7426048495568726,0.7443581818831839,0.5925925925925926,
O=C(c1ccc(F)cc1)C1Nc2ccccc2-c2ccnc3[nH]cc1c23,9.5,0.5179255356452497,0.7758745198314863,0.5423728813559322,
CCC1Nc2ccccc2-c2ccnc3[nH]cc1c23,8.4,0.6811323512409708,0.7686156186637452,0.6938775510204082,
c1csc(CC2Nc3ccccc3-c3ccnc4[nH]cc2c34)c1,8.9,0.5459678555678223,0.7595799292738519,0.5789473684210527,
COCC(=O)C1Nc2ccccc2-c2ccnc3[nH]cc1c23,7.7,0.7789120402270362,0.7469631960223975,0.6666666666666666,
COOC,2.3,0.3187444544547157,0.8055042768881732,0.06382978723404255,
CCC1Nc2ccccc2-c2ccnc3[nH]cc1c23,8.5,0.6811323512409708,0.7686156186637452,0.6938775510204082,
COC(=O)CC1Nc2ccccc2-c2ccnc3[nH]cc1c23,8.0,0.711669858205952,0.7677824267916282,1.0,
CN1CC1C(=O)C1Nc2ccccc2-c2ccnc3[nH]cc1c23,8.8,0.714449714939948,0.6777362347954976,0.559322033898305,
c1ccc(CC2Nc3ccccc3-c3ccnc4[nH]cc2c34)cc1,9.7,0.5503243699723379,0.7927611848391289,0.6346153846153846,
CC1CCC(C(=O)C(=O)CC2Nc3ccccc3-c3ccnc4[nH]cc2c34)CC1,9.5,0.6143539004157025,0.7339301131720474,0.6724137931034483,
O=C(Cc1cc(F)ccc1F)C(=O)NC1Nc2ccccc2-c2ccnc3[nH]cc1c23,10.0,0.439469260515321,0.7277346165253363,0.4782608695652174,
CCC,2.2,0.3854706587740357,0.916115884596113,0.0425531914893617,
CCCC1Nc2ccccc2-c2ccnc3[nH]cc1c23,8.4,0.7145032431531244,0.7692400593277733,0.6666666666666666,
COC(=O)C1Nc2ccccc2-c2ccnc3[nH]cc1c23,8.3,0.6721063220567792,0.7662233814989825,0.6730769230769231,
OCC1Nc2ccccc2-c2ccnc3[nH]cc1c23,8.1,0.6228469872919925,0.762604629652756,0.6938775510204082,
c1ccc2c(c1)NCc1c[nH]c3nccc-2c13,8.2,0.6118603980597437,0.8168337282117835,0.4444444444444444,
CC,1.6,0.3727855551576051,0.805825786783401,0.021739130434782608,
CC(=O)C1Nc2ccccc2-c2ccnc3[nH]cc1c23,8.5,0.7079770911936271,0.755194809136702,0.6346153846153846,
CN(C(=O)C1Nc2ccccc2-c2ccnc3[nH]cc1c23)C1CC1,8.5,0.7618094233159786,0.7451490053519494,0.55,
O=C(CC(=O)CC1Nc2ccccc2-c2ccnc3[nH]cc1c23)CC1CCCC1,9.1,0.5705133859490242,0.7343695895779943,0.6666666666666666,
CO,1.8,0.38528440447384316,0.8109950175526317,0.043478260869565216,
c1ccc2c(c1)NC(CC1CC1)c1c[nH]c3nccc-2c13,7.4,0.7227787541828189,0.757090814277732,0.6226415094339622,
CCC1Nc2ccccc2-c2ccnc3[nH]cc1c23,8.4,0.6811323512409708,0.7686156186637452,0.6938775510204082,
N#CN(C=O)CC1Nc2ccccc2-c2ccnc3[nH]cc1c23,8.8,0.44234927413202574,0.6894276671729851,0.5932203389830508,
CC1Nc2ccccc2-c2ccnc3[nH]cc1c23,8.3,0.6231806317439508,0.7695458725412244,0.6,
CC1Nc2ccccc2-c2ccnc3[nH]cc1c23,8.6,0.6231806317439508,0.7695458725412244,0.6,
CNC(=O)C1Nc2ccccc2-c2ccnc3[nH]cc1c23,8.3,0.6400687199264771,0.762104339884859,0.6111111111111112,
c1ccc2c(c1)NC(CC1CC1)c1c[nH]c3nccc-2c13,7.4,0.7227787541828189,0.757090814277732,0.6226415094339622,
COC(=O)CC1Nc2ccccc2-c2ccnc3[nH]cc1c23,8.1,0.711669858205952,0.7677824267916282,1.0,
CN(C)CC1Nc2ccccc2-c2ccnc3[nH]cc1c23,8.2,0.7559548635868751,0.7552599514863721,0.6538461538461539,
COCC1Nc2ccccc2-c2ccnc3[nH]cc1c23,8.4,0.7467968225892367,0.7589761740604981,0.72,
O=C(CC1Nc2ccccc2-c2ccnc3[nH]cc1c23)C(C(=O)c1cccc(Br)c1)C1Nc2ccccc2-c2ccnc3[nH]cc1c23,10.1,0.10338165858533084,0.6200626445924714,0.5671641791044776,
COC(C)=O,3.0,0.38296659073251405,0.9181870562026138,0.14583333333333334,
COC1Nc2ccccc2-c2ccnc3[nH]cc1c23,8.3,0.697319046236027,0.7458796296527562,0.64,
CC(C=O)CC1Nc2ccccc2-c2ccnc3[nH]cc1c23,8.5,0.718995384753235,0.702895310013831,0.6545454545454545,
CCC1Nc2ccccc2-c2ccnc3[nH]cc1c23,8.5,0.6811323512409708,0.7686156186637452,0.6938775510204082,
COC(=O)CC1Nc2ccccc2-c2ccnc3[nH]cc1c23,8.2,0.711669858205952,0.7677824267916282,1.0,
O=C(O)C(F)F,3.5,0.5105149761883968,0.8434152119261267,0.057692307692307696,
CC(=O)CC1Nc2ccccc2-c2ccnc3[nH]cc1c23,8.3,0.7509697575665712,0.7603699136553508,0.7959183673469388,
N#Cc1ccc(C(=O)C2Nc3ccccc3-c3ccnc4[nH]cc2c34)cc1,9.4,0.5233359894462982,0.763246454977623,0.5161290322580645,
O=C(c1ccc(Br)cc1)C1Nc2ccccc2-c2ccnc3[nH]cc1c23,9.7,0.44357241270539394,0.7709674348112434,0.5423728813559322,
Cc1ccc(CC2Nc3ccccc3-c3ccnc4[nH]cc2c34)cc1,9.7,0.5284328650550113,0.7876310645153206,0.6181818181818182,
CC(=O)C1Nc2ccccc2-c2ccnc3[nH]cc1c23,8.7,0.7079770911936271,0.755194809136702,0.6346153846153846,
COCC(=O)CN,3.3,0.5064166886668929,0.8241401143178374,0.12727272727272726,
CCC1Nc2ccccc2-c2ccnc3[nH]cc1c23,8.5,0.6811323512409708,0.7686156186637452,0.6938775510204082,
CC,1.6,0.3727855551576051,0.805825786783401,0.021739130434782608,
COCC(C)=O,3.1,0.48239305419745987,0.85835438352376,0.1346153846153846,
CCC(=O)OC,3.4,0.43785087777866244,0.8949800245494008,0.20408163265306123,
CCCN(C)C(=O)C1Nc2ccccc2-c2ccnc3[nH]cc1c23,9.0,0.7754243208989217,0.7495320599784825,0.5666666666666667,
COC(=O)CC1Nc2ccccc2-c2ccnc3[nH]cc1c23,8.5,0.711669858205952,0.7677824267916282,1.0,
CCC(=O)O,3.3,0.4908446664452931,0.9284024408179986,0.1,
CCC(=O)C1Nc2ccccc2-c2ccnc3[nH]cc1c23,8.3,0.7509697575665712,0.7513772276528287,0.6296296296296297,
CC(C)C(=O)C1Nc2ccccc2-c2ccnc3[nH]cc1c23,8.4,0.7520248267969959,0.7462283211750226,0.6,
COCC(=O)C1CC1,3.9,0.5370518916073314,0.8607845444949235,0.14285714285714285,
CC(=O)CC1Nc2ccccc2-c2ccnc3[nH]cc1c23,8.0,0.7509697575665712,0.7603699136553508,0.7959183673469388,
COC,1.9,0.3800398096193344,0.8936825512627795,0.06521739130434782,
COC(=O)CC1Nc2ccccc2-c2ccnc3[nH]cc1c23,8.3,0.711669858205952,0.7677824267916282,1.0,
OCC1Nc2ccccc2-c2ccnc3[nH]cc1c23,8.2,0.6228469872919925,0.762604629652756,0.6938775510204082,
CCCN(C)C,3.0,0.4845702325749548,0.899348229677606,0.037037037037037035,
O=COCC(=O)C1CC1,4.0,0.5055685089333019,0.7884492385133997,0.13793103448275862,
O=C(O)CC1Nc2ccccc2-c2ccnc3[nH]cc1c23,8.7,0.6729631713265855,0.770129056152198,0.7755102040816326,
COC(=O)CC1Nc2ccccc2-c2ccnc3[nH]cc1c23,8.0,0.711669858205952,0.7677824267916282,1.0,
CNC(=O)OC1Nc2ccccc2-c2ccnc3[nH]cc1c23,8.8,0.6443462863300806,0.7330814652531666,0.6071428571428571,
CCC1Nc2ccccc2-c2ccnc3[nH]cc1c23,8.5,0.6811323512409708,0.7686156186637452,0.6938775510204082,
CCC(=O)C1CC1,4.2,0.5095344128763949,0.8703401143178373,0.1111111111111111,
COOC(=O)C1Nc2ccccc2-c2ccnc3[nH]cc1c23,8.2,0.5613685971855998,0.7304280998685513,0.6363636363636364,
O=C(CC1Nc2ccccc2-c2ccnc3[nH]cc1c23)c1ccccc1Cl,9.6,0.45785512855029564,0.7734357441694439,0.6785714285714286,
Clc1ccccc1OOC1Nc2ccccc2-c2ccnc3[nH]cc1c23,9.7,0.3818857399522015,0.7350995789828612,0.5,
CCC1Nc2ccccc2-c2ccnc3[nH]cc1c23,8.4,0.6811323512409708,0.7686156186637452,0.6938775510204082,
O=CC(=O)CC1Nc2ccccc2-c2ccnc3[nH]cc1c23,8.2,0.5745260466581473,0.7343216094839359,0.7450980392156863,
CCCCOC,3.2,0.474106795831282,0.9464416912160676,0.07407407407407407,
COCC(=O)C1CC1,3.9,0.5370518916073314,0.8607845444949235,0.14285714285714285,
