CN(C)Cc1ccc2c(c1)CNC(=O)c1cccn1-2,7.1,0.8879035012540928,0.8211991202351676,1.0,
CN(C)Cc1ccc2c(c1)CNC(=O)c1cccn1-2,7.3,0.8879035012540928,0.8211991202351676,1.0,
CN(C)Cc1ccc2c(c1)CNC(=O)c1cccn1-2,7.3,0.8879035012540928,0.8211991202351676,1.0,
CN(C)Cc1ccc2c(c1)CNC(=O)c1cccn1-2,7.3,0.8879035012540928,0.8211991202351676,1.0,
CN(C)Cc1ccc2c(c1)CNC(=O)c1cccn1-2,7.3,0.8879035012540928,0.8211991202351676,1.0,
CN(C)Cc1ccc2c(c1)CNC(=O)c1cccn1-2,7.1,0.8879035012540928,0.8211991202351676,1.0,
CN(C)Cc1ccc2c(c1)CNC(=O)c1cccn1-2,7.3,0.8879035012540928,0.8211991202351676,1.0,
CN(C)Cc1ccc2c(c1)CNC(=O)c1cccn1-2,7.3,0.8879035012540928,0.8211991202351676,1.0,
CN(C)Cc1ccc2c(c1)CNC(=O)c1cccn1-2,7.1,0.8879035012540928,0.8211991202351676,1.0,
CN(C)Cc1ccc2c(c1)CNC(=O)c1cccn1-2,7.3,0.8879035012540928,0.8211991202351676,1.0,
CN(C)Cc1ccc2c(c1)CNC(=O)c1cccn1-2,7.1,0.8879035012540928,0.8211991202351676,1.0,
CN(C)Cc1ccc2c(c1)CNC(=O)c1cccn1-2,7.2,0.8879035012540928,0.8211991202351676,1.0,
CN(C)Cc1ccc2c(c1)CNC(=O)c1cccn1-2,7.3,0.8879035012540928,0.8211991202351676,1.0,
CN(C)Cc1ccc2c(c1)CNC(=O)c1cccn1-2,7.3,0.8879035012540928,0.8211991202351676,1.0,
CN(C)Cc1ccc2c(c1)CNC(=O)c1cccn1-2,7.1,0.8879035012540928,0.8211991202351676,1.0,
CN(C)Cc1ccc2c(c1)CNC(=O)c1cccn1-2,7.2,0.8879035012540928,0.8211991202351676,1.0,
CN(C)Cc1ccc2c(c1)CNC(=O)c1cccn1-2,7.3,0.8879035012540928,0.8211991202351676,1.0,
CN(C)Cc1ccc2c(c1)CNC(=O)c1cccn1-2,7.2,0.8879035012540928,0.8211991202351676,1.0,
CN(C)Cc1ccc2c(c1)CNC(=O)c1cccn1-2,7.2,0.8879035012540928,0.8211991202351676,1.0,
CN(C)Cc1ccc2c(c1)CNC(=O)c1cccn1-2,7.1,0.8879035012540928,0.8211991202351676,1.0,
CN(C)Cc1ccc2c(c1)CNC(=O)c1cccn1-2,7.3,0.8879035012540928,0.8211991202351676,1.0,
CN(C)Cc1ccc2c(c1)CNC(=O)c1cccn1-2,7.1,0.8879035012540928,0.8211991202351676,1.0,
CN(C)Cc1ccc2c(c1)CNC(=O)c1cccn1-2,7.3,0.8879035012540928,0.8211991202351676,1.0,
CN(C)Cc1ccc2c(c1)CNC(=O)c1cccn1-2,7.2,0.8879035012540928,0.8211991202351676,1.0,
CN(C)Cc1ccc2c(c1)CNC(=O)c1cccn1-2,7.3,0.8879035012540928,0.8211991202351676,1.0,
CN(C)Cc1ccc2c(c1)CNC(=O)c1cccn1-2,7.2,0.8879035012540928,0.8211991202351676,1.0,
CN(C)Cc1ccc2c(c1)CNC(=O)c1cccn1-2,7.1,0.8879035012540928,0.8211991202351676,1.0,
CN(C)Cc1ccc2c(c1)CNC(=O)c1cccn1-2,7.3,0.8879035012540928,0.8211991202351676,1.0,
CN(C)Cc1ccc2c(c1)CNC(=O)c1cccn1-2,7.2,0.8879035012540928,0.8211991202351676,1.0,
CN(C)Cc1ccc2c(c1)CNC(=O)c1cccn1-2,7.3,0.8879035012540928,0.8211991202351676,1.0,
CN(C)Cc1ccc2c(c1)CNC(=O)c1cccn1-2,7.3,0.8879035012540928,0.8211991202351676,1.0,
CN(C)Cc1ccc2c(c1)CNC(=O)c1cccn1-2,7.3,0.8879035012540928,0.8211991202351676,1.0,
CN(C)Cc1ccc2c(c1)CNC(=O)c1cccn1-2,7.3,0.8879035012540928,0.8211991202351676,1.0,
CN(C)Cc1ccc2c(c1)CNC(=O)c1cccn1-2,7.3,0.8879035012540928,0.8211991202351676,1.0,
CN(C)Cc1ccc2c(c1)CNC(=O)c1cccn1-2,7.1,0.8879035012540928,0.8211991202351676,1.0,
CN(C)Cc1ccc2c(c1)CNC(=O)c1cccn1-2,7.2,0.8879035012540928,0.8211991202351676,1.0,
CN(C)Cc1ccc2c(c1)CNC(=O)c1cccn1-2,7.3,0.8879035012540928,0.8211991202351676,1.0,
CN(C)Cc1ccc2c(c1)CNC(=O)c1cccn1-2,7.3,0.8879035012540928,0.8211991202351676,1.0,
CN(C)Cc1ccc2c(c1)CNC(=O)c1cccn1-2,7.2,0.8879035012540928,0.8211991202351676,1.0,
CN(C)Cc1ccc2c(c1)CNC(=O)c1cccn1-2,7.3,0.8879035012540928,0.8211991202351676,1.0,
CN(C)Cc1ccc2c(c1)CNC(=O)c1cccn1-2,7.2,0.8879035012540928,0.8211991202351676,1.0,
CN(C)Cc1ccc2c(c1)CNC(=O)c1cccn1-2,7.2,0.8879035012540928,0.8211991202351676,1.0,
CN(C)Cc1ccc2c(c1)CNC(=O)c1cccn1-2,7.1,0.8879035012540928,0.8211991202351676,1.0,
CN(C)Cc1ccc2c(c1)CNC(=O)c1cccn1-2,7.3,0.8879035012540928,0.8211991202351676,1.0,
CN(C)Cc1ccc2c(c1)CNC(=O)c1cccn1-2,7.3,0.8879035012540928,0.8211991202351676,1.0,
CN(C)Cc1ccc2c(c1)CNC(=O)c1cccn1-2,7.2,0.8879035012540928,0.8211991202351676,1.0,
CN(C)Cc1ccc2c(c1)CNC(=O)c1cccn1-2,7.2,0.8879035012540928,0.8211991202351676,1.0,
CN(C)Cc1ccc2c(c1)CNC(=O)c1cccn1-2,7.3,0.8879035012540928,0.8211991202351676,1.0,
CN(C)Cc1ccc2c(c1)CNC(=O)c1cccn1-2,7.3,0.8879035012540928,0.8211991202351676,1.0,
CN(C)Cc1ccc2c(c1)CNC(=O)c1cccn1-2,7.3,0.8879035012540928,0.8211991202351676,1.0,
CN(C)Cc1ccc2c(c1)CNC(=O)c1cccn1-2,7.3,0.8879035012540928,0.8211991202351676,1.0,
CN(C)Cc1ccc2c(c1)CNC(=O)c1cccn1-2,7.3,0.8879035012540928,0.8211991202351676,1.0,
CN(C)Cc1ccc2c(c1)CNC(=O)c1cccn1-2,7.3,0.8879035012540928,0.8211991202351676,1.0,
CN(C)Cc1ccc2c(c1)CNC(=O)c1cccn1-2,7.3,0.8879035012540928,0.8211991202351676,1.0,
CN(C)Cc1ccc2c(c1)CNC(=O)c1cccn1-2,7.3,0.8879035012540928,0.8211991202351676,1.0,
CN(C)Cc1ccc2c(c1)CNC(=O)c1cccn1-2,7.2,0.8879035012540928,0.8211991202351676,1.0,
CN(C)Cc1ccc2c(c1)CNC(=O)c1cccn1-2,7.3,0.8879035012540928,0.8211991202351676,1.0,
CN(C)Cc1ccc2c(c1)CNC(=O)c1cccn1-2,7.3,0.8879035012540928,0.8211991202351676,1.0,
CN(C)Cc1ccc2c(c1)CNC(=O)c1cccn1-2,7.3,0.8879035012540928,0.8211991202351676,1.0,
CN(C)Cc1ccc2c(c1)CNC(=O)c1cccn1-2,7.3,0.8879035012540928,0.8211991202351676,1.0,
CN(C)Cc1ccc2c(c1)CNC(=O)c1cccn1-2,7.3,0.8879035012540928,0.8211991202351676,1.0,
CN(C)Cc1ccc2c(c1)CNC(=O)c1cccn1-2,7.3,0.8879035012540928,0.8211991202351676,1.0,
CN(C)Cc1ccc2c(c1)CNC(=O)c1cccn1-2,7.1,0.8879035012540928,0.8211991202351676,1.0,
CN(C)Cc1ccc2c(c1)CNC(=O)c1cccn1-2,7.3,0.8879035012540928,0.8211991202351676,1.0,
CN(C)Cc1ccc2c(c1)CNC(=O)c1cccn1-2,7.2,0.8879035012540928,0.8211991202351676,1.0,
CN(C)Cc1ccc2c(c1)CNC(=O)c1cccn1-2,7.3,0.8879035012540928,0.8211991202351676,1.0,
CN(C)Cc1ccc2c(c1)CNC(=O)c1cccn1-2,7.3,0.8879035012540928,0.8211991202351676,1.0,
CN(C)Cc1ccc2c(c1)CNC(=O)c1cccn1-2,7.3,0.8879035012540928,0.8211991202351676,1.0,
CN(C)Cc1ccc2c(c1)CNC(=O)c1cccn1-2,7.2,0.8879035012540928,0.8211991202351676,1.0,
CN(C)Cc1ccc2c(c1)CNC(=O)c1cccn1-2,7.3,0.8879035012540928,0.8211991202351676,1.0,
CN(C)Cc1ccc2c(c1)CNC(=O)c1cccn1-2,7.2,0.8879035012540928,0.8211991202351676,1.0,
CN(C)Cc1ccc2c(c1)CNC(=O)c1cccn1-2,7.2,0.8879035012540928,0.8211991202351676,1.0,
CN(C)Cc1ccc2c(c1)CNC(=O)c1cccn1-2,7.3,0.8879035012540928,0.8211991202351676,1.0,
CN(C)Cc1ccc2c(c1)CNC(=O)c1cccn1-2,7.3,0.8879035012540928,0.8211991202351676,1.0,
CN(C)Cc1ccc2c(c1)CNC(=O)c1cccn1-2,7.2,0.8879035012540928,0.8211991202351676,1.0,
CN(C)Cc1ccc2c(c1)CNC(=O)c1cccn1-2,7.3,0.8879035012540928,0.8211991202351676,1.0,
CN(C)Cc1ccc2c(c1)CNC(=O)c1cccn1-2,7.1,0.8879035012540928,0.8211991202351676,1.0,
CN(C)Cc1ccc2c(c1)CNC(=O)c1cccn1-2,7.2,0.8879035012540928,0.8211991202351676,1.0,
CN(C)Cc1ccc2c(c1)CNC(=O)c1cccn1-2,7.3,0.8879035012540928,0.8211991202351676,1.0,
CN(C)Cc1ccc2c(c1)CNC(=O)c1cccn1-2,7.3,0.8879035012540928,0.8211991202351676,1.0,
CN(C)Cc1ccc2c(c1)CNC(=O)c1cccn1-2,7.4,0.8879035012540928,0.8211991202351676,1.0,
CN(C)Cc1ccc2c(c1)CNC(=O)c1cccn1-2,7.3,0.8879035012540928,0.8211991202351676,1.0,
CN(C)Cc1ccc2c(c1)CNC(=O)c1cccn1-2,7.1,0.8879035012540928,0.8211991202351676,1.0,
CN(C)Cc1ccc2c(c1)CNC(=O)c1cccn1-2,7.3,0.8879035012540928,0.8211991202351676,1.0,
CN(C)Cc1ccc2c(c1)CNC(=O)c1cccn1-2,7.1,0.8879035012540928,0.8211991202351676,1.0,
CN(C)Cc1ccc2c(c1)CNC(=O)c1cccn1-2,7.4,0.8879035012540928,0.8211991202351676,1.0,
CN(C)Cc1ccc2c(c1)CNC(=O)c1cccn1-2,7.4,0.8879035012540928,0.8211991202351676,1.0,
CN(C)Cc1ccc2c(c1)CNC(=O)c1cccn1-2,7.3,0.8879035012540928,0.8211991202351676,1.0,
CN(C)Cc1ccc2c(c1)CNC(=O)c1cccn1-2,7.2,0.8879035012540928,0.8211991202351676,1.0,
CN(C)Cc1ccc2c(c1)CNC(=O)c1cccn1-2,7.3,0.8879035012540928,0.8211991202351676,1.0,
CN(C)Cc1ccc2c(c1)CNC(=O)c1cccn1-2,7.3,0.8879035012540928,0.8211991202351676,1.0,
CN(C)Cc1ccc2c(c1)CNC(=O)c1cccn1-2,7.3,0.8879035012540928,0.8211991202351676,1.0,
CN(C)Cc1ccc2c(c1)CNC(=O)c1cccn1-2,7.3,0.8879035012540928,0.8211991202351676,1.0,
CN(C)Cc1ccc2c(c1)CNC(=O)c1cccn1-2,7.3,0.8879035012540928,0.8211991202351676,1.0,
CN(C)Cc1ccc2c(c1)CNC(=O)c1cccn1-2,7.2,0.8879035012540928,0.8211991202351676,1.0,
CN(C)Cc1ccc2c(c1)CNC(=O)c1cccn1-2,7.4,0.8879035012540928,0.8211991202351676,1.0,
CN(C)Cc1ccc2c(c1)CNC(=O)c1cccn1-2,7.2,0.8879035012540928,0.8211991202351676,1.0,
CN(C)Cc1ccc2c(c1)CNC(=O)c1cccn1-2,7.3,0.8879035012540928,0.8211991202351676,1.0,
CN(C)Cc1ccc2c(c1)CNC(=O)c1cccn1-2,7.2,0.8879035012540928,0.8211991202351676,1.0,
CN(C)Cc1ccc2c(c1)CNC(=O)c1cccn1-2,7.1,0.8879035012540928,0.8211991202351676,1.0,
CCc1ccc2c(c1)CNC(=O)c1cccn1-2,7.9,0.7949267772648932,0.8288238596489735,0.7555555555555555,
CN(C)CN(C)C,3.0,0.4550820644502251,0.793200496419396,0.11363636363636363,
CN(C)Cc1ccc2c(c1)CNC(=O)c1cccn1-2,7.3,0.8879035012540928,0.8211991202351676,1.0,
CC,1.7,0.3727855551576051,0.805825786783401,0.023809523809523808,
O=C1NCc2cc(OC(F)F)ccc2-n2cccc21,7.5,0.9041867149667976,0.8137820262180736,0.5471698113207547,
CN(C)Cc1ccc2c(c1)CNC(=O)c1cccn1-2,7.3,0.8879035012540928,0.8211991202351676,1.0,
CNC(=O)N(C)c1ccc2c(c1)CNC(=O)c1cccn1-2,8.1,0.8330437804940425,0.7947715403633965,0.5818181818181818,
Cc1ccc2c(c1)CNC(=O)c1cccn1-2,7.6,0.7119436489699199,0.8303377948238011,0.6521739130434783,
CCc1ccc2c(c1)CNC(=O)c1cccn1-2,7.9,0.7949267772648932,0.8288238596489735,0.7555555555555555,
O=C1NCc2cc(CC(=O)N3CC(Cc4ccc5c(c4)CNC(=O)c4cccn4-5)C3)ccc2-n2cccc21,11.8,0.44708608936608074,0.7518280005712388,0.5689655172413793,
CN(C)CCc1ccc2c(c1)CNC(=O)c1cccn1-2,7.7,0.9226790687180594,0.8212459732516036,0.7872340425531915,
CN(C)Cc1ccc2c(c1)CNC(=O)c1cccn1-2,7.5,0.8879035012540928,0.8211991202351676,1.0,
Cc1ccc2c(c1)CNC(=O)c1cccn1-2,7.6,0.7119436489699199,0.8303377948238011,0.6521739130434783,
CN(C)C,2.3,0.3844627806876072,0.9033450888539851,0.07142857142857142,
CN(C)c1ccc2c(c1)CNC(=O)c1cccn1-2,7.3,0.8261028624191696,0.8154239270265394,0.6808510638297872,
CC,1.7,0.3727855551576051,0.805825786783401,0.023809523809523808,
CN(C)Cc1ccc2c(c1)CNC(=O)c1cccn1-2,7.2,0.8879035012540928,0.8211991202351676,1.0,
CN(C)CCc1ccc2c(c1)CNC(=O)c1cccn1-2,7.7,0.9226790687180594,0.8212459732516036,0.7872340425531915,
CCN(C)C,2.8,0.43830841291192973,0.9051450981606557,0.11363636363636363,
CN(C)c1ccc(CCc2ccc3c(c2)CNC(=O)c2cccn2-3)cc1,9.9,0.7847983718083276,0.8322394584356617,0.72,
Cc1ccc2c(c1)CNC(=O)c1cccn1-2,7.6,0.7119436489699199,0.8303377948238011,0.6521739130434783,
CN(C)C,2.3,0.3844627806876072,0.9033450888539851,0.07142857142857142,
CN(C)CCN(C)C,3.3,0.5161468615075413,0.902868647059026,0.11363636363636363,
CNCc1ccc2c(c1)CNC(=O)c1cccn1-2,7.3,0.8354106133093315,0.819998187381569,0.7083333333333334,
CNCC(C)C(=O)Oc1ccc2c(c1)CNC(=O)c1cccn1-2,7.7,0.6623584409198622,0.7445185794753785,0.5,
CN(C)Cc1ccc2c(c1)CNC(=O)c1cccn1-2,7.3,0.8879035012540928,0.8211991202351676,1.0,
CN(C)C,2.3,0.3844627806876072,0.9033450888539851,0.07142857142857142,
CN(CC(F)F)c1ccc2c(c1)CNC(=O)c1cccn1-2,7.9,0.9427363467855527,0.7790216055524447,0.6226415094339622,
CN(C)Cc1ccc2c(c1)CNC(=O)c1cccn1-2,7.3,0.8879035012540928,0.8211991202351676,1.0,
Cc1ccc2c(c1)CNC(=O)c1cccn1-2,7.6,0.7119436489699199,0.8303377948238011,0.6521739130434783,
CN(C)Cc1ccc2c(c1)CNC(=O)c1cccn1-2,7.3,0.8879035012540928,0.8211991202351676,1.0,
CN(C)N(Cc1ccc2c(c1)CNC(=O)c1cccn1-2)c1ccc(Cl)c(Br)c1,10.0,0.5788727878307722,0.7623017258067127,0.6440677966101694,
CN(C)Cc1ccc2c(c1)CNC(=O)c1cccn1-2,7.2,0.8879035012540928,0.8211991202351676,1.0,
CC(C)CCc1ccc2c(c1)CNC(=O)c1cccn1-2,8.2,0.9101190494521625,0.8250076466659085,0.68,
CN(C)c1ccc2c(c1)CNC(=O)c1cccn1-2,7.3,0.8261028624191696,0.8154239270265394,0.6808510638297872,
CN(C)CCc1ccc2c(c1)CNC(=O)c1cccn1-2,7.7,0.9226790687180594,0.8212459732516036,0.7872340425531915,
CCc1ccc2c(c1)CNC(=O)c1cccn1-2,7.8,0.7949267772648932,0.8288238596489735,0.7555555555555555,
CN(C)N(C)C,3.1,0.41699801356502403,0.8440979352298038,0.06976744186046512,
CN(C)CN(C)C,3.1,0.4550820644502251,0.793200496419396,0.11363636363636363,
CC(=O)N(C)Cc1ccc2c(c1)CNC(=O)c1cccn1-2,7.8,0.9117431590104529,0.8154878376254564,0.7755102040816326,
CN(C)CN(C)C,3.1,0.4550820644502251,0.793200496419396,0.11363636363636363,
CCc1ccc2c(c1)CNC(=O)c1cccn1-2,7.8,0.7949267772648932,0.8288238596489735,0.7555555555555555,
CN(C)C,2.3,0.3844627806876072,0.9033450888539851,0.07142857142857142,
CCc1ccc2c(c1)CNC(=O)c1cccn1-2,7.7,0.7949267772648932,0.8288238596489735,0.7555555555555555,
CN(C)CN(C)C,3.1,0.4550820644502251,0.793200496419396,0.11363636363636363,
CN(C)Cc1ccc2c(c1)CNC(=O)c1cccn1-2,7.3,0.8879035012540928,0.8211991202351676,1.0,
Cc1ccc(Oc2ccc3c(c2)CNC(=O)c2cccn2-3)cc1,9.7,0.781837642375994,0.8487356113968352,0.5660377358490566,
CN(Cc1ccc2c(c1)CNC(=O)c1cccn1-2)N(C)c1ccnc(=O)[nH]1,9.2,0.6815078706373598,0.7335247099789256,0.6785714285714286,
CCCc1ccc2c(c1)CNC(=O)c1cccn1-2,7.5,0.8599845896757723,0.8294970039496165,0.723404255319149,
CC(C)(C)C(=O)c1ccc2c(c1)CNC(=O)c1cccn1-2,7.9,0.817536646803493,0.8099210300905018,0.5769230769230769,
CN(C)CS(=O)(=O)CCc1ccc2c(c1)CNC(=O)c1cccn1-2,7.6,0.882119661755014,0.774753313907985,0.6981132075471698,
CN(C)C,2.3,0.3844627806876072,0.9033450888539851,0.07142857142857142,
CN(C)CC(=O)N(C)Cc1ccc2c(c1)CNC(=O)c1cccn1-2,8.1,0.9196338539829652,0.8087471141376061,0.7647058823529411,
Cc1ccc2c(c1)CNC(=O)c1cccn1-2,7.6,0.7119436489699199,0.8303377948238011,0.6521739130434783,
CN(C)Cc1ccc2c(c1)CNC(=O)c1cccn1-2,7.3,0.8879035012540928,0.8211991202351676,1.0,
CN(C)CC(=O)Cc1ccc2c(c1)CNC(=O)c1cccn1-2,7.7,0.9277448072495135,0.8009009062734316,0.7254901960784313,
Cc1ccc2c(c1)CNC(=O)c1cccn1-2,7.6,0.7119436489699199,0.8303377948238011,0.6521739130434783,
CN(C)CN(C)C,3.0,0.4550820644502251,0.793200496419396,0.11363636363636363,
CN(C)CN(C)C,2.9,0.4550820644502251,0.793200496419396,0.11363636363636363,
O=C1NCc2cc(-c3ccc(F)cc3)ccc2-n2cccc21,10.2,0.7312345899701416,0.8493329549707023,0.5686274509803921,
CN(C)CC(=O)CC(=O)c1ccc2c(c1)CNC(=O)c1cccn1-2,8.2,0.6666294910017462,0.7933643357219918,0.6071428571428571,
CN(C)C(=O)c1ccc2c(c1)CNC(=O)c1cccn1-2,7.8,0.8509929436986344,0.8270798994131615,0.6274509803921569,
CN(C)CCc1ccc2c(c1)CNC(=O)c1cccn1-2,7.7,0.9226790687180594,0.8212459732516036,0.7872340425531915,
CN(C)Cc1ccc2c(c1)CNC(=O)c1cccn1-2,7.3,0.8879035012540928,0.8211991202351676,1.0,
O=C1NCc2cc(CC3CNC3)ccc2-n2cccc21,8.2,0.8655621242053944,0.7992137474616645,0.6470588235294118,
CN(C)c1ccc2c(c1)CNC(=O)c1cccn1-2,7.4,0.8261028624191696,0.8154239270265394,0.6808510638297872,
CN(C)CN(C)C,3.0,0.4550820644502251,0.793200496419396,0.11363636363636363,
CN(C)Cc1ccc2c(c1)CNC(=O)c1cccn1-2,7.3,0.8879035012540928,0.8211991202351676,1.0,
CN(C)c1ccc2c(c1)CNC(=O)c1cccn1-2,7.3,0.8261028624191696,0.8154239270265394,0.6808510638297872,
CCc1ccc2c(c1)CNC(=O)c1cccn1-2,7.8,0.7949267772648932,0.8288238596489735,0.7555555555555555,
C=CC(=O)Nc1ccc2c(c1)CNC(=O)c1cccn1-2,8.0,0.8155273770271064,0.8124100758157063,0.5087719298245614,
CN(C)c1ccc2c(c1)CNC(=O)c1cccn1-2,7.4,0.8261028624191696,0.8154239270265394,0.6808510638297872,
CN(C)Cc1ccc2c(c1)CNC(=O)c1cccn1-2,7.3,0.8879035012540928,0.8211991202351676,1.0,
CN(C)c1ccc2c(c1)CNC(=O)c1cccn1-2,7.4,0.8261028624191696,0.8154239270265394,0.6808510638297872,
C[C@H](O)C(=O)CN(C)Cc1ccc2c(c1)CNC(=O)c1cccn1-2,7.7,0.8624080570689854,0.7379041526921717,0.7037037037037037,
CN(C)c1ccc2c(c1)CNC(=O)c1cccn1-2,7.3,0.8261028624191696,0.8154239270265394,0.6808510638297872,
CN(C)Cc1ccc2c(c1)CNC(=O)c1cccn1-2,7.1,0.8879035012540928,0.8211991202351676,1.0,
CN(C)Cc1ccc(-c2ccc3c(c2)CNC(=O)c2cccn2-3)cc1F,9.5,0.7846069028347571,0.8210644064606095,0.6666666666666666,
O=C1NCc2cc(CNc3ccccc3)ccc2-n2cccc21,8.9,0.7793572488493689,0.8487984465423745,0.6346153846153846,
CN(C)Cc1ccc2c(c1)CNC(=O)c1cccn1-2,7.1,0.8879035012540928,0.8211991202351676,1.0,
CN(C)CCc1ccc2c(c1)CNC(=O)c1cccn1-2,7.6,0.9226790687180594,0.8212459732516036,0.7872340425531915,
CN(Cc1ccc2c(c1)CNC(=O)c1cccn1-2)CC(F)(F)F,8.3,0.9429305329315759,0.8002016705242748,0.7755102040816326,
CN(C)Cc1ccc2c(c1)CNC(=O)c1cccn1-2,7.4,0.8879035012540928,0.8211991202351676,1.0,
CC1(Cc2ccc3c(c2)CNC(=O)c2cccn2-3)CC1,8.0,0.89025277792695,0.790175258001941,0.68,
O=CCc1ccc2c(c1)CNC(=O)c1cccn1-2,7.7,0.807891146701982,0.7966860572040542,0.7021276595744681,
CCc1ccc2c(c1)CNC(=O)c1cccn1-2,7.8,0.7949267772648932,0.8288238596489735,0.7555555555555555,
CN(C)Cc1ccc2c(c1)CNC(=O)c1cccn1-2,7.3,0.8879035012540928,0.8211991202351676,1.0,
CN(C)N(C)C,2.9,0.41699801356502403,0.8440979352298038,0.06976744186046512,
CN(C)Cc1ccc2c(c1)CNC(=O)c1cccn1-2,7.3,0.8879035012540928,0.8211991202351676,1.0,
CCc1ccc2c(c1)CNC(=O)c1cccn1-2,7.8,0.7949267772648932,0.8288238596489735,0.7555555555555555,
CN(C)Cc1ccc2c(c1)CNC(=O)c1cccn1-2,7.5,0.8879035012540928,0.8211991202351676,1.0,
CN(C)Cc1ccc2c(c1)CNC(=O)c1cccn1-2,7.2,0.8879035012540928,0.8211991202351676,1.0,
CN(C)CN(C)C,3.0,0.4550820644502251,0.793200496419396,0.11363636363636363,
CN(C)Cc1ccc2c(c1)CNC(=O)c1cccn1-2,7.3,0.8879035012540928,0.8211991202351676,1.0,
CN(C)Cc1ccc2c(c1)CNC(=O)c1cccn1-2,7.3,0.8879035012540928,0.8211991202351676,1.0,
CN(C)Cc1ccc2c(c1)CNC(=O)c1cccn1-2,7.3,0.8879035012540928,0.8211991202351676,1.0,
CN(C)C,2.3,0.3844627806876072,0.9033450888539851,0.07142857142857142,
CN(C)CCCOCc1ccc2c(c1)CNC(=O)c1cccn1-2,7.2,0.8316951754968853,0.8160487276338321,0.6851851851851852,
CN(C)N(C)Cc1ccc2c(c1)CNC(=O)c1cccn1-2,7.8,0.8709872174795604,0.7732312535315842,0.8444444444444444,
Cc1ccc2c(c1)CNC(=O)c1cccn1-2,7.6,0.7119436489699199,0.8303377948238011,0.6521739130434783,
CN(NC(=O)NC(=O)c1ccc2c(c1)CNC(=O)c1cccn1-2)N(C)N1CCCCC1,9.6,0.6377127378936017,0.7438822225212565,0.47761194029850745,
Cc1cccc(Oc2ccc3c(c2)CNC(=O)c2cccn2-3)c1,10.0,0.781837642375994,0.8420116159892577,0.5454545454545454,
FCC(F)F,3.3,0.44775035934082064,0.7579982450138026,0.020833333333333332,
CNCC(C(=O)CNCc1ccc2c(c1)CNC(=O)c1cccn1-2)C(=O)Oc1ccc2c(c1)CNC(=O)c1cccn1-2,10.7,0.13799724556389703,0.6719022085657226,0.4857142857142857,
CN(C)Cc1ccc2c(c1)CNC(=O)c1cccn1-2,7.2,0.8879035012540928,0.8211991202351676,1.0,
Cc1ccc2c(c1)CNC(=O)c1cccn1-2,7.6,0.7119436489699199,0.8303377948238011,0.6521739130434783,
CCN(C)C,3.0,0.43830841291192973,0.9051450981606557,0.11363636363636363,
CN(C)Cc1ccc2c(c1)CNC(=O)c1cccn1-2,7.3,0.8879035012540928,0.8211991202351676,1.0,
CCN(C)C(=O)CN(C)C,4.0,0.557522650740916,0.864730343873661,0.11320754716981132,
C=CC(=O)N(C)c1ccc2c(c1)CNC(=O)c1cccn1-2,7.7,0.8543768345166234,0.7824870553568775,0.5714285714285714,
CN(C)N(C)C,3.1,0.41699801356502403,0.8440979352298038,0.06976744186046512,
Cc1ccc(Cc2ccc3c(c2)CNC(=O)c2cccn2-3)cc1,9.7,0.7705453499127267,0.8451425000305893,0.6938775510204082,
CC,1.7,0.3727855551576051,0.805825786783401,0.023809523809523808,
CC(C(=O)c1ccc2c(c1)CNC(=O)c1cccn1-2)c1ccc2c(c1)CNC(=O)c1cccn1-2,10.9,0.4665295855066219,0.7100829387669471,0.5263157894736842,
CCCCc1ccc2c(c1)CNC(=O)c1cccn1-2,8.0,0.897054470456761,0.8337946239906713,0.6938775510204082,
C=CC(=O)Nc1ccc2c(c1)CNC(=O)c1cccn1-2,8.1,0.8155273770271064,0.8124100758157063,0.5087719298245614,
CCCCN(C)C,3.5,0.5183748699715436,0.9309563536340766,0.10204081632653061,
CC(=O)N(C)c1ccc2c(c1)CNC(=O)c1cccn1-2,7.9,0.8564183400045083,0.8050455587538207,0.6153846153846154,
CN(C(=O)c1ccc2c(c1)CNC(=O)c1cccn1-2)N(C)c1ccc(F)cc1,9.8,0.7131758591049442,0.7902162340832464,0.5245901639344263,
COC(=O)c1ccc2c(c1)CNC(=O)c1cccn1-2,8.0,0.7866065865856456,0.836000829636877,0.5660377358490566,
CCNC(=O)N(C)c1ccc2c(c1)CNC(=O)c1cccn1-2,8.5,0.888833064632624,0.8001229906406773,0.5789473684210527,
Cc1ccc(-c2ccc3c(c2)CNC(=O)c2cccn2-3)cc1,9.9,0.7276590994947095,0.8516495415091637,0.6,
CCC(=O)Oc1ccc2c(c1)CNC(=O)c1cccn1-2,7.7,0.6707047774097579,0.8182421945741408,0.5636363636363636,
CNC(=O)Oc1ccc2c(c1)CNC(=O)c1cccn1-2,7.5,0.823974550734212,0.8113569044256929,0.5357142857142857,
COCCCOc1ccc(F)cc1,5.7,0.6532195178870874,0.9482035297402989,0.0847457627118644,
CNc1ccc2c(c1)CNC(=O)c1cccn1-2,7.3,0.7794582115566376,0.8150464656144367,0.6122448979591837,
CCN=C(O)[C@@H](C)CC(=O)c1ccc2c(c1)CNC(=O)c1cccn1-2,8.8,0.49897825973793875,0.7147912308354871,0.484375,
CC[NH+](C)c1ccc2c(c1)CNC(=O)c1cccn1-2,7.3,0.8225596584255319,0.6340759869991135,0.5961538461538461,
C[C@@H](C(=O)Nc1ccc2c(c1)CNC(=O)c1cccn1-2)N(C)C,8.3,0.9047077561253534,0.7672744596528932,0.5517241379310345,
CN(F)Cc1ccc2c(c1)CNC(=O)c1cccn1-2,7.6,0.8379344774839099,0.7742857299217774,0.8260869565217391,
CNC(=O)N(c1ccc2c(c1)CNC(=O)c1cccn1-2)N(C)Cc1cc(F)cc(F)c1,10.8,0.6311492156124512,0.74997456638429,0.546875,
O=C1NCc2cc(Cc3ccccc3)ccc2-n2cccc21,9.7,0.7709746888566265,0.8505517900298738,0.6875,
CCC(=O)c1ccc2c(c1)CNC(=O)c1cccn1-2,8.2,0.8360242406303395,0.8227959863320338,0.5961538461538461,
CN(C)N(C)C,3.1,0.41699801356502403,0.8440979352298038,0.06976744186046512,
CC,1.7,0.3727855551576051,0.805825786783401,0.023809523809523808,
CNCc1ccc2c(c1)CNC(=O)c1cccn1-2,7.3,0.8354106133093315,0.819998187381569,0.7083333333333334,
Cc1ccc2c(c1)CNC(=O)c1cccn1-2,7.6,0.7119436489699199,0.8303377948238011,0.6521739130434783,
O=C1NCc2cc(-c3cccc4ccccc34)ccc2-n2cccc21,11.3,0.547807623829376,0.8483356792328564,0.5178571428571429,
Cc1ccc2c(c1)CNC(=O)c1cccn1-2,7.6,0.7119436489699199,0.8303377948238011,0.6521739130434783,
CC,1.7,0.3727855551576051,0.805825786783401,0.023809523809523808,
CN(C)Cc1ccc2c(c1)CNC(=O)c1cccn1-2,7.3,0.8879035012540928,0.8211991202351676,1.0,
CCc1ccc2c(c1)CNC(=O)c1cccn1-2,7.8,0.7949267772648932,0.8288238596489735,0.7555555555555555,
CN(C)CCc1ccc2c(c1)CNC(=O)c1cccn1-2,7.7,0.9226790687180594,0.8212459732516036,0.7872340425531915,
CC=O,2.5,0.35500761339323206,0.7732261410063693,0.044444444444444446,
Cc1ccc(N(c2ccc3c(c2)CNC(=O)c2cccn2-3)C2CCC2)cc1,10.3,0.7363585324762258,0.8040236110778268,0.5344827586206896,
O=C1NCc2cc(CNCC(F)(F)F)ccc2-n2cccc21,8.2,0.9142168392050306,0.8051393678118932,0.6111111111111112,
CN(C)CC(F)F,3.7,0.5069363110710913,0.8026801344284458,0.10204081632653061,
O=C1NCc2cc(CCc3cccc(F)c3)ccc2-n2cccc21,10.2,0.7852178148482617,0.8379276127434778,0.6346153846153846,
CN(C)c1ccc2c(c1)CNC(=O)c1cccn1-2,7.3,0.8261028624191696,0.8154239270265394,0.6808510638297872,
CC(=O)N(C)c1ccc2c(c1)CNC(=O)c1cccn1-2,7.9,0.8564183400045083,0.8050455587538207,0.6153846153846154,
CC,1.7,0.3727855551576051,0.805825786783401,0.023809523809523808,
CN(C)Cc1ccc2c(c1)CNC(=O)c1cccn1-2,7.3,0.8879035012540928,0.8211991202351676,1.0,
Cc1ccc2c(c1)CNC(=O)c1cccn1-2,7.6,0.7119436489699199,0.8303377948238011,0.6521739130434783,
CC(=O)CN(C)C,3.8,0.49272755673527713,0.8465109036592149,0.12244897959183673,
CN(C)Cc1ccc2c(c1)CNC(=O)c1cccn1-2,7.1,0.8879035012540928,0.8211991202351676,1.0,
CN(C)Cc1ccc2c(c1)CNC(=O)c1cccn1-2,7.3,0.8879035012540928,0.8211991202351676,1.0,
CC,1.7,0.3727855551576051,0.805825786783401,0.023809523809523808,
O=C1NCc2cc(O[C@H]3CCCO3)ccc2-n2cccc21,8.0,0.9198184858826394,0.7560094246995682,0.48333333333333334,
CN(C)Cc1ccc2c(c1)CNC(=O)c1cccn1-2,7.0,0.8879035012540928,0.8211991202351676,1.0,
CN(C)CC(=O)CN(C)C,3.7,0.5399824468288039,0.8259838823351993,0.125,
CCc1ccc2c(c1)CNC(=O)c1cccn1-2,7.7,0.7949267772648932,0.8288238596489735,0.7555555555555555,
CN(CCCO)Cc1ccc2c(c1)CNC(=O)c1cccn1-2,7.1,0.8802196244961805,0.812649785709408,0.7450980392156863,
CC(C)(Cc1ccc2c(c1)CNC(=O)c1cccn1-2)C(=O)c1ccc2c(c1)CNC(=O)c1cccn1-2,10.4,0.4312052557429948,0.7446111883186988,0.6071428571428571,
CN(C)CCc1ccc2c(c1)CNC(=O)c1cccn1-2,7.7,0.9226790687180594,0.8212459732516036,0.7872340425531915,
CC(C)(C)C1CNC1,4.2,0.49829784393121207,0.8206271085974878,0.057692307692307696,
O=C(O)CCN(c1ccc2c(c1)CNC(=O)c1cccn1-2)c1ccc2c(c1)CNC(=O)c1cccn1-2,11.2,0.40512085425476074,0.7436658602897448,0.5535714285714286,
CCCc1ccc2c(c1)CNC(=O)c1cccn1-2,7.6,0.8599845896757723,0.8294970039496165,0.723404255319149,
O=C1NCc2cc(Cn3nc([O-])ccc3=O)ccc2-n2cccc21,10.1,0.7393192679458128,0.7616285364574451,0.5789473684210527,
CN(C)Cc1ccc2c(c1)CNC(=O)c1cccn1-2,7.4,0.8879035012540928,0.8211991202351676,1.0,
O=C1NCc2cc(Cc3ccccc3)ccc2-n2cccc21,9.6,0.7709746888566265,0.8505517900298738,0.6875,
Cc1ccc2c(c1)CNC(=O)c1cccn1-2,7.6,0.7119436489699199,0.8303377948238011,0.6521739130434783,
CNN(C)c1ccc2c(c1)CNC(=O)c1cccn1-2,7.4,0.7960860009905604,0.771354960691008,0.6274509803921569,
O=C1NCc2cc(-c3ccc(Cl)o3)ccc2-n2cccc21,9.2,0.745447510417905,0.8039059281206795,0.5178571428571429,
Cc1ccc(Cl)c(-c2ccc3c(c2)CNC(=O)c2cccn2-3)c1,10.2,0.7097799881095487,0.834576466561571,0.5263157894736842,
CC,1.7,0.3727855551576051,0.805825786783401,0.023809523809523808,
CN(C)CN(C)C,3.1,0.4550820644502251,0.793200496419396,0.11363636363636363,
CCC(=O)Oc1ccc2c(c1)CNC(=O)c1cccn1-2,8.0,0.6707047774097579,0.8182421945741408,0.5636363636363636,
O=C1NCc2cc(Cc3ccc(Br)cc3)ccc2-n2cccc21,9.2,0.7279582121313163,0.8373633955529777,0.66,
O=C1NCc2cc(CNCc3ccc4c(c3)CNC(=O)c3cccn3-4)ccc2-n2cccc21,10.0,0.45918793792012697,0.7721059513395868,0.7021276595744681,
Cc1ccc2c(c1)CNC(=O)c1cccn1-2,7.6,0.7119436489699199,0.8303377948238011,0.6521739130434783,
Cc1ccc2c(c1)CNC(=O)c1cccn1-2,7.6,0.7119436489699199,0.8303377948238011,0.6521739130434783,
CCc1ccc2c(c1)CNC(=O)c1cccn1-2,7.7,0.7949267772648932,0.8288238596489735,0.7555555555555555,
CN(C)C,2.3,0.3844627806876072,0.9033450888539851,0.07142857142857142,
CN(C)CN(C)C,3.0,0.4550820644502251,0.793200496419396,0.11363636363636363,
CN(C(=O)c1ccc(F)cc1)c1ccc2c(c1)CNC(=O)c1cccn1-2,9.6,0.7727518641538484,0.8275683565645596,0.5423728813559322,
N=C(N)OCC(=O)c1ccc2c(c1)CNC(=O)c1cccn1-2,8.3,0.4422422929012494,0.7881463157027121,0.5,
CN(C)C,2.3,0.3844627806876072,0.9033450888539851,0.07142857142857142,
C[C@H](O)C(=O)N(C)C,4.0,0.5005725462192201,0.7913812793050532,0.09803921568627451,
Cc1ccc2c(c1)CNC(=O)c1cccn1-2,7.6,0.7119436489699199,0.8303377948238011,0.6521739130434783,
COCc1ccc2c(c1)CNC(=O)c1cccn1-2,7.3,0.8732204314903816,0.823908838269143,0.7083333333333334,
CN(C)c1ccc2c(c1)CNC(=O)c1cccn1-2,7.3,0.8261028624191696,0.8154239270265394,0.6808510638297872,
CN(C)N(C)c1ccnc(=O)[nH]1,5.3,0.6149641463133994,0.7329519525786163,0.17857142857142858,
CN(CCS(=O)(=O)O)N(C)c1ccc(CCc2ccc3c(c2)CNC(=O)c2cccn2-3)cc1,9.5,0.38996436760549086,0.7670679511178818,0.5901639344262295,
CN(C)CCC1CNC1,4.3,0.5821127239272793,0.8291928282569894,0.1320754716981132,
CNc1ccc(Cc2ccc3c(c2)CNC(=O)c2cccn2-3)cc1,9.5,0.7779744686763553,0.831270469886335,0.6666666666666666,
CN(C)Cc1ccc2c(c1)CNC(=O)c1cccn1-2,7.3,0.8879035012540928,0.8211991202351676,1.0,
CC(CCCCc1ccc2c(c1)CNC(=O)c1cccn1-2)CN(C)N(C)N(C)C,7.3,0.5207207052933449,0.7009002325588336,0.6101694915254238,
CN(Cc1ccc2c(c1)CNC(=O)c1cccn1-2)CC(C)(F)F,7.6,0.9407830960382398,0.7818064782165826,0.7450980392156863,
CNc1ccc(C(=O)c2ccc3c(c2)CNC(=O)c2cccn2-3)cc1,9.5,0.7253667131989759,0.8323045635017406,0.5263157894736842,
CCc1ccc2c(c1)CNC(=O)c1cccn1-2,7.7,0.7949267772648932,0.8288238596489735,0.7555555555555555,
CN(C)c1ccc2c(c1)CNC(=O)c1cccn1-2,7.2,0.8261028624191696,0.8154239270265394,0.6808510638297872,
CC(=O)c1ccc2c(c1)CNC(=O)c1cccn1-2,8.4,0.7741391654251827,0.8304474564383041,0.6,
NCc1ccc2c(c1)CNC(=O)c1cccn1-2,7.5,0.7681448913402795,0.8176386163208732,0.717391304347826,
CC(=O)NC(=O)c1ccc2c(c1)CNC(=O)c1cccn1-2,9.0,0.8189364424890964,0.8231266902982076,0.5454545454545454,
CN(C)Cc1ccc2c(c1)CNC(=O)c1cccn1-2,7.3,0.8879035012540928,0.8211991202351676,1.0,
CNc1ccc2c(c1)CNC(=O)c1cccn1-2,7.3,0.7794582115566376,0.8150464656144367,0.6122448979591837,
CC,1.7,0.3727855551576051,0.805825786783401,0.023809523809523808,
CNc1ccc(C(=O)Cl)cc1,6.0,0.6875023405609335,0.9043881677618462,0.08771929824561403,
CCOc1ccc2c(c1)CNC(=O)c1cccn1-2,7.0,0.8761785120485861,0.8357020335354152,0.62,
CCCC,3.0,0.4310243576713091,0.9326974392813356,0.045454545454545456,
CN(C)CCc1ccc2c(c1)CNC(=O)c1cccn1-2,7.7,0.9226790687180594,0.8212459732516036,0.7872340425531915,
CNC(=O)N(F)CCc1ccc2c(c1)CNC(=O)c1cccn1-2,8.4,0.8479458199324524,0.7607156202284169,0.603448275862069,
Cc1ccc(-c2ccc3c(c2)CNC(=O)c2cccn2-3)cc1,9.9,0.7276590994947095,0.8516495415091637,0.6,
Cc1ccc2c(c1)CNC(=O)c1cccn1-2,7.6,0.7119436489699199,0.8303377948238011,0.6521739130434783,
CCN(C)CCC(F)(F)CCCc1ccc2c(c1)CNC(=O)c1cccn1-2,7.4,0.75665892588199,0.7711689552073814,0.6101694915254238,
FCc1ccccc1,5.4,0.5192789908597589,0.941311857761367,0.12244897959183673,
COC(=O)CCCN(C)Cc1ccc2c(c1)CNC(=O)c1cccn1-2,8.4,0.8175698480269589,0.8157804392691657,0.6909090909090909,
O=C1NCc2cc(Cc3csc(Br)n3)ccc2-n2cccc21,8.7,0.7461463383149018,0.7793812722783946,0.5789473684210527,
C=Cc1ccc2c(c1)CNC(=O)c1cccn1-2,7.7,0.7923490004118104,0.8010307670273096,0.58,
CCCN(C)C,3.3,0.4845702325749548,0.899348229677606,0.10638297872340426,
CNc1ccc2c(c1)CNC(=O)c1cccn1-2,7.3,0.7794582115566376,0.8150464656144367,0.6122448979591837,
Cc1ccc(-c2ccc3c(c2)CNC(=O)c2cccn2-3)cc1,9.9,0.7276590994947095,0.8516495415091637,0.6,
CCc1ccc2c(c1)CNC(=O)c1cccn1-2,7.8,0.7949267772648932,0.8288238596489735,0.7555555555555555,
C=CC(=O)NF,4.3,0.3598912962242755,0.6930774604468368,0.01818181818181818,
O=C1NCc2cc(CC(F)ONC3CCOCC3)ccc2-n2cccc21,8.0,0.804107654785884,0.6967781635561827,0.5076923076923077,
CCc1ccc(-c2ccc3c(c2)CNC(=O)c2cccn2-3)cc1,9.9,0.7638709411482081,0.8484596068044126,0.66,
CN(c1ccc(CCCc2ccc3c(c2)CNC(=O)c2cccn2-3)cc1)c1ccc2c(c1)CNC(=O)c1cccn1-2,12.4,0.2898650260639386,0.7540487997210812,0.6666666666666666,
CN(CC(F)c1cccc(Cl)c1)c1ccc2c(c1)CNC(=O)c1cccn1-2,9.8,0.7187446509731253,0.7364060093473042,0.5238095238095238,
CCCCc1ccc2c(c1)CNC(=O)c1cccn1-2,7.8,0.897054470456761,0.8337946239906713,0.6938775510204082,
CCc1ccc2c(c1)CNC(=O)c1cccn1-2,7.8,0.7949267772648932,0.8288238596489735,0.7555555555555555,
CC,1.7,0.3727855551576051,0.805825786783401,0.023809523809523808,
CC(=O)N(C)c1ccc2c(c1)CNC(=O)c1cccn1-2,7.9,0.8564183400045083,0.8050455587538207,0.6153846153846154,
O=C1NCc2cc(CO[C@H]3CCCO3)ccc2-n2cccc21,8.3,0.9462540464653424,0.7576522640697347,0.5689655172413793,
CC1CCCN1Cc1ccc2c(c1)CNC(=O)c1cccn1-2,8.5,0.9247051301717527,0.771489878714705,0.6071428571428571,
CC,1.7,0.3727855551576051,0.805825786783401,0.023809523809523808,
O=C1NCc2cc(Cn3ncccc3=O)ccc2-n2cccc21,9.2,0.7762832506137132,0.8147156343589477,0.6111111111111112,
O=C1NCc2cc(CNNc3ccccc3Cl)ccc2-n2cccc21,9.4,0.6298813352373096,0.8119717570387971,0.5689655172413793,
CN(C)C,2.2,0.3844627806876072,0.9033450888539851,0.07142857142857142,
O=C1NCc2cc(CCc3ccccc3)ccc2-n2cccc21,9.4,0.789107342578331,0.8514712972211075,0.6875,
CCN(C)C,3.0,0.43830841291192973,0.9051450981606557,0.11363636363636363,
O=C(CCC(F)F)c1ccc2c(c1)CNC(=O)c1cccn1-2,8.5,0.8829687464329405,0.7917299385314964,0.5172413793103449,
CCCOc1ccc(Oc2ccc3c(c2)CNC(=O)c2cccn2-3)cc1,8.7,0.7477496974094981,0.8432297418364713,0.543859649122807,
Cc1ccc(Cl)c(C)c1,5.9,0.5199540578637066,0.9614915462057074,0.09433962264150944,
CNCc1ccc2c(c1)CNC(=O)c1cccn1-2,7.3,0.8354106133093315,0.819998187381569,0.7083333333333334,
CCCc1ccc2c(c1)CNC(=O)c1cccn1-2,7.5,0.8599845896757723,0.8294970039496165,0.723404255319149,
CN(C)CCc1ccc2c(c1)CNC(=O)c1cccn1-2,7.7,0.9226790687180594,0.8212459732516036,0.7872340425531915,
O=C1NCc2ccccc2-n2cccc21,6.7,0.6867479623439439,0.8424090240956021,0.5777777777777777,
CN(NC1CC1)c1ccc2c(c1)CNC(=O)c1cccn1-2,7.9,0.8443962280369804,0.7660516490118101,0.5818181818181818,
CCCc1ccc2c(c1)CNC(=O)c1cccn1-2,7.5,0.8599845896757723,0.8294970039496165,0.723404255319149,
CNC(=O)Oc1ccc2c(c1)CNC(=O)c1cccn1-2,7.7,0.823974550734212,0.8113569044256929,0.5357142857142857,
CN(C)CCN(C)C,3.4,0.5161468615075413,0.902868647059026,0.11363636363636363,
Cc1ccc(CCC(C)C)cc1,6.4,0.6369134743120352,0.9546697410401548,0.12962962962962962,
O=C1NCc2cc(Cc3ccc(-c4ccc5c(c4)CNC(=O)c4cccn4-5)cc3F)ccc2-n2cccc21,11.2,0.35832943626640396,0.7644718410550791,0.5892857142857143,
CN(NCc1ccc2c(c1)CNC(=O)c1cccn1-2)c1ccc2c(c1)CNC(=O)c1cccn1-2,10.3,0.4160370610391891,0.7374634839032701,0.6792452830188679,
CCN(C)c1ccc2c(c1)CNC(=O)c1cccn1-2,7.4,0.8927161529586877,0.8036717698078173,0.673469387755102,
CNC,2.4,0.39867093981547685,0.8648825512627797,0.022727272727272728,
CCc1ccc2c(c1)CNC(=O)c1cccn1-2,7.8,0.7949267772648932,0.8288238596489735,0.7555555555555555,
C[O-],1.7,0.3343868702191581,0.6740873252449393,0.023255813953488372,
O=COc1ccc2c(c1)CNC(=O)c1cccn1-2,7.2,0.806254658748074,0.7899558796892612,0.5576923076923077,
CCCc1ccc2c(c1)CNC(=O)c1cccn1-2,7.6,0.8599845896757723,0.8294970039496165,0.723404255319149,
CN(C)CCc1ccccc1,5.7,0.633022176898328,0.9600128658594476,0.2,
CCOCc1ccc2c(c1)CNC(=O)c1cccn1-2,7.4,0.9149950085266845,0.8227825960186433,0.68,
N#CCc1ccc2c(c1)CNC(=O)c1cccn1-2,7.5,0.8215683973265134,0.8013842820561252,0.673469387755102,
CCCc1ccc2c(c1)CNC(=O)c1cccn1-2,7.6,0.8599845896757723,0.8294970039496165,0.723404255319149,
CCC(=O)Oc1ccc2c(c1)CNC(=O)c1cccn1-2,7.7,0.6707047774097579,0.8182421945741408,0.5636363636363636,
CNCCOCc1ccc2c(c1)CNC(=O)c1cccn1-2,7.4,0.8177584500015151,0.8098943266074387,0.6181818181818182,
CCS(=O)(=O)C(=O)C(C)(C)Cc1ccc2c(c1)CNC(=O)c1cccn1-2,8.5,0.8894204382072902,0.7547222320001253,0.5862068965517241,
CCC[C@@H](C)CNC(=O)c1ccc2c(c1)CNC(=O)c1cccn1-2,8.1,0.8876941095474415,0.774744555879853,0.49206349206349204,
CN(N1CCCCC1)N(O)NN(C=O)Cc1ccc2c(c1)CNC(=O)c1cccn1-2,9.0,0.4610077945121672,0.7011494565095114,0.59375,
CC,1.7,0.3727855551576051,0.805825786783401,0.023809523809523808,
O=C1NCc2cc(Cc3ccc(Cl)o3)ccc2-n2cccc21,8.9,0.7862437469910571,0.7955567530476253,0.6,
CCc1ccc(NC)cc1,5.9,0.6556919341009545,0.9457693988187157,0.1346153846153846,
Cc1ccc2c(c1)CNC(=O)c1cccn1-2,7.6,0.7119436489699199,0.8303377948238011,0.6521739130434783,
CC(=O)C(O)C(F)Oc1ccc2c(c1)CNC(=O)c1cccn1-2,7.9,0.8914508972885382,0.6934455159520191,0.5,
O=Cc1ccc2c(c1)CNC(=O)c1cccn1-2,7.6,0.7496062106214338,0.8084251155359438,0.5918367346938775,
Cc1ccc2c(c1)CNC(=O)c1cccn1-2,7.6,0.7119436489699199,0.8303377948238011,0.6521739130434783,
O=CCc1ccc2c(c1)CNC(=O)c1cccn1-2,7.7,0.807891146701982,0.7966860572040542,0.7021276595744681,
CN(Cc1cc(F)cc(F)c1)N(C=O)c1ccc2c(c1)CNC(=O)c1cccn1-2,10.0,0.5329100047027542,0.7417823424701244,0.5932203389830508,
CNC(=O)Oc1ccc2c(c1)CNC(=O)c1cccn1-2,7.6,0.823974550734212,0.8113569044256929,0.5357142857142857,
CC,1.7,0.3727855551576051,0.805825786783401,0.023809523809523808,
C[C@H](CCOc1ccc2c(c1)CNC(=O)c1cccn1-2)C(N)=O,8.5,0.8790102027333486,0.759089940422124,0.5081967213114754,
CCc1ccc2c(c1)CNC(=O)c1cccn1-2,7.9,0.7949267772648932,0.8288238596489735,0.7555555555555555,
Cc1ccc(Cl)c(C)c1,6.0,0.5199540578637066,0.9614915462057074,0.09433962264150944,
CC,1.7,0.3727855551576051,0.805825786783401,0.023809523809523808,
Cc1cccc(Cc2ccc3c(c2)CNC(=O)c2cccn2-3)c1,10.4,0.7705453499127267,0.8391213748870763,0.6666666666666666,
CCC(C(=O)O)N(C(=O)NC)c1ccc2c(c1)CNC(=O)c1cccn1-2,8.8,0.7759564565859886,0.7222218095300917,0.5,
[O-]Cc1ccccc1,5.6,0.5135237544100384,0.8557131955540095,0.12244897959183673,
Fc1cc(F)cc(OC(F)F)c1,6.0,0.6352463735393776,0.8809447410401547,0.05357142857142857,
CF,1.5,0.3673293108901918,0.703430914988529,0.023255813953488372,
CN(C)c1ccc2c(c1)CNC(=O)c1cccn1-2,7.4,0.8261028624191696,0.8154239270265394,0.6808510638297872,
CN(C)N(C)C,3.1,0.41699801356502403,0.8440979352298038,0.06976744186046512,
CN(Cc1cc(F)cc(F)c1)NC(=O)Nc1ccc(=O)n(C)n1,8.7,0.8295712469776072,0.8099290362141406,0.18055555555555555,
CCCC1CNC1,4.6,0.5444083644802659,0.8443144283079409,0.07547169811320754,
CN(C)C,2.2,0.3844627806876072,0.9033450888539851,0.07142857142857142,
N#CCCc1ccc2c(c1)CNC(=O)c1cccn1-2,8.0,0.8889115328756659,0.8031411974172448,0.6470588235294118,
CCc1ccc2c(c1)CNC(=O)c1cccn1-2,7.7,0.7949267772648932,0.8288238596489735,0.7555555555555555,
CNN(C#N)c1ccc2c(c1)CNC(=O)c1cccn1-2,7.5,0.48603168930999374,0.7292797114432364,0.5535714285714286,
Cc1ccc(C)c(-c2ccc3c(c2)CNC(=O)c2cccn2-3)c1,10.5,0.7239550111989753,0.8368398698249742,0.5454545454545454,
CN(C)CCC1(C)CC1,4.2,0.5578851584639256,0.8107586866739348,0.11538461538461539,
CN(C)CCc1ccc2c(c1)CNC(=O)c1cccn1-2,7.6,0.9226790687180594,0.8212459732516036,0.7872340425531915,
O=C1NCc2cc(Cn3cccn3)ccc2-n2cccc21,8.2,0.7788459222296753,0.8149837664642503,0.6346153846153846,
O=C(NC(=O)N(Cc1ccc2c(c1)CNC(=O)c1cccn1-2)CC(F)F)c1ccc2c(c1)CNC(=O)c1cccn1-2,10.7,0.3482777379961968,0.7343059989321268,0.5625,
O=C1NCc2cc(CNC3CCOCC3)ccc2-n2cccc21,8.4,0.9113009012742147,0.8118405279903382,0.5789473684210527,
CCN(C)C,2.9,0.43830841291192973,0.9051450981606557,0.11363636363636363,
Cc1ccc2c(c1)CNC(=O)c1cccn1-2,7.6,0.7119436489699199,0.8303377948238011,0.6521739130434783,
CCCCCc1ccc2c(c1)CNC(=O)c1cccn1-2,8.0,0.8466129889668458,0.8357975670903117,0.68,
CC(C)[C@@H](C)C(=O)Nc1ccc2c(c1)CNC(=O)c1cccn1-2,9.0,0.9151566902148464,0.769409315422124,0.5172413793103449,
CCOC(=O)Cc1ccccc1,5.9,0.6365051962344709,0.9653873880989783,0.14035087719298245,
CN(C)Cc1ccc2c(c1)CNC(=O)c1cccn1-2,7.3,0.8879035012540928,0.8211991202351676,1.0,
O=CCc1ccc(-c2ccc3c(c2)CNC(=O)c2cccn2-3)cc1,9.9,0.7548281236732175,0.8206788215346867,0.6153846153846154,
CCC(F)F,3.5,0.44900998607316256,0.829284958300516,0.041666666666666664,
O=C1NCc2cc(Cc3cc(F)cc(F)c3)ccc2-n2cccc21,10.0,0.7678625075509649,0.8209449244173113,0.6470588235294118,
CN(c1ccc2c(c1)CNC(=O)c1cccn1-2)C(CC(=O)Oc1ccc2c(c1)CNC(=O)c1cccn1-2)C(N)=O,10.5,0.2535433471981997,0.6802216711969924,0.4925373134328358,
O=Cc1ccc2c(c1)CNC(=O)c1cccn1-2,7.6,0.7496062106214338,0.8084251155359438,0.5918367346938775,
CC,1.7,0.3727855551576051,0.805825786783401,0.023809523809523808,
Cc1ccc2c(c1)CNC(=O)c1cccn1-2,7.6,0.7119436489699199,0.8303377948238011,0.6521739130434783,
CN(C)CCc1ccc2c(c1)CNC(=O)c1cccn1-2,7.7,0.9226790687180594,0.8212459732516036,0.7872340425531915,
O=C1NCc2cc(-c3ccc4ccccc4c3)ccc2-n2cccc21,11.6,0.547807623829376,0.8482755960727731,0.5576923076923077,
CCOC(=O)c1ccc2c(c1)CNC(=O)c1cccn1-2,7.9,0.8477605244771612,0.8384629773001867,0.5636363636363636,
O=C1NCc2cc(O[C@H]3CCCO3)ccc2-n2cccc21,8.0,0.9198184858826394,0.7560094246995682,0.48333333333333334,
CN(C)C,2.3,0.3844627806876072,0.9033450888539851,0.07142857142857142,
NS(=O)(=O)C(CCC(=O)c1ccc2c(c1)CNC(=O)c1cccn1-2)c1ccc2c(c1)CNC(=O)c1cccn1-2,10.5,0.3203294230266817,0.6782536051349524,0.45454545454545453,
O=CCc1ccc2c(c1)CNC(=O)c1cccn1-2,7.7,0.807891146701982,0.7966860572040542,0.7021276595744681,
Cc1ccc(N(c2ccc3c(c2)CNC(=O)c2cccn2-3)N(Cc2ccc3c(c2)CNC(=O)c2cccn2-3)c2ccc(F)cc2)cc1,13.6,0.19708976570649256,0.7178294699067507,0.6065573770491803,
CN(C)Cc1ccc2c(c1)CNC(=O)c1cccn1-2,7.3,0.8879035012540928,0.8211991202351676,1.0,
Cc1ccc2c(c1)CNC(=O)c1cccn1-2,7.6,0.7119436489699199,0.8303377948238011,0.6521739130434783,
CC(=O)Nc1cccc(-c2ccc3c(c2)CNC(=O)c2cccn2-3)c1,10.3,0.7563041026954316,0.8419611874333646,0.5172413793103449,
CNCC(=O)N(C)C(=O)c1ccc(F)cc1,6.6,0.8194578355971993,0.8673678796025208,0.12698412698412698,
O=C1NCc2cc(-c3ccc(Br)cc3)ccc2-n2cccc21,9.5,0.700727134059317,0.8435057915091638,0.5686274509803921,
CNCCC(F)(F)CCCc1ccc2c(c1)CNC(=O)c1cccn1-2,8.1,0.8073245067437633,0.7748907317935427,0.5666666666666667,
CC[NH+](C)Cc1ccc2c(c1)CNC(=O)c1cccn1-2,7.5,0.8487616794639378,0.6563007377513421,0.6666666666666666,
COCCCC(=O)c1ccc2c(c1)CNC(=O)c1cccn1-2,7.6,0.6805457484758356,0.8242414829011052,0.5254237288135594,
CCc1ccc(NC)cc1,5.9,0.6556919341009545,0.9457693988187157,0.1346153846153846,
CN(C)Cc1ccc2c(c1)CNC(=O)c1cccn1-2,7.3,0.8879035012540928,0.8211991202351676,1.0,
C=Cc1ccc2c(c1)CNC(=O)c1cccn1-2,7.8,0.7923490004118104,0.8010307670273096,0.58,
Cn1ncccc1=O,5.1,0.4624735047554044,0.8806927030030821,0.17307692307692307,
C=CC(=O)NCc1ccc2c(c1)CNC(=O)c1cccn1-2,8.3,0.8379334655909746,0.8098303669605281,0.5892857142857143,
CCc1ccc2c(c1)CNC(=O)c1cccn1-2,7.8,0.7949267772648932,0.8288238596489735,0.7555555555555555,
CC(=O)N(C)C(C)=O,5.1,0.44570487370789375,0.8249065417958682,0.08333333333333333,
CBr,1.6,0.3936198519990384,0.7247488637064777,0.023255813953488372,
CCCc1ccc2c(c1)CNC(=O)c1cccn1-2,7.6,0.8599845896757723,0.8294970039496165,0.723404255319149,
CNc1ccc(Cl)o1,4.8,0.6306081306894247,0.7641968988072778,0.07272727272727272,
Cc1ccc2c(c1)CNC(=O)c1cccn1-2,7.6,0.7119436489699199,0.8303377948238011,0.6521739130434783,
C=CC(=O)CC,4.2,0.45855122306098733,0.7842374604468367,0.05660377358490566,
Cc1ccc(Cl)c(C)c1,6.0,0.5199540578637066,0.9614915462057074,0.09433962264150944,
CN(Cc1ccco1)c1ccc2c(c1)CNC(=O)c1cccn1-2,8.5,0.8091542134610487,0.8054894575506812,0.6071428571428571,
CN(Cc1ccc2c(c1)CNC(=O)c1cccn1-2)C(=O)C=O,8.0,0.6750150411996358,0.7895331643379477,0.7450980392156863,
CCNC(=O)c1ccc2c(c1)CNC(=O)c1cccn1-2,8.2,0.866873171949832,0.8343301837779195,0.5636363636363636,
CNC(=O)c1ccc2c(c1)CNC(=O)c1cccn1-2,7.8,0.8006040066258869,0.8307509720870194,0.5660377358490566,
CN(F)c1ccc2c(c1)CNC(=O)c1cccn1-2,7.5,0.7805719112899357,0.76357686820301,0.6530612244897959,
O=C1NCc2cc(CCO)ccc2-n2cccc21,7.4,0.8325405555115643,0.8187949329436992,0.6875,
CN(C)Cc1ccc2c(c1)CNC(=O)c1cccn1-2,7.3,0.8879035012540928,0.8211991202351676,1.0,
CC(C)(Cc1ccc2c(c1)CNC(=O)c1cccn1-2)C(=O)[SH](=O)=O,8.8,0.8235122287622823,0.7293125944284594,0.6071428571428571,
CN(CC(F)c1ccccc1)c1ccc2c(c1)CNC(=O)c1cccn1-2,9.7,0.7763716901995926,0.7473774078206902,0.5689655172413793,
CNC(=O)Cc1ccc2c(c1)CNC(=O)c1cccn1-2,7.9,0.854342661305277,0.8210241109034254,0.6538461538461539,
Cc1ccc2c(c1)CNC(=O)c1cccn1-2,7.6,0.7119436489699199,0.8303377948238011,0.6521739130434783,
CC(C)(C)C(=O)NC(=O)c1ccc2c(c1)CNC(=O)c1cccn1-2,9.2,0.8416361358620524,0.811985787901653,0.5172413793103449,
COC(=O)c1ccc2c(c1)CNC(=O)c1cccn1-2,8.1,0.7866065865856456,0.836000829636877,0.5660377358490566,
Cc1ccc2c(c1)CNC(=O)c1cccn1-2,7.6,0.7119436489699199,0.8303377948238011,0.6521739130434783,
CCc1ccc2c(c1)CNC(=O)c1cccn1-2,7.8,0.7949267772648932,0.8288238596489735,0.7555555555555555,
CN(C)Cc1ccccc1,5.1,0.5968214218758865,0.9678897284890456,0.28888888888888886,
O=C1NCc2cc(Cc3nccs3)ccc2-n2cccc21,8.5,0.7899805897373738,0.8001090766379474,0.6296296296296297,
Cc1ccc2c(c1)CNC(=O)c1cccn1-2,7.6,0.7119436489699199,0.8303377948238011,0.6521739130434783,
CN(C)c1ccc2c(c1)CNC(=O)c1cccn1-2,7.3,0.8261028624191696,0.8154239270265394,0.6808510638297872,
O=C1NCc2cc(CNCC(F)(F)Oc3ccccc3Cl)ccc2-n2cccc21,8.9,0.6336015953721938,0.7875400833774686,0.5,
Cc1cccc(CC2CNC2)c1,6.5,0.6965748620925638,0.8955498315378922,0.1724137931034483,
CN(F)c1ccc2c(c1)CNC(=O)c1cccn1-2,8.0,0.7805719112899357,0.76357686820301,0.6530612244897959,
O=C1NCc2ccccc2-n2cccc21,6.9,0.6867479623439439,0.8424090240956021,0.5777777777777777,
O=C1NCc2cc(CF)ccc2-n2cccc21,7.5,0.8001510767035491,0.8018285692251117,0.717391304347826,
CCc1ccc2c(c1)CNC(=O)c1cccn1-2,7.7,0.7949267772648932,0.8288238596489735,0.7555555555555555,
CN(CCCO)c1ccc(OCc2ccc3c(c2)CNC(=O)c2cccn2-3)cc1,9.0,0.6494912381339626,0.8173299659848211,0.5806451612903226,
O=C1NCc2cc(Cc3ccc(Cl)o3)ccc2-n2cccc21,9.1,0.7862437469910571,0.7955567530476253,0.6,
CS(=O)(=O)c1ccc2c(c1)CNC(=O)c1cccn1-2,7.9,0.8484719764197475,0.8223657600244488,0.6,
CNN(F)c1ccc2c(c1)CNC(=O)c1cccn1-2,7.7,0.635938907955489,0.7417763282123757,0.5849056603773585,
CCc1ccc2c(c1)CNC(=O)c1cccn1-2,7.8,0.7949267772648932,0.8288238596489735,0.7555555555555555,
CNN(C)C,3.3,0.4288212410943669,0.8025059373214949,0.06521739130434782,
CN(C)C(=O)N(C)c1ccc2c(c1)CNC(=O)c1cccn1-2,8.7,0.8730962774823819,0.7899484065785205,0.6037735849056604,
CN(C)CCc1ccc(Br)cc1,5.6,0.7679681408944312,0.9323783657487797,0.19230769230769232,
CN(C)C(=O)c1ccc2c(c1)CNC(=O)c1cccn1-2,7.8,0.8509929436986344,0.8270798994131615,0.6274509803921569,
CCN(C)N(C)C,3.4,0.4660015840909076,0.7547805869171335,0.10638297872340426,
CC(=O)c1ccc2c(c1)CNC(=O)c1cccn1-2,8.4,0.7741391654251827,0.8304474564383041,0.6,
CN(c1ccc2c(c1)CNC(=O)c1cccn1-2)C1CC1,8.0,0.9063716554206962,0.8010000893109829,0.6153846153846154,
CC(C)Oc1ccc2c(c1)CNC(=O)c1cccn1-2,7.5,0.8967926271816054,0.8256019692380165,0.5769230769230769,
CN(C)CC1(C)CC1,3.7,0.5221882827726764,0.7992201855205645,0.12,
O=Cc1ccc(-c2ccc(Cl)c(-c3ccc4c(c3)CNC(=O)c3cccn3-4)c2)cc1,11.0,0.4502201940431594,0.8220082787084299,0.46774193548387094,
CC(=O)NCc1ccc2c(c1)CNC(=O)c1cccn1-2,8.2,0.8642732196195267,0.828685109553898,0.6538461538461539,
CNc1ccccc1,5.0,0.5759031939735615,0.9655673761560161,0.1,
CN(C)Cc1ccc2c(c1)CNC(=O)c1cccn1-2,7.4,0.8879035012540928,0.8211991202351676,1.0,
Cc1ccc(-c2ccc3c(c2)CNC(=O)c2cccn2-3)cc1,9.9,0.7276590994947095,0.8516495415091637,0.6,
O=C1NCc2cc(CNc3ccc4c(c3)CNC(=O)c3cccn3-4)ccc2-n2cccc21,10.2,0.47274767979596544,0.7735484406975964,0.6470588235294118,
O=C1NCc2cc(CCCS)ccc2-n2cccc21,6.8,0.8274506287783634,0.7986156030116504,0.6938775510204082,
CN(CC(=O)c1ccc2c(c1)CNC(=O)c1cccn1-2)Cc1ccc2c(c1)CNC(=O)c1cccn1-2,10.5,0.43088944633790066,0.7608606827749519,0.7169811320754716,
CN(C(=O)Oc1ccc2c(c1)CNC(=O)c1cccn1-2)C1CC1,8.4,0.9254822044738003,0.8035915965597779,0.5423728813559322,
O=C(NOC(F)Cc1ccc2c(c1)CNC(=O)c1cccn1-2)c1ccc2c(c1)CNC(=O)c1cccn1-2,10.7,0.3672860251505228,0.6802902051589723,0.532258064516129,
Cc1ccc(C)cc1,5.6,0.47575768534032103,1.0,0.08888888888888889,
CN(C)c1ccc2c(c1)CNC(=O)c1cccn1-2,7.4,0.8261028624191696,0.8154239270265394,0.6808510638297872,
Cc1ccc2c(c1)CNC(=O)c1cccn1-2,7.6,0.7119436489699199,0.8303377948238011,0.6521739130434783,
O=C1NCc2cc(-c3ccc(F)cc3)ccc2-n2cccc21,10.2,0.7312345899701416,0.8493329549707023,0.5686274509803921,
CNC(=O)C(O)C(F)CC(=O)[O-],5.2,0.5006239773627813,0.6356192915961042,0.047619047619047616,
Cc1ccc(C)c(N(C)C)c1,5.9,0.5922167999229175,0.9180779467185219,0.1320754716981132,
CC(Cc1ccc2c(c1)CNC(=O)c1cccn1-2)C(=O)[SH](=O)=O,8.9,0.8225394774055074,0.6886876808067394,0.6071428571428571,
CO[C@H]1CCCO1,4.1,0.48652684689615083,0.7905336192584215,0.03508771929824561,
Cc1ccc(-c2ccc3c(c2)CNC(=O)c2cccn2-3)cc1,9.9,0.7276590994947095,0.8516495415091637,0.6,
O=COCC(=O)N(Cc1ccc2c(c1)CNC(=O)c1cccn1-2)Cc1ccc2c(c1)CNC(=O)c1cccn1-2,10.6,0.36141491081985383,0.7375711446220499,0.631578947368421,
CC,1.7,0.3727855551576051,0.805825786783401,0.023809523809523808,
CCc1ccc2c(c1)CNC(=O)c1cccn1-2,7.7,0.7949267772648932,0.8288238596489735,0.7555555555555555,
CNC,2.4,0.39867093981547685,0.8648825512627797,0.022727272727272728,
CF,1.5,0.3673293108901918,0.703430914988529,0.023255813953488372,
CN(C)c1ccc2c(c1)CNC(=O)c1cccn1-2,7.4,0.8261028624191696,0.8154239270265394,0.6808510638297872,
O=C1NCc2cc(Cn3nc(F)ccc3=O)ccc2-n2cccc21,9.3,0.775909902144428,0.7942269756993626,0.5892857142857143,
O=C(CC(F)(F)Oc1ccc2c(c1)CNC(=O)c1cccn1-2)NCc1ccc2c(c1)CNC(=O)c1cccn1-2,11.1,0.35454317222915066,0.736332974827243,0.5238095238095238,
N#CCNC(=O)c1ccc2c(c1)CNC(=O)c1cccn1-2,7.9,0.803646886010777,0.810809597729759,0.5344827586206896,
COc1ccc2c(c1)CNC(=O)c1cccn1-2,7.3,0.8073535720733661,0.837557611611297,0.6122448979591837,
CCC1(C(=O)c2ccc3c(c2)CNC(=O)c2cccn2-3)CC1,8.1,0.8843815484781524,0.7845708814595359,0.543859649122807,
COc1ccc2c(c1)CNC(=O)c1cccn1-2,7.3,0.8073535720733661,0.837557611611297,0.6122448979591837,
Cc1ccc2c(c1)CNC(=O)c1cccn1-2,7.6,0.7119436489699199,0.8303377948238011,0.6521739130434783,
CCCN(C)c1ccc(-c2ccc3c(c2)CNC(=O)c2cccn2-3)cc1,9.1,0.7680595141789197,0.8260376122818154,0.6,
CCONC1CCOCC1,4.9,0.5930782735403551,0.8012632032901065,0.05,
O=C(c1ccc2c(c1)CNC(=O)c1cccn1-2)c1ccc(CCc2ccc3c(c2)CNC(=O)c2cccn2-3)cc1F,11.1,0.3085710104743169,0.7579308079089719,0.559322033898305,
C#C[C@H](C)c1ccc2c(c1)CNC(=O)c1cccn1-2,8.2,0.7750022946434273,0.7202477818709084,0.5555555555555556,
CCNC(=O)c1ccc2c(c1)CNC(=O)c1cccn1-2,8.1,0.866873171949832,0.8343301837779195,0.5636363636363636,
CN(C)CCc1ccc2c(c1)CNC(=O)c1cccn1-2,7.6,0.9226790687180594,0.8212459732516036,0.7872340425531915,
O=C1NCc2cc(CNC3CCOCC3)ccc2-n2cccc21,8.5,0.9113009012742147,0.8118405279903382,0.5789473684210527,
COC,2.3,0.3800398096193344,0.8936825512627795,0.022727272727272728,
CCc1ccccc1Oc1ccc(OC(=O)c2ccc3c(c2)CNC(=O)c2cccn2-3)cc1,9.9,0.33935708663337566,0.8302554821352517,0.4626865671641791,
CC,1.7,0.3727855551576051,0.805825786783401,0.023809523809523808,
CC,1.7,0.3727855551576051,0.805825786783401,0.023809523809523808,
Nc1cccc(-c2ccc3c(c2)CNC(=O)c2cccn2-3)c1,10.1,0.6765708883647519,0.8336055511245485,0.5471698113207547,
Cc1ccc2c(c1)CNC(=O)c1cccn1-2,7.6,0.7119436489699199,0.8303377948238011,0.6521739130434783,
CN(C)C(=O)c1ccc2c(c1)CNC(=O)c1cccn1-2,7.8,0.8509929436986344,0.8270798994131615,0.6274509803921569,
NON1C(C2CCOCC2)C[C@@H]1Cc1ccc2c(c1)CNC(=O)c1cccn1-2,9.8,0.7900882484455368,0.6525256603526557,0.4925373134328358,
O=C1NCc2cc(CCO)ccc2-n2cccc21,7.5,0.8325405555115643,0.8187949329436992,0.6875,
CNCCC(F)(CCc1ccc2c(c1)CNC(=O)c1cccn1-2)OC(F)F,7.5,0.7386226111508492,0.6863117089108983,0.546875,
Cc1ccc2c(c1)CNC(=O)c1cccn1-2,7.6,0.7119436489699199,0.8303377948238011,0.6521739130434783,
CCC(=O)c1ccc2c(c1)CNC(=O)c1cccn1-2,7.9,0.8360242406303395,0.8227959863320338,0.5961538461538461,
O=C1NCc2cc(Cn3nc(-c4ccccc4)ccc3=O)ccc2-n2cccc21,10.8,0.5922638457184465,0.8282120323498288,0.55,
C=CCC,3.2,0.39998668920534597,0.8089145332984296,0.041666666666666664,
C=CCC(Cn1cccn1)N(C)C,5.2,0.6368351657626719,0.7341785754524239,0.14285714285714285,
CCc1ccccc1,5.7,0.5147578217927745,1.0,0.14583333333333334,
CNc1ccc(C)cc1,5.6,0.5991367746928248,0.9553811615903227,0.07692307692307693,
CNC(=O)c1ccccc1Nc1ccc2c(c1)CNC(=O)c1cccn1-2,10.1,0.6825773747815307,0.8330010994613026,0.5,
O=Cc1cc(CCc2ccc3c(c2)CNC(=O)c2cccn2-3)ccn1,9.8,0.7477566856063639,0.7951551079344767,0.5892857142857143,
CC(C)(F)C(=O)[SH](=O)=O,5.0,0.5352213538811386,0.6467934692826306,0.03636363636363636,
O=C1NCc2cc(Oc3ccc(Br)cc3)ccc2-n2cccc21,9.0,0.7330668733218866,0.8409565069192233,0.5370370370370371,
CCCc1ccc(-c2ccc3c(c2)CNC(=O)c2cccn2-3)cc1,9.6,0.76603806840336,0.8464911292269943,0.6346153846153846,
COC,2.3,0.3800398096193344,0.8936825512627795,0.022727272727272728,
CC(F)Oc1ccc2c(c1)CNC(=O)c1cccn1-2,7.5,0.9007135948525952,0.7464913716144981,0.5555555555555556,
CN(CCNc1ccc2c(c1)CNC(=O)c1cccn1-2)c1ccc2c(c1)CNC(=O)c1cccn1-2,10.2,0.4215428642376489,0.7537449935261733,0.5789473684210527,
CCO,2.5,0.40680796565539457,0.8910825512627797,0.044444444444444446,
COc1ccc(C)cc1,5.5,0.5532379862472909,0.9988919308210917,0.07692307692307693,
O=C1NCc2cc(Cc3nccs3)ccc2-n2cccc21,8.4,0.7899805897373738,0.8001090766379474,0.6296296296296297,
CCC[C@H](CC)c1ccc2c(c1)CNC(=O)c1cccn1-2,8.1,0.9027712090845941,0.7599598548070952,0.5636363636363636,
O=CCc1ccc2c(c1)CNC(=O)c1cccn1-2,7.6,0.807891146701982,0.7966860572040542,0.7021276595744681,
CC(C(=O)Nc1ccc2c(c1)CNC(=O)c1cccn1-2)N(C)CNCc1ccc2c(c1)CNC(=O)c1cccn1-2,10.0,0.2710480702932199,0.6895825877023025,0.5538461538461539,
CC(=O)c1ccc2c(c1)CNC(=O)c1cccn1-2,8.4,0.7741391654251827,0.8304474564383041,0.6,
CCCc1ccc2c(c1)CNC(=O)c1cccn1-2,7.5,0.8599845896757723,0.8294970039496165,0.723404255319149,
CCc1csc(Br)n1,4.6,0.6654775901422455,0.7953801155904946,0.07017543859649122,
CN(C)CO,3.1,0.4245311055994967,0.8331912520068097,0.1111111111111111,
CCCCC(C)Cc1ccc(-c2ccc3c(c2)CNC(=O)c2cccn2-3)cc1F,8.6,0.5588989141122788,0.7641465900686448,0.4696969696969697,
O=C1NCc2cc(CCCC(F)F)ccc2-n2cccc21,8.5,0.9206621664132134,0.7995480592682205,0.6226415094339622,
O=C1NCc2cc(CF)ccc2-n2cccc21,7.5,0.8001510767035491,0.8018285692251117,0.717391304347826,
Cc1ccc2c(c1)CNC(=O)c1cccn1-2,7.6,0.7119436489699199,0.8303377948238011,0.6521739130434783,
O=C1NCc2cc(-c3ccccc3)ccc2-n2cccc21,9.8,0.7248435192283111,0.8565974141069302,0.5918367346938775,
O=C1NCc2cc(Nc3ccccc3)ccc2-n2cccc21,9.1,0.7585901529189539,0.8498294231659685,0.5576923076923077,
O=C([O-])c1ccc2c(c1)CNC(=O)c1cccn1-2,8.2,0.7681733833914559,0.7694966268757099,0.5686274509803921,
CN(C)C1CC1,3.0,0.45300510963035984,0.8944672040365802,0.08333333333333333,
CCc1ccc2c(c1)CNC(=O)c1cccn1-2,7.9,0.7949267772648932,0.8288238596489735,0.7555555555555555,
O=Cc1ccc2c(c1)CNC(=O)c1cccn1-2,7.7,0.7496062106214338,0.8084251155359438,0.5918367346938775,
CCc1ccc2c(c1)CNC(=O)c1cccn1-2,7.8,0.7949267772648932,0.8288238596489735,0.7555555555555555,
CNC(=O)N(Cc1ccc(C(=O)c2ccc3c(c2)CNC(=O)c2cccn2-3)cc1)c1ccc2c(c1)CNC(=O)c1cccn1-2,12.4,0.2667101726013574,0.74412140820113,0.546875,
CNC(=O)OCCN(C)C,4.1,0.6044059312356858,0.868249491802655,0.10526315789473684,
CN(C)c1ccc2c(c1)CNC(=O)c1cccn1-2,7.3,0.8261028624191696,0.8154239270265394,0.6808510638297872,
Cc1ccc(Cl)c(C)c1,6.0,0.5199540578637066,0.9614915462057074,0.09433962264150944,
O=Cc1ccc2c(c1)CNC(=O)c1cccn1-2,7.6,0.7496062106214338,0.8084251155359438,0.5918367346938775,
CCc1ccc(Nc2ccc3c(c2)CNC(=O)c2cccn2-3)cc1,9.7,0.7660033301497468,0.8428869534028185,0.6226415094339622,
O=C(Nc1ccc(F)cc1)Oc1ccc2c(c1)CNC(=O)c1cccn1-2,10.2,0.7425161644715953,0.8365725866407898,0.4603174603174603,
CN(C)CCc1ccc2c(c1)CNC(=O)c1cccn1-2,7.6,0.9226790687180594,0.8212459732516036,0.7872340425531915,
CCNC,3.0,0.45552455362260735,0.853958977742874,0.0425531914893617,
COOc1ccc2c(c1)CNC(=O)c1cccn1-2,7.0,0.6453682336973868,0.7824555838312731,0.5882352941176471,
Cc1ccc2c(c1)CNC(=O)c1cccn1-2,7.7,0.7119436489699199,0.8303377948238011,0.6521739130434783,
O=C1NCc2cc(CC3CCC3)ccc2-n2cccc21,8.3,0.89025277792695,0.8220251532972084,0.6470588235294118,
C[NH+]1CCN(c2ccc(-c3ccc4c(c3)CNC(=O)c3cccn3-4)cc2)CC1,10.1,0.7183563794288749,0.7340112942870128,0.5344827586206896,
CCc1ccc(Cl)o1,5.1,0.5694595086121583,0.8476961995065787,0.09090909090909091,
CN(C)Cc1ccc2c(c1)CNC(=O)c1cccn1-2,7.1,0.8879035012540928,0.8211991202351676,1.0,
CN(C)Cc1ccc2c(c1)CNC(=O)c1cccn1-2,7.3,0.8879035012540928,0.8211991202351676,1.0,
Cc1ccc(N)cc1-c1ccc2c(c1)CNC(=O)c1cccn1-2,10.3,0.677761927555533,0.8254554875405918,0.5263157894736842,
O=C1NCc2cc(CCc3ccccc3)ccc2-n2cccc21,9.3,0.789107342578331,0.8514712972211075,0.6875,
CCC(=O)Nc1ccc2c(c1)CNC(=O)c1cccn1-2,8.0,0.876285466574407,0.8344977951139517,0.5636363636363636,
CN(F)NCc1ccc2c(c1)CNC(=O)c1cccn1-2,8.0,0.6591663597998464,0.7622443538184053,0.7058823529411765,
C[C@@H]1CN(Cc2ccccc2)CC[C@H]1c1ccc2c(c1)CNC(=O)c1cccn1-2,10.9,0.7279321963788866,0.7413430610354914,0.49230769230769234,
O=C1NCc2cc(N(NCc3cc(F)cc(F)c3)C(=O)Nc3ccc(F)cc3)ccc2-n2cccc21,12.2,0.3484059610024769,0.7758576408952484,0.45714285714285713,
CN(C)Cc1ccc2c(c1)CNC(=O)c1cccn1-2,7.2,0.8879035012540928,0.8211991202351676,1.0,
Cc1ccc2c(c1)CNC(=O)c1cccn1-2,7.6,0.7119436489699199,0.8303377948238011,0.6521739130434783,
Cc1ccc2c(c1)CNC(=O)c1cccn1-2,7.7,0.7119436489699199,0.8303377948238011,0.6521739130434783,
CN(C)c1ccccc1,5.3,0.5468274487440188,0.9679540846672458,0.14583333333333334,
CC(=O)c1ccc2c(c1)CNC(=O)c1cccn1-2,8.3,0.7741391654251827,0.8304474564383041,0.6,
CNC(=O)Nc1ccc2c(c1)CNC(=O)c1cccn1-2,7.8,0.7337428762673112,0.8244799813487698,0.5454545454545454,
O=C(CCc1ccc2c(c1)CNC(=O)c1cccn1-2)Nc1ccc2c(c1)CNC(=O)c1cccn1-2,10.4,0.4313576908078936,0.7758744052908791,0.5789473684210527,
CN(C)Cc1ccc2c(c1)CNC(=O)c1cccn1-2,7.4,0.8879035012540928,0.8211991202351676,1.0,
CNC(=O)N(C)c1ccc2c(c1)CNC(=O)c1cccn1-2,7.9,0.8330437804940425,0.7947715403633965,0.5818181818181818,
O=C1NCc2cc(-c3cc(F)cc(F)c3)ccc2-n2cccc21,10.1,0.7309648258955374,0.8262631798482841,0.5576923076923077,
CN(Cc1ccc2c(c1)CNC(=O)c1cccn1-2)CC(F)c1ccccc1,8.3,0.7473187137297077,0.7546667281157151,0.6909090909090909,
[N-]=[N+]=NNC(=O)c1ccc2c(c1)CNC(=O)c1cccn1-2,8.8,0.37760038930791334,0.7653937002938616,0.48333333333333334,
C=CC(=O)N(C)c1ccc2c(c1)CNC(=O)c1cccn1-2,7.7,0.8543768345166234,0.7824870553568775,0.5714285714285714,
O=C1NCc2cc(CCCO)ccc2-n2cccc21,7.5,0.8769295289515571,0.8221028757389232,0.66,
CCN(CC)CCOC(=O)c1ccc2c(c1)CNC(=O)c1cccn1-2,7.1,0.8185347909015097,0.8190502117502056,0.5245901639344263,
Cc1ccc2c(c1)CNC(=O)c1cccn1-2,7.6,0.7119436489699199,0.8303377948238011,0.6521739130434783,
CCCc1ccc2c(c1)CNC(=O)c1cccn1-2,7.7,0.8599845896757723,0.8294970039496165,0.723404255319149,
O=Cc1nc(Cc2ccc3c(c2)CNC(=O)c2cccn2-3)cs1,8.6,0.7535840894676552,0.7721682175966057,0.55,
C=CC(C)Oc1ccc2c(c1)CNC(=O)c1cccn1-2,7.5,0.8696735741992507,0.7414980386960114,0.5263157894736842,
C=CC(=O)Cc1ccc2c(c1)CNC(=O)c1cccn1-2,8.0,0.8640312352167892,0.793928024533655,0.6226415094339622,
O=C(c1cccc(Br)c1)c1ccc2c(c1)CNC(=O)c1cccn1-2,10.2,0.6884269621681643,0.8321993279847584,0.5087719298245614,
CC1CNC1,3.7,0.4306806891187101,0.8432737694893271,0.0625,
CC(=O)Oc1ccc2c(c1)CNC(=O)c1cccn1-2,7.4,0.6230456398502431,0.8235854450214924,0.5660377358490566,
O=C([O-])c1ccc2c(c1)CNC(=O)c1cccn1-2,8.3,0.7681733833914559,0.7694966268757099,0.5686274509803921,
CNCC(F)F,3.7,0.5253618157717049,0.7777687424981188,0.038461538461538464,
CC(C)(Cc1ccc2c(c1)CNC(=O)c1cccn1-2)C(=O)S(=O)(=O)CCF,8.4,0.8453729345182889,0.7363288085830243,0.5483870967741935,
CN(C)C(=O)Nc1ccc(-c2ccc3c(c2)CNC(=O)c2cccn2-3)cc1,10.3,0.7347125142829404,0.8315426919969074,0.5517241379310345,
CN(C)CCc1ccc2c(c1)CNC(=O)c1cccn1-2,7.7,0.9226790687180594,0.8212459732516036,0.7872340425531915,
O=C1NCc2cc(CCNC3CCOCC3)ccc2-n2cccc21,8.5,0.9043010360837331,0.808797679296643,0.559322033898305,
CCCC(F)(F)CCNC,4.3,0.6335857613687211,0.7855068882523591,0.034482758620689655,
CCNC,3.0,0.45552455362260735,0.853958977742874,0.0425531914893617,
CC,1.7,0.3727855551576051,0.805825786783401,0.023809523809523808,
CCCCC,3.6,0.4687855098011332,0.9222643020337059,0.043478260869565216,
O=C1NCc2cc(CCNCc3ccc4c(c3)CNC(=O)c3cccn3-4)ccc2-n2cccc21,10.2,0.4081761738019459,0.7701012803290666,0.6346153846153846,
O=CCOc1ccc2c(c1)CNC(=O)c1cccn1-2,7.2,0.8419147939033539,0.8023051135011607,0.5660377358490566,
CCc1ccc2c(c1)CNC(=O)c1cccn1-2,7.8,0.7949267772648932,0.8288238596489735,0.7555555555555555,
CC(C)(Cc1ccc2c(c1)CNC(=O)c1cccn1-2)C(=O)S(=O)(=O)OCCCCl,8.6,0.4072102227799161,0.7324461839335391,0.5074626865671642,
CN(C)C(=O)c1ccc2c(c1)CNC(=O)c1cccn1-2,7.8,0.8509929436986344,0.8270798994131615,0.6274509803921569,
CCC(F)F,3.5,0.44900998607316256,0.829284958300516,0.041666666666666664,
CN(C)c1ccc2c(c1)CNC(=O)c1cccn1-2,7.3,0.8261028624191696,0.8154239270265394,0.6808510638297872,
O=C1NCc2cc(C(=O)C3(Cc4c(F)cccc4Cl)CC3)ccc2-n2cccc21,10.3,0.6349533927483024,0.7824264325264098,0.43478260869565216,
CCCCCc1ccc2c(c1)CNC(=O)c1cccn1-2,8.0,0.8466129889668458,0.8357975670903117,0.68,
CCCc1ccccc1,5.7,0.5624916701881997,0.9910650669157666,0.14,
CCN(CC)c1ccc2c(c1)CNC(=O)c1cccn1-2,7.4,0.9295389553886623,0.8133291041557871,0.64,
NCc1ccccc1CCCc1ccc2c(c1)CNC(=O)c1cccn1-2,10.0,0.7448403152072959,0.8230677985166334,0.5892857142857143,
CCC(C(=O)O)N(C(N)=O)C(=O)NC,5.4,0.5770929766386863,0.7415882872385271,0.0625,
Cc1ccc2c(c1)CNC(=O)c1cccn1-2,7.6,0.7119436489699199,0.8303377948238011,0.6521739130434783,
Cc1ccc2c(c1)CNC(=O)c1cccn1-2,7.6,0.7119436489699199,0.8303377948238011,0.6521739130434783,
CN(C)C(=O)NOc1ccc2c(c1)CNC(=O)c1cccn1-2,8.2,0.8205481238983797,0.7708706333205781,0.5614035087719298,
CC(=O)c1ccc2c(c1)CNC(=O)c1cccn1-2,8.4,0.7741391654251827,0.8304474564383041,0.6,
CC,1.7,0.3727855551576051,0.805825786783401,0.023809523809523808,
O=C1NCc2cc(CN3CCOC3=O)ccc2-n2cccc21,8.6,0.9168927772815972,0.8026745415091637,0.6,
CCCc1ccc2c(c1)CNC(=O)c1cccn1-2,7.6,0.8599845896757723,0.8294970039496165,0.723404255319149,
CF,1.6,0.3673293108901918,0.703430914988529,0.023255813953488372,
Cc1ccc2c(c1)CNC(=O)c1cccn1-2,7.6,0.7119436489699199,0.8303377948238011,0.6521739130434783,
O=C1NCc2cc(-c3ccccc3F)ccc2-n2cccc21,9.5,0.7312345899701416,0.843674060739933,0.5370370370370371,
CC,1.7,0.3727855551576051,0.805825786783401,0.023809523809523808,
CN(C)CCc1ccc2c(c1)CNC(=O)c1cccn1-2,7.7,0.9226790687180594,0.8212459732516036,0.7872340425531915,
O=C1NCc2cc(NC(=O)[C@H]3CCCO3)ccc2-n2cccc21,8.4,0.8886677353061222,0.7704428221672444,0.453125,
Cc1ccc2c(c1)CNC(=O)c1cccn1-2,7.6,0.7119436489699199,0.8303377948238011,0.6521739130434783,
CC(C)(Cc1ccc2c(c1)CNC(=O)c1cccn1-2)C(=O)S(=O)(=O)CNC=O,8.9,0.6967924426397727,0.7258144131194,0.546875,
CC(=O)NCCNN(C)F,4.4,0.31985946891446926,0.7534938705008798,0.08620689655172414,
CN(CC=O)c1ccc2c(c1)CNC(=O)c1cccn1-2,7.5,0.8558911224133988,0.7775015737914148,0.6470588235294118,
CCC[C@@H](C)CNCN(C)C,4.2,0.5897493426445743,0.7580940216561588,0.08620689655172414,
O=C1NCc2cc(CNc3ccc(F)cc3)ccc2-n2cccc21,9.4,0.7757499712917472,0.8427882720841371,0.6,
O=C1NCc2cc(-c3cc(Cl)cc(Cl)c3)ccc2-n2cccc21,10.0,0.6830796095063019,0.8279373057224101,0.5576923076923077,
O=C([O-])CCC(=O)c1ccc2c(c1)CNC(=O)c1cccn1-2,8.1,0.8286197456028347,0.7756783256282704,0.5357142857142857,
CCCS(=O)(=O)N(C)C(=O)Oc1ccc2c(c1)CNC(=O)c1cccn1-2,8.0,0.8774481002072305,0.7777142447604479,0.532258064516129,
O=C(CNc1ccccc1)Nc1ccc(F)cc1,7.5,0.8678634508152906,0.9531780690383737,0.1111111111111111,
CCCC,3.1,0.4310243576713091,0.9326974392813356,0.045454545454545456,
O=C1NCc2cc(CNCc3ccc4c(c3)CNC(=O)c3cccn3-4)ccc2-n2cccc21,10.4,0.45918793792012697,0.7721059513395868,0.7021276595744681,
CNC(=O)CCc1ccc2c(c1)CNC(=O)c1cccn1-2,8.6,0.8940863951548845,0.8229583156784768,0.6296296296296297,
Cc1ccc2c(c1)CNC(=O)c1cccn1-2,7.6,0.7119436489699199,0.8303377948238011,0.6521739130434783,
O=Cc1ccc(-c2ccc3c(c2)CNC(=O)c2cccn2-3)cc1,9.7,0.7390734716111477,0.8321946240259971,0.5471698113207547,
CCCN(c1ccc(-c2ccc3c(c2)CNC(=O)c2cccn2-3)cc1)C1CCCN(Cc2ccccc2)C1,10.4,0.3225547427550018,0.7565720971424145,0.44,
CN(C)Cc1ccc2c(c1)CNC(=O)c1cccn1-2,7.3,0.8879035012540928,0.8211991202351676,1.0,
O=C1NCc2cc(CC3CCC3)ccc2-n2cccc21,8.3,0.89025277792695,0.8220251532972084,0.6470588235294118,
CC1CNC1,3.7,0.4306806891187101,0.8432737694893271,0.0625,
CCC(F)Oc1ccc2c(c1)CNC(=O)c1cccn1-2,7.5,0.9348924284756679,0.7298767161588994,0.5535714285714286,
O=CCc1ccc2c(c1)CNC(=O)c1cccn1-2,7.7,0.807891146701982,0.7966860572040542,0.7021276595744681,
Cc1ccc2c(c1)CNC(=O)c1cccn1-2,7.6,0.7119436489699199,0.8303377948238011,0.6521739130434783,
O=C1NCc2cc(CC(C(=O)S(=O)(=O)F)c3ccccc3)ccc2-n2cccc21,10.2,0.6680482000167662,0.7353535251259472,0.532258064516129,
Cc1csc(Br)n1,4.3,0.5929860262380725,0.7898520801298032,0.05454545454545454,
Cc1ccc2c(c1)CNC(=O)c1cccn1-2,7.6,0.7119436489699199,0.8303377948238011,0.6521739130434783,
O=C1NCc2cc(OC(F)C(O)F)ccc2-n2cccc21,7.8,0.9050881713673786,0.6862960409410755,0.5087719298245614,
O=C1NCc2cc(-c3ccc(F)cc3)ccc2-n2cccc21,10.0,0.7312345899701416,0.8493329549707023,0.5686274509803921,
Cc1ccc2c(c1)CNC(=O)c1cccn1-2,7.6,0.7119436489699199,0.8303377948238011,0.6521739130434783,
O=C1NCc2cc(-c3ccc(C(F)F)o3)ccc2-n2cccc21,9.5,0.7791364816514743,0.7880841588692634,0.5,
O=C1NCc2cc(CCOc3ccc4c(c3)CNC(=O)c3cccn3-4)ccc2-n2cccc21,10.1,0.5129338933728868,0.7733368791746383,0.6346153846153846,
O=C(NC[C@H]1CCN1)NC(=O)c1ccc2c(c1)CNC(=O)c1cccn1-2,9.5,0.6457616119149588,0.7489970058802882,0.45454545454545453,
CCCC(=O)NN1CCCC(c2ccc3c(c2)CNC(=O)c2cccn2-3)CC1,8.8,0.8564642468838713,0.7432150598071259,0.45588235294117646,
Cc1ccc2c(c1)CNC(=O)c1cccn1-2,7.6,0.7119436489699199,0.8303377948238011,0.6521739130434783,
O=C([O-])Nc1ccc2c(c1)CNC(=O)c1cccn1-2,8.2,0.7774896512987561,0.7754532512892988,0.5370370370370371,
CCOC(=O)NC,4.1,0.5200823417395937,0.895864045941769,0.05454545454545454,
O=C1NCc2cc(CO)ccc2-n2cccc21,7.4,0.7705370668607352,0.8201805315485026,0.717391304347826,
CF,1.5,0.3673293108901918,0.703430914988529,0.023255813953488372,
CCC(C)=O,3.7,0.4510508050249618,0.9060485946641523,0.0625,
O=C(Oc1ccc2c(c1)CNC(=O)c1cccn1-2)c1cccc(F)c1,9.8,0.5778307742008973,0.8367297771769542,0.46774193548387094,
Cc1ccc2c(c1)CNC(=O)c1cccn1-2,7.6,0.7119436489699199,0.8303377948238011,0.6521739130434783,
CN(C)F,2.9,0.3684355989585479,0.794843165777062,0.06818181818181818,
CN(C)C,2.3,0.3844627806876072,0.9033450888539851,0.07142857142857142,
CCCC(=O)c1ccc2c(c1)CNC(=O)c1cccn1-2,8.2,0.8700853036656965,0.825404677705045,0.5740740740740741,
CC(C)=O,3.1,0.3982369618339747,0.9272297042386004,0.044444444444444446,
O=C1NCc2cc(CCc3cc4ccc3-4)ccc2-n2cccc21,9.7,0.6172674799652839,0.8211427904337771,0.6111111111111112,
O=C1NCc2cc(-c3ccccc3)ccc2-n2cccc21,9.8,0.7248435192283111,0.8565974141069302,0.5918367346938775,
CO,1.9,0.38528440447384316,0.8109950175526317,0.023255813953488372,
CC[O-],2.5,0.3552683406056698,0.6897287051089334,0.044444444444444446,
CC[C@H](O)COc1ccc2c(c1)CNC(=O)c1cccn1-2,7.9,0.9016084599229998,0.7680206240378644,0.543859649122807,
CN(N1CCCCC1)N(N)N1CCC[C@H]1C(=O)NC(=O)c1ccc2c(c1)CNC(=O)c1cccn1-2,9.7,0.3264248579320036,0.6767401133486073,0.42105263157894735,
CC(F)CN(Cc1ccc2c(c1)CNC(=O)c1cccn1-2)Cc1ccc2c(c1)CNC(=O)c1cccn1-2,10.4,0.42121083055641134,0.6949480053027536,0.7254901960784313,
CNCC(F)(F)Oc1ccccc1Cl,5.5,0.8438067536285603,0.8373009875546747,0.09375,
CCc1ccc2c(c1)CNC(=O)c1cccn1-2,7.8,0.7949267772648932,0.8288238596489735,0.7555555555555555,
O=C1NCc2cc(-c3ccncc3)ccc2-n2cccc21,9.4,0.7420077809058084,0.8326562230399327,0.5686274509803921,
CCCc1ccc2c(c1)CNC(=O)c1cccn1-2,7.5,0.8599845896757723,0.8294970039496165,0.723404255319149,
Cc1ccc2c(c1)CNC(=O)c1cccn1-2,7.6,0.7119436489699199,0.8303377948238011,0.6521739130434783,
Nc1ccc2c(c1)CNC(=O)c1cccn1-2,7.0,0.6479288649430625,0.8149779286030652,0.6170212765957447,
CC,1.7,0.3727855551576051,0.805825786783401,0.023809523809523808,
O=C(NCC[SH](=O)=O)c1ccccc1Nc1ccc2c(c1)CNC(=O)c1cccn1-2,10.0,0.4514264584333993,0.7689093849531606,0.45454545454545453,
O=C1NCc2cc(O)ccc2-n2cccc21,7.1,0.6965665983209474,0.8182852864625969,0.6170212765957447,
CC(=O)c1ccc2c(c1)CNC(=O)c1cccn1-2,8.3,0.7741391654251827,0.8304474564383041,0.6,
CC(=O)Oc1ccc2c(c1)CNC(=O)c1cccn1-2,7.7,0.6230456398502431,0.8235854450214924,0.5660377358490566,
CCC(NC(=O)CCC#N)C(=O)O,5.1,0.6412127989618954,0.8109881531296484,0.078125,
Cc1ccc2c(c1)CNC(=O)c1cccn1-2,7.6,0.7119436489699199,0.8303377948238011,0.6521739130434783,
CC(F)Oc1ccc2c(c1)CNC(=O)c1cccn1-2,7.5,0.9007135948525952,0.7464913716144981,0.5555555555555556,
O=C1NCc2cc(F)ccc2-n2cccc21,7.3,0.7161557739992203,0.82713712592748,0.6170212765957447,
O=C1NCc2cc(CN3CCC3=O)ccc2-n2cccc21,7.9,0.8471683685422302,0.8147856254725079,0.6346153846153846,
CCc1ccc(-c2ccc3c(c2)CNC(=O)c2cccn2-3)cc1,9.8,0.7638709411482081,0.8484596068044126,0.66,
Cc1ccc2c(c1)CNC(=O)c1cccn1-2,7.6,0.7119436489699199,0.8303377948238011,0.6521739130434783,
O=C1NCc2cc([C@H]3CCCO3)ccc2-n2cccc21,7.9,0.8634904153461872,0.7538716108271214,0.5087719298245614,
Cc1ccc2c(c1)CNC(=O)c1cccn1-2,7.6,0.7119436489699199,0.8303377948238011,0.6521739130434783,
CNC,2.4,0.39867093981547685,0.8648825512627797,0.022727272727272728,
Cc1cccc(N)c1,5.8,0.5002819996278854,0.940787807898187,0.11538461538461539,
CC(CCc1ccc2c(c1)CNC(=O)c1cccn1-2)c1cccc(Cl)c1,10.2,0.685309785114683,0.7733464334617159,0.5666666666666667,
C=CC(C)c1ccc2c(c1)CNC(=O)c1cccn1-2,8.1,0.8190075852800043,0.7328833944065207,0.5555555555555556,
CC(=O)n1nc(F)ccc1=O,7.3,0.5325815221862895,0.787911368469185,0.13793103448275862,
CN(C)C[C@H]1CCCO1,4.1,0.5446382293136928,0.8248879314881717,0.10714285714285714,
CCN(c1ccc(-c2ccc3c(c2)CNC(=O)c2cccn2-3)cc1)c1ccccc1Cl,9.8,0.420712977641182,0.8150142893433235,0.5079365079365079,
CN(C)CCc1ccc2c(c1)CNC(=O)c1cccn1-2,7.7,0.9226790687180594,0.8212459732516036,0.7872340425531915,
CCNCc1ccc2c(c1)CNC(=O)c1cccn1-2,7.7,0.8786405577007301,0.8239132253892727,0.68,
O=C(NC1CCC1)c1ccc2c(c1)CNC(=O)c1cccn1-2,8.8,0.8898756949063984,0.8356971605567828,0.4915254237288136,
C=CC,2.5,0.3570688167166915,0.7770235769038052,0.021739130434782608,
COC,2.3,0.3800398096193344,0.8936825512627795,0.022727272727272728,
CC(F)CN(Cc1ccc2c(c1)CNC(=O)c1cccn1-2)N(C)c1ccc2c(c1)CNC(=O)c1cccn1-2,10.4,0.3837339504363015,0.6599228482261928,0.6666666666666666,
O=C1NCc2cc(CNC3CCOCC3)ccc2-n2cccc21,8.5,0.9113009012742147,0.8118405279903382,0.5789473684210527,
CCOc1ccc2c(c1)CNC(=O)c1cccn1-2,7.0,0.8761785120485861,0.8357020335354152,0.62,
CO,1.9,0.38528440447384316,0.8109950175526317,0.023255813953488372,
O=C1NCc2cc(CCO)ccc2-n2cccc21,7.4,0.8325405555115643,0.8187949329436992,0.6875,
O=C1NCc2cc(Cc3ccc4c(c3)CNC(=O)c3cccn3-4)ccc2-n2cccc21,11.3,0.5342116330538251,0.772146024104289,0.75,
CNC(=O)N(C)C,3.9,0.45436867840588613,0.8427299081841019,0.0784313725490196,
CCCNc1ccccc1C(=O)NC,6.2,0.7642434676688931,0.9274337810769419,0.14754098360655737,
O=C(CC1CNC1)c1ccc2c(c1)CNC(=O)c1cccn1-2,8.5,0.8438384183127151,0.799183851643474,0.5172413793103449,
O=C(CC(=O)Nc1ccccc1)Cc1ccc2c(c1)CNC(=O)c1cccn1-2,9.8,0.6751012274912958,0.8279173003556206,0.559322033898305,
CNCN(C)C,3.5,0.4671563366185338,0.764576947626324,0.10416666666666667,
CC(=O)c1ccc2c(c1)CNC(=O)c1cccn1-2,8.3,0.7741391654251827,0.8304474564383041,0.6,
C[C@@H]1C[C@@H](C)[NH+](Cc2ccc3c(c2)CNC(=O)c2cccn2-3)C1,8.7,0.867441012659972,0.5853954422547049,0.5964912280701754,
CN(Cc1ccc(Br)s1)c1ccc(-c2ccc3c(c2)CNC(=O)c2cccn2-3)cc1,9.9,0.3998204365860904,0.8051317093008259,0.5483870967741935,
O=C1NCc2cc(Cc3ccccc3)ccc2-n2cccc21,9.5,0.7709746888566265,0.8505517900298738,0.6875,
COc1ccc2c(c1)CNC(=O)c1cccn1-2,7.3,0.8073535720733661,0.837557611611297,0.6122448979591837,
O=C1NCc2cc(C3CC3)ccc2-n2cccc21,8.2,0.813728434214047,0.8196771814644092,0.58,
O=Cc1ccc2c(c1)CNC(=O)c1cccn1-2,7.6,0.7496062106214338,0.8084251155359438,0.5918367346938775,
O=Cc1ccc(-c2ccc3c(c2)CNC(=O)c2cccn2-3)cc1,9.7,0.7390734716111477,0.8321946240259971,0.5471698113207547,
Cc1ccc(-c2ccc3c(c2)CNC(=O)c2cccn2-3)cc1,9.9,0.7276590994947095,0.8516495415091637,0.6,
CC(=O)c1ccc2c(c1)CNC(=O)c1cccn1-2,8.4,0.7741391654251827,0.8304474564383041,0.6,
CC(Cc1ccc2c(c1)CNC(=O)c1cccn1-2)c1ccc2c(c1)CNC(=O)c1cccn1-2,10.6,0.5077691063224391,0.7149092007510496,0.6538461538461539,
C=CC(C)OC,3.6,0.4587866187879897,0.7106410508575063,0.018518518518518517,
NC(=O)c1ccccc1Nc1ccc2c(c1)CNC(=O)c1cccn1-2,11.0,0.6884767651879576,0.834268025040202,0.48333333333333334,
Cc1ccc2c(c1)CNC(=O)c1cccn1-2,7.6,0.7119436489699199,0.8303377948238011,0.6521739130434783,
CNC(=O)OC(=O)C(C)(O)Cc1ccc2c(c1)CNC(=O)c1cccn1-2,8.4,0.5583975366423155,0.7108587753420577,0.5483870967741935,
CNCCCc1ccc2c(c1)CNC(=O)c1cccn1-2,7.9,0.8324286710209032,0.8187683893714789,0.6538461538461539,
Cc1ccc(F)cc1,5.5,0.47960175362316443,0.9944318638422427,0.08,
CCCCc1ccc2c(c1)CNC(=O)c1cccn1-2,7.9,0.897054470456761,0.8337946239906713,0.6938775510204082,
CNC(=O)C=O,4.0,0.32677877946901396,0.7822241271135035,0.057692307692307696,
CNC(=O)c1ccccc1NC,6.0,0.6865571510264166,0.9285965475669613,0.16363636363636364,
CCc1ccc2c(c1)CNC(=O)c1cccn1-2,7.8,0.7949267772648932,0.8288238596489735,0.7555555555555555,
CN(C)Cc1ccc2c(c1)CNC(=O)c1cccn1-2,7.3,0.8879035012540928,0.8211991202351676,1.0,
O=C1NCc2cc(Sc3ccccc3)ccc2-n2cccc21,8.8,0.7795569183955122,0.8290014941718857,0.5576923076923077,
Cc1ccc2c(c1)CNC(=O)c1cccn1-2,7.5,0.7119436489699199,0.8303377948238011,0.6521739130434783,
Cc1ccc2c(c1)CNC(=O)c1cccn1-2,7.6,0.7119436489699199,0.8303377948238011,0.6521739130434783,
COc1ccc2c(c1)CNC(=O)c1cccn1-2,7.3,0.8073535720733661,0.837557611611297,0.6122448979591837,
CN(C)Cc1ccc2c(c1)CNC(=O)c1cccn1-2,7.3,0.8879035012540928,0.8211991202351676,1.0,
N#CCNC(=O)c1ccc2c(c1)CNC(=O)c1cccn1-2,7.8,0.803646886010777,0.810809597729759,0.5344827586206896,
CNCc1ccc2c(c1)CNC(=O)c1cccn1-2,7.3,0.8354106133093315,0.819998187381569,0.7083333333333334,
O=C1NCc2cc([NH2+]c3ccccc3)ccc2-n2cccc21,9.2,0.6988019769033934,0.7139667012724773,0.5576923076923077,
O=C1NCc2cc(CO[C@H]3CCCO3)ccc2-n2cccc21,7.9,0.9462540464653424,0.7576522640697347,0.5689655172413793,
O=CCc1ccc(Nc2ccc3c(c2)CNC(=O)c2cccn2-3)cc1,9.6,0.7217401959411957,0.8161787117279435,0.5818181818181818,
CCc1ccc(C(C)=O)cc1,6.5,0.5886124842992767,0.9660056036592822,0.1509433962264151,
CN(C)N(C)c1ccnc(=O)[nH]1,5.3,0.6149641463133994,0.7329519525786163,0.17857142857142858,
O=C1NCc2cc(NOc3ccc(OOC[C@H]4CCOC4)cc3)ccc2-n2cccc21,8.4,0.449059831167808,0.7064905144622798,0.410958904109589,
Cc1ccc2c(c1)CNC(=O)c1cccn1-2,7.6,0.7119436489699199,0.8303377948238011,0.6521739130434783,
Cc1ccc2c(c1)CNC(=O)c1cccn1-2,7.6,0.7119436489699199,0.8303377948238011,0.6521739130434783,
CN(C)Cc1ccc2c(c1)CNC(=O)c1cccn1-2,7.1,0.8879035012540928,0.8211991202351676,1.0,
Cc1ccc2c(c1)CNC(=O)c1cccn1-2,7.6,0.7119436489699199,0.8303377948238011,0.6521739130434783,
O=C(Br)Nc1ccc2c(c1)CNC(=O)c1cccn1-2,7.8,0.6266674912250214,0.7856045333405807,0.5370370370370371,
O=C1NCc2cc(Cc3ccccc3Oc3ccc4c(c3)CNC(=O)c3cccn3-4)ccc2-n2cccc21,11.7,0.35890056851191343,0.7691103657061038,0.5689655172413793,
CCS(=O)(=O)C(=O)C(Cc1ccc2c(c1)CNC(=O)c1cccn1-2)c1ccccc1,10.5,0.6849792194583784,0.7346424635956167,0.5573770491803278,
COCCCc1ccccc1,5.6,0.5981236056698556,0.9672634241721025,0.12727272727272726,
O=C(Oc1ccc2c(c1)CNC(=O)c1cccn1-2)c1ccc(O)cc1,9.8,0.5576020236106832,0.8361321276043046,0.4915254237288136,
CN(C)CCc1csc(Br)n1,4.7,0.7962070792590322,0.8075697062233846,0.11864406779661017,
CN(CC#N)c1ccc2c(c1)CNC(=O)c1cccn1-2,7.3,0.8412178051161829,0.7749763376240733,0.6226415094339622,
CCNC,3.0,0.45552455362260735,0.853958977742874,0.0425531914893617,
Cc1ccc2c(c1)CNC(=O)c1cccn1-2,7.6,0.7119436489699199,0.8303377948238011,0.6521739130434783,
CCc1ccc2c(c1)CNC(=O)c1cccn1-2,7.7,0.7949267772648932,0.8288238596489735,0.7555555555555555,
CC,1.7,0.3727855551576051,0.805825786783401,0.023809523809523808,
CN(C=O)N(C)CCc1ccc2c(c1)CNC(=O)c1cccn1-2,7.7,0.6665425935879372,0.7506003539562275,0.6792452830188679,
CCCN(C)c1ccc2c(c1)CNC(=O)c1cccn1-2,7.6,0.9295389553886623,0.8080740434270423,0.6470588235294118,
O=C(c1cccc(CCc2ccc3c(c2)CNC(=O)c2cccn2-3)c1)c1csc(Cl)c1,10.9,0.41415179319644135,0.7909566825057165,0.5076923076923077,
Cc1ccc(Cl)c(-n2ncccc2=O)c1,6.8,0.7386199128306279,0.8833882615248396,0.1774193548387097,
Cc1ccc2c(c1)CNC(=O)c1cccn1-2,7.6,0.7119436489699199,0.8303377948238011,0.6521739130434783,
O=C(O)c1ccc(Cl)o1,5.7,0.6552727674781323,0.8612364180005793,0.10909090909090909,
CC(C)(C)C(=O)S(=O)(=O)CNC=O,5.1,0.6428928850315199,0.7184093119648313,0.06557377049180328,
CCCCC,3.6,0.4687855098011332,0.9222643020337059,0.043478260869565216,
CC(F)(CNC(=O)C(=O)c1ccc2c(c1)CNC(=O)c1cccn1-2)Oc1ccccc1Cl,9.6,0.4399266797160679,0.7234504053581295,0.4189189189189189,
Cc1ccc2c(c1)CNC(=O)c1cccn1-2,7.6,0.7119436489699199,0.8303377948238011,0.6521739130434783,
O=C1NCc2cc(F)ccc2-n2cccc21,7.3,0.7161557739992203,0.82713712592748,0.6170212765957447,
CCc1ccc2c(c1)CNC(=O)c1cccn1-2,7.9,0.7949267772648932,0.8288238596489735,0.7555555555555555,
CC(N=[N+]=[N-])c1ccc2c(c1)CNC(=O)c1cccn1-2,8.1,0.5058886696603512,0.7062208457135551,0.5263157894736842,
CCNc1ccc2c(c1)CNC(=O)c1cccn1-2,7.0,0.8459229757826413,0.8203937495117464,0.6078431372549019,
CN(C)c1ccc2c(c1)CNC(=O)c1cccn1-2,7.2,0.8261028624191696,0.8154239270265394,0.6808510638297872,
CC(=O)c1ccc2c(c1)CNC(=O)c1cccn1-2,8.3,0.7741391654251827,0.8304474564383041,0.6,
CF,1.5,0.3673293108901918,0.703430914988529,0.023255813953488372,
O=C1NCc2cc(N(CCc3ccccc3F)NC3CC3)ccc2-n2cccc21,10.0,0.6328562381719635,0.772410185765041,0.45588235294117646,
Cc1ccc2c(c1)CNC(=O)c1cccn1-2,7.6,0.7119436489699199,0.8303377948238011,0.6521739130434783,
CCCc1ccc2c(c1)CNC(=O)c1cccn1-2,7.6,0.8599845896757723,0.8294970039496165,0.723404255319149,
CNN(C)C,3.3,0.4288212410943669,0.8025059373214949,0.06521739130434782,
CC1(Cc2ccc3c(c2)CNC(=O)c2cccn2-3)CC1,7.9,0.89025277792695,0.790175258001941,0.68,
Cc1ccc2c(c1)CNC(=O)c1cccn1-2,7.6,0.7119436489699199,0.8303377948238011,0.6521739130434783,
O=Cc1cc(CCc2ccc(Cl)o2)ccn1,7.7,0.7656247655980293,0.8138418082017276,0.11764705882352941,
O=C1NCc2cc(C3CC3)ccc2-n2cccc21,8.2,0.813728434214047,0.8196771814644092,0.58,
CN(C)c1ccc(CC2CCCOC2)cc1,7.0,0.7747495852915413,0.8363509058587739,0.15873015873015872,
CF,1.5,0.3673293108901918,0.703430914988529,0.023255813953488372,
O=C1NCc2cc(Cc3ccccc3)ccc2-n2cccc21,9.6,0.7709746888566265,0.8505517900298738,0.6875,
CC(=O)Nc1ccc2c(c1)CNC(=O)c1cccn1-2,7.7,0.8139563843849477,0.8350569549930024,0.5769230769230769,
CCC[NH+](CC)Cc1ccc2c(c1)CNC(=O)c1cccn1-2,7.2,0.863216842216007,0.6451047558514573,0.6296296296296297,
CN(c1ccc2c(c1)CNC(=O)c1cccn1-2)N(CCC#N)C(=O)c1ccc(F)cc1,9.7,0.6463651803298162,0.7671858938499277,0.4714285714285714,
CN(C)CCc1ccc2c(c1)CNC(=O)c1cccn1-2,7.7,0.9226790687180594,0.8212459732516036,0.7872340425531915,
Cc1ccc(-c2ccc3c(c2)CNC(=O)c2cccn2-3)cc1,9.8,0.7276590994947095,0.8516495415091637,0.6,
CC(C)COc1ccc2c(c1)CNC(=O)c1cccn1-2,7.9,0.9315977478807941,0.8273226264229936,0.5849056603773585,
CCc1ccc2c(c1)CNC(=O)c1cccn1-2,7.9,0.7949267772648932,0.8288238596489735,0.7555555555555555,
CN(CCCC(F)F)CC(F)(F)C=O,4.8,0.476438335672399,0.7398919007350615,0.09523809523809523,
O=C1NCc2cc(-c3ccccc3)ccc2-n2cccc21,9.7,0.7248435192283111,0.8565974141069302,0.5918367346938775,
Cc1ccnn1-c1cccc(F)c1,6.6,0.6515851995939276,0.8963411596779289,0.13114754098360656,
CCC(=O)Cc1ccc2c(c1)CNC(=O)c1cccn1-2,8.3,0.9277990289786988,0.8121811959236686,0.6666666666666666,
O=C(Br)NC1CCC1,4.5,0.4795093237672591,0.8082255701359491,0.03508771929824561,
CCc1ccc(C(=O)Oc2ccc3c(c2)CNC(=O)c2cccn2-3)cc1,10.0,0.5831655374549853,0.8418349456151487,0.5689655172413793,
O=C1NCc2cc(Cc3ccccc3)ccc2-n2cccc21,9.7,0.7709746888566265,0.8505517900298738,0.6875,
CCOC(=O)C1CCN1,5.1,0.5294818287038594,0.8237343673856076,0.0847457627118644,
O=C1NCc2cc(Cc3cccc(Br)c3)ccc2-n2cccc21,9.5,0.7279582121313163,0.8313650029008536,0.6346153846153846,
COCONc1ccc2c(c1)CNC(=O)c1cccn1-2,7.3,0.5050655785685804,0.7703095034298344,0.5535714285714286,
CN(Cc1ccc(-c2ccc3c(c2)CNC(=O)c2cccn2-3)cc1F)C(=O)c1ccc2c(c1)CNC(=O)c1cccn1-2,12.0,0.3306668100005931,0.7562108283690814,0.53125,
O=C1OCCN1CF,4.7,0.4663892320393389,0.7668647309751101,0.10714285714285714,
c1ccc(CC2CC2)cc1,6.0,0.5799595969999113,0.9648976860487272,0.1346153846153846,
O=C1NCc2cc(O)ccc2-n2cccc21,7.1,0.6965665983209474,0.8182852864625969,0.6170212765957447,
CCOC(C)C,3.6,0.49586589172881845,0.868788229677606,0.0392156862745098,
CN(C)CCO,3.2,0.4945926556736864,0.8749369476263238,0.10416666666666667,
Cc1ccc2c(c1)CNC(=O)c1cccn1-2,7.7,0.7119436489699199,0.8303377948238011,0.6521739130434783,
CCC(=O)c1ccc2c(c1)CNC(=O)c1cccn1-2,7.9,0.8360242406303395,0.8227959863320338,0.5961538461538461,
O=C1NCc2cc(CCN3C(=O)C3[N+](=O)[O-])ccc2-n2cccc21,8.7,0.508126922232194,0.7122762300879979,0.559322033898305,
CN(C)C(=O)c1ccc2c(c1)CNC(=O)c1cccn1-2,7.8,0.8509929436986344,0.8270798994131615,0.6274509803921569,
O=C1NCc2cc(-c3ccsc3)ccc2-n2cccc21,8.5,0.7275650665974487,0.8143993024677338,0.5660377358490566,
O=C1NCc2cc(-c3ccc(ONn4ccnc4)cc3)ccc2-n2cccc21,9.2,0.5408118639516183,0.761174200320151,0.453125,
CC(=O)C[C@H]1CCN1,4.7,0.5587071426380018,0.7628143620118202,0.08928571428571429,
O=C(c1ccc2c(c1)CNC(=O)c1cccn1-2)c1ccc2c(c1)CNC(=O)c1cccn1-2,11.1,0.48727533014680974,0.7732667818622657,0.5918367346938775,
CC1(c2ccc3c(c2)CNC(=O)c2cccn2-3)CCC1,8.5,0.8448998205870253,0.7912540704175954,0.5769230769230769,
CCC(O)CO,4.3,0.49054291541768236,0.7903815636780193,0.038461538461538464,
CF,1.5,0.3673293108901918,0.703430914988529,0.023255813953488372,
COc1ccc2c(c1)CNC(=O)c1cccn1-2,7.3,0.8073535720733661,0.837557611611297,0.6122448979591837,
CC(N)=O,3.4,0.40103092275538377,0.9072547042386003,0.0425531914893617,
CNC(C)=O,3.5,0.4207171469569102,0.8985115317270894,0.04081632653061224,
O=C1NCc2cc(C3CC3)ccc2-n2cccc21,7.9,0.813728434214047,0.8196771814644092,0.58,
Cc1ccc2c(c1)CNC(=O)c1cccn1-2,7.6,0.7119436489699199,0.8303377948238011,0.6521739130434783,
O=C(CCc1ccc(CO)nc1)NN1CCCC(c2ccc3c(c2)CNC(=O)c2cccn2-3)CC1,9.4,0.5113717793327539,0.7250869851434794,0.4050632911392405,
CCC=O,3.0,0.40325990291792796,0.8193008580847544,0.06382978723404255,
O=C1NCc2cc(NC(=O)N3C=CC=CC3)ccc2-n2cccc21,10.1,0.848099112604369,0.7654955248313899,0.4603174603174603,
CN(c1ccc(-c2ccccc2)cc1)c1ccc2c(c1)CNC(=O)c1cccn1-2,11.8,0.5340945171830527,0.8322435255624983,0.5925925925925926,
COC(CN(c1ccc2c(c1)CNC(=O)c1cccn1-2)C(C)c1ccccc1)c1cccc(Cl)c1,10.9,0.33248791467817873,0.7042834047962483,0.4444444444444444,
CC(O)c1ccc(-c2ccc3c(c2)CNC(=O)c2cccn2-3)cc1,10.3,0.7602959548190489,0.7861659507254166,0.5454545454545454,
CN(c1ccc2c(c1)CNC(=O)c1cccn1-2)C(F)F,8.0,0.8557361513592631,0.7663988554571175,0.6274509803921569,
O=C1NCc2cc(CCNc3ccc(-c4ccc5c(c4)CNC(=O)c4cccn4-5)cc3)ccc2-n2cccc21,11.2,0.3068272789115594,0.7714224827106639,0.5789473684210527,
O=C1NCc2cc(ONc3ccccc3)ccc2-n2cccc21,9.1,0.7310169528888287,0.8098957316102479,0.5178571428571429,
CC,1.7,0.3727855551576051,0.805825786783401,0.023809523809523808,
C=CC(=O)Nc1ccc2c(c1)CNC(=O)c1cccn1-2,8.0,0.8155273770271064,0.8124100758157063,0.5087719298245614,
CN(C)Cc1ccc2c(c1)CNC(=O)c1cccn1-2,7.3,0.8879035012540928,0.8211991202351676,1.0,
CN(C)CC1CCC1,3.9,0.5221882827726764,0.8949017606121394,0.11764705882352941,
CF,1.5,0.3673293108901918,0.703430914988529,0.023255813953488372,
Cc1ccc2c(c1)CNC(=O)c1cccn1-2,7.6,0.7119436489699199,0.8303377948238011,0.6521739130434783,
CN(CF)N(C)c1ccnc(=O)[nH]1,5.4,0.5321357659758764,0.6908412487780181,0.21052631578947367,
CCC[NH2+]c1ccccc1,5.3,0.6029522255700338,0.691731638303369,0.1111111111111111,
CN(C)Cc1ccc2c(c1)CNC(=O)c1cccn1-2,7.5,0.8879035012540928,0.8211991202351676,1.0,
CN(C(=O)O)c1ccc2c(c1)CNC(=O)c1cccn1-2,7.9,0.8306175883357612,0.8001886906219526,0.6153846153846154,
CN(Cc1ccccc1F)c1ccc2c(c1)CNC(=O)c1cccn1-2,9.9,0.7953908713168756,0.821340460937638,0.6071428571428571,
CC,1.7,0.3727855551576051,0.805825786783401,0.023809523809523808,
CC(CCN(C)C=O)Cc1ccc2c(c1)CNC(=O)c1cccn1-2,8.3,0.8291893187894254,0.7189583567848304,0.6206896551724138,
CC(Cc1ccc2c(c1)CNC(=O)c1cccn1-2)C(=O)CF,8.4,0.942606995011684,0.7359503858487001,0.6071428571428571,
CN[C@H](C#N)C(=O)N(C)c1ccc2c(c1)CNC(=O)c1cccn1-2,8.2,0.8738759404350089,0.7034478955165113,0.5079365079365079,
O=C1NCc2cc(O)ccc2-n2cccc21,7.1,0.6965665983209474,0.8182852864625969,0.6170212765957447,
CCCCCc1ccc2c(c1)CNC(=O)c1cccn1-2,8.2,0.8466129889668458,0.8357975670903117,0.68,
CCC(=O)c1ccc2c(c1)CNC(=O)c1cccn1-2,8.2,0.8360242406303395,0.8227959863320338,0.5961538461538461,
CN(C)CN1CCC1=O,4.5,0.47818397020832754,0.822507571846733,0.19230769230769232,
Cc1cccc(-c2ccc3c(c2)CNC(=O)c2cccn2-3)c1,10.0,0.7276590994947095,0.8457466568937791,0.5769230769230769,
O=CCC(=O)c1ccc2c(c1)CNC(=O)c1cccn1-2,8.1,0.5207364545541925,0.7907323430221839,0.5454545454545454,
CC,1.7,0.3727855551576051,0.805825786783401,0.023809523809523808,
CCN(C)CCC(=O)c1ccc2c(c1)CNC(=O)c1cccn1-2,7.1,0.8617513430253793,0.8097182237787128,0.5789473684210527,
O=C1NCc2cc(-c3ccccc3)ccc2-n2cccc21,9.8,0.7248435192283111,0.8565974141069302,0.5918367346938775,
O=C1NCc2cc(-c3ccc(F)cc3)ccc2-n2cccc21,10.1,0.7312345899701416,0.8493329549707023,0.5686274509803921,
O=C1NCc2cc([SH](=O)=O)ccc2-n2cccc21,7.9,0.7430064661943017,0.7238628410536888,0.5918367346938775,
O=CCOCc1ccc2c(c1)CNC(=O)c1cccn1-2,7.4,0.6751838174456255,0.7912577792919033,0.6226415094339622,
O=C1NCc2cc(Cc3ccccc3)ccc2-n2cccc21,9.3,0.7709746888566265,0.8505517900298738,0.6875,
CC,1.7,0.3727855551576051,0.805825786783401,0.023809523809523808,
O=C1NCc2cc(CCCOc3ccc4c(c3)CNC(=O)c3cccn3-4)ccc2-n2cccc21,10.0,0.4528153746348198,0.7734446649444513,0.6226415094339622,
O=C(Cc1ccc2c(c1)CNC(=O)c1cccn1-2)NOC(O)c1ccc2c(c1)CNC(=O)c1cccn1-2,10.7,0.24800343234904376,0.6787491555543713,0.532258064516129,
CNCC(=O)c1ccc2c(c1)CNC(=O)c1cccn1-2,8.0,0.8208477199680504,0.8075601432920894,0.5636363636363636,
CNC(=O)c1ccco1,4.7,0.598013325505534,0.8957134692826304,0.12280701754385964,
CC(C)(C)CNC1CCOCC1,5.7,0.6837946092943028,0.8482939834643973,0.05,
O=C1NCc2cc(C[O-])ccc2-n2cccc21,7.7,0.7744175297233341,0.7611387733067444,0.717391304347826,
Cc1ccc2c(c1)CNC(=O)c1cccn1-2,7.6,0.7119436489699199,0.8303377948238011,0.6521739130434783,
O=C1NCc2cc(CCC(F)c3ccc(Cl)cc3)ccc2-n2cccc21,9.7,0.689090468805071,0.7612645873078695,0.559322033898305,
Cc1ccc2c(c1)CNC(=O)c1cccn1-2,7.6,0.7119436489699199,0.8303377948238011,0.6521739130434783,
C[C@H]1CCCO1,3.7,0.4299172783206054,0.8100299498016995,0.037037037037037035,
CNc1ccc(Cc2ccc(CC=O)cc2)cc1,7.8,0.8124151968495616,0.8948026252513915,0.14285714285714285,
Cc1ccc2c(c1)CNC(=O)c1cccn1-2,7.6,0.7119436489699199,0.8303377948238011,0.6521739130434783,
CCNC(C)=O,4.1,0.48403868257744354,0.8968169476263239,0.057692307692307696,
CCCN(C)C,3.4,0.4845702325749548,0.899348229677606,0.10638297872340426,
CCC(Cc1ccccc1)Cc1ccc2c(c1)CNC(=O)c1cccn1-2,10.0,0.7246857470329535,0.7792824145683286,0.6296296296296297,
O=C1NCc2cc(Cc3ccccc3)ccc2-n2cccc21,9.6,0.7709746888566265,0.8505517900298738,0.6875,
CCn1ncccc1=O,5.6,0.5380106181579245,0.8739897769749381,0.18518518518518517,
CC,1.7,0.3727855551576051,0.805825786783401,0.023809523809523808,
CCOCc1ccc2c(c1)CNC(=O)c1cccn1-2,7.4,0.9149950085266845,0.8227825960186433,0.68,
CN(C)CN(C)Cc1ccc2c(c1)CC2,6.8,0.6892681459658037,0.8371135362501144,0.34,
CCc1ccc2c(c1)CNC(=O)c1cccn1-2,7.9,0.7949267772648932,0.8288238596489735,0.7555555555555555,
Cc1ccc2c(c1)CNC(=O)c1cccn1-2,7.6,0.7119436489699199,0.8303377948238011,0.6521739130434783,
Cc1ccc(Cl)c(C)c1,6.0,0.5199540578637066,0.9614915462057074,0.09433962264150944,
O=C1NCc2cc(Cc3cc(F)cc(F)c3)ccc2-n2cccc21,10.2,0.7678625075509649,0.8209449244173113,0.6470588235294118,
CCNC(=O)CO,4.5,0.47626491049904,0.8811495160272391,0.05555555555555555,
O=C1NCc2cc(-c3ccccc3F)ccc2-n2cccc21,10.1,0.7312345899701416,0.843674060739933,0.5370370370370371,
Cc1ccc2c(c1)CNC(=O)c1cccn1-2,7.6,0.7119436489699199,0.8303377948238011,0.6521739130434783,
NC(=O)c1ccccc1Nc1ccc2c(c1)CNC(=O)c1cccn1-2,10.9,0.6884767651879576,0.834268025040202,0.48333333333333334,
CCc1ccc2c(c1)CNC(=O)c1cccn1-2,7.8,0.7949267772648932,0.8288238596489735,0.7555555555555555,
CCC1(C)CC1,4.1,0.45657894720556935,0.8398620758314522,0.06,
CCN(C)c1ccc2c(c1)CNC(=O)c1cccn1-2,7.4,0.8927161529586877,0.8036717698078173,0.673469387755102,
O=C1C(c2ccccc2)CCC(O)c2ccc(cc2)S1(=O)=O,9.3,0.8775891300823065,0.5854267243468685,0.1044776119402985,
CCC(F)OCCOc1ccc2c(c1)CNC(=O)c1cccn1-2,7.5,0.8333922359172998,0.7322233669955505,0.5166666666666667,
CCc1ccc2c(c1)CNC(=O)c1cccn1-2,7.8,0.7949267772648932,0.8288238596489735,0.7555555555555555,
CC,1.7,0.3727855551576051,0.805825786783401,0.023809523809523808,
O=C1NCc2cc(F)ccc2-n2cccc21,7.1,0.7161557739992203,0.82713712592748,0.6170212765957447,
CCN(C)C,2.8,0.43830841291192973,0.9051450981606557,0.11363636363636363,
O=C1NCc2cc(CCN3CCOCC3)ccc2-n2cccc21,8.1,0.9363478498067439,0.8253228809315147,0.6,
C=CNOc1ccc2c(c1)CNC(=O)c1cccn1-2,7.2,0.8214542669953381,0.7560533652494126,0.5178571428571429,
O=C(CCCO)c1ccc(-c2ccc3c(c2)CNC(=O)c2cccn2-3)cc1,9.4,0.6856837742205635,0.8296997452001147,0.5,
CN(C)C=O,3.2,0.3902682398861675,0.8151520911676489,0.08695652173913043,
CN(Nc1ccc2c(c1)CNC(=O)c1cccn1-2)c1ccccc1Cl,9.4,0.7040889135985322,0.7901199481171253,0.5689655172413793,
Cc1ccc2c(c1)CNC(=O)c1cccn1-2,7.6,0.7119436489699199,0.8303377948238011,0.6521739130434783,
CC,1.7,0.3727855551576051,0.805825786783401,0.023809523809523808,
Cc1ccc2c(c1)CNC(=O)c1cccn1-2,7.6,0.7119436489699199,0.8303377948238011,0.6521739130434783,
CNC(=O)c1ccc(Cc2ccc3c(c2)CNC(=O)c2cccn2-3)cc1,10.2,0.7665384803822793,0.8373610994613025,0.6181818181818182,
C=Cc1cc(-c2ccc(-c3ccc4c(c3)CNC(=O)c3cccn3-4)cc2)ns1,10.1,0.5314876399349681,0.7746675794652492,0.46774193548387094,
O=C(NC(=O)c1ccccc1Cl)c1ccc2c(c1)CNC(=O)c1cccn1-2,10.7,0.6716725076833912,0.8373874472416628,0.48333333333333334,
COC(=O)c1ccc2c(c1)CNC(=O)c1cccn1-2,8.1,0.7866065865856456,0.836000829636877,0.5660377358490566,
CN(C)c1ccc2c(c1)CNC(=O)c1cccn1-2,7.3,0.8261028624191696,0.8154239270265394,0.6808510638297872,
CNCc1ccc2c(c1)CNC(=O)c1cccn1-2,7.3,0.8354106133093315,0.819998187381569,0.7083333333333334,
CNOc1ccc2c(c1)CNC(=O)c1cccn1-2,7.1,0.7800543668408307,0.7712120927070127,0.5769230769230769,
CCCCCc1ccc2c(c1)CNC(=O)c1cccn1-2,8.0,0.8466129889668458,0.8357975670903117,0.68,
O=C1NCc2cc(Nc3ccccc3Sc3nnc(-c4ccc5c(c4)CNC(=O)c4cccn4-5)s3)ccc2-n2cccc21,11.7,0.21839084976891981,0.7363784886981504,0.4027777777777778,
O=CNc1ccccc1C(F)(CCc1ccc2c(c1)CNC(=O)c1cccn1-2)OC(F)F,9.1,0.5106767474328101,0.6926799404384337,0.4583333333333333,
O=C1NCc2cc(Cc3ccc(Cl)cc3Cl)ccc2-n2cccc21,9.9,0.7136242574497091,0.8293088040159735,0.6,
CCCOC(=O)c1ccc2c(c1)CNC(=O)c1cccn1-2,8.0,0.8796569352645588,0.8318321618323231,0.543859649122807,
CCC(C)=O,3.7,0.4510508050249618,0.9060485946641523,0.0625,
O=C1NCc2cc(C(F)c3ccccc3)ccc2-n2cccc21,8.8,0.7679012502444241,0.7650616510995063,0.5370370370370371,
CC(c1ccccc1)c1ccc2c(c1)CNC(=O)c1cccn1-2,9.5,0.7657740370689065,0.7861142343371641,0.5660377358490566,
CCC,2.5,0.3854706587740357,0.916115884596113,0.046511627906976744,
CC(O)N(C(=O)NC(=O)c1ccc2c(c1)CNC(=O)c1cccn1-2)c1ccc2c(c1)CNC(=O)c1cccn1-2,10.5,0.30524746309071693,0.6831137575951048,0.484375,
CCN(C)Cc1ccc2c(c1)CNC(=O)c1cccn1-2,7.2,0.9269643953794838,0.8159212768953282,0.8260869565217391,
CCOC(=O)c1ccc2c(c1)CNC(=O)c1cccn1-2,7.8,0.8477605244771612,0.8384629773001867,0.5636363636363636,
O=C1NCc2cc(Cc3ccccc3)ccc2-n2cccc21,9.7,0.7709746888566265,0.8505517900298738,0.6875,
CN(C)N(C)c1ccc(F)cc1,5.7,0.6204931123899757,0.8544870487324625,0.11320754716981132,
CC1CC1,3.2,0.3934207493755274,0.9587811999650963,0.043478260869565216,
O=C1NCc2cc(C3CC3)ccc2-n2cccc21,8.1,0.813728434214047,0.8196771814644092,0.58,
CCc1ccc2c(c1)CNC(=O)c1cccn1-2,7.9,0.7949267772648932,0.8288238596489735,0.7555555555555555,
NC1(CN(F)C(=O)c2ccc3c(c2)CNC(=O)c2cccn2-3)CCCC1,9.0,0.8284759120314816,0.7474583773545805,0.484375,
O=C1NCc2cc(CCCO)ccc2-n2cccc21,7.8,0.8769295289515571,0.8221028757389232,0.66,
CC(OC(=O)c1ccc2c(c1)CNC(=O)c1cccn1-2)c1ccsc1,8.7,0.7313232146915031,0.7532463163055725,0.47692307692307695,
CCC1CCCN(c2ccc3c(c2)CNC(=O)c2cccn2-3)C1,8.4,0.9235220297948341,0.7671574031086911,0.5081967213114754,
CCCC(F)(F)CCN(C)c1ccc2c(c1)CNC(=O)c1cccn1-2,8.5,0.8580715806032012,0.7634622191793964,0.5689655172413793,
O=C1NCc2cc([C@H]3CCCO3)ccc2-n2cccc21,7.9,0.8634904153461872,0.7538716108271214,0.5087719298245614,
CN(CC(c1cccc(Cl)c1)C1CCCC1)c1ccc2c(c1)CNC(=O)c1cccn1-2,10.7,0.5529601141054236,0.7372192472753604,0.4852941176470588,
C[C@H](O)Cc1ccc2c(c1)CNC(=O)c1cccn1-2,8.0,0.8579892314283336,0.7632910867142131,0.68,
CNC(O)C(=O)N(C)c1ccc2c(c1)CNC(=O)c1cccn1-2,8.2,0.7075657301735239,0.7167881615759701,0.5423728813559322,
CN(Cc1ccc2c(c1)CNC(=O)c1cccn1-2)c1ccc(CC=O)cc1,9.8,0.7124417756236199,0.8023273586123434,0.7307692307692307,
CC(=O)c1ccc2c(c1)CNC(=O)c1cccn1-2,8.4,0.7741391654251827,0.8304474564383041,0.6,
CCNc1ccc2c(c1)CNC(=O)c1cccn1-2,7.1,0.8459229757826413,0.8203937495117464,0.6078431372549019,
O=C(Nc1ccccc1)c1ccc(Cl)c(-c2ccc3c(c2)CNC(=O)c2cccn2-3)c1,11.0,0.4660820802057029,0.8430915543005884,0.4264705882352941,
CCC(=O)CCN(C)C,4.1,0.5622034498447603,0.8605038371756071,0.11320754716981132,
C[C@@H]1C[CH][C@H](c2ccc3c(c2)CNC(=O)c2cccn2-3)CC1,9.2,0.8516157237223125,0.6799957907830617,0.5172413793103449,
CN(C)Cc1ccc2c(c1)CNC(=O)c1cccn1-2,7.3,0.8879035012540928,0.8211991202351676,1.0,
CCCc1ccc2c(c1)CNC(=O)c1cccn1-2,7.7,0.8599845896757723,0.8294970039496165,0.723404255319149,
O=C1NCc2cc(O)ccc2-n2cccc21,7.1,0.6965665983209474,0.8182852864625969,0.6170212765957447,
CCC(C)(C)C,3.5,0.4244820558666797,0.8895027858906237,0.0425531914893617,
O=C1NCc2cc(CF)ccc2-n2cccc21,7.4,0.8001510767035491,0.8018285692251117,0.717391304347826,
Cc1ccc2c(c1)CNC(=O)c1cccn1-2,7.6,0.7119436489699199,0.8303377948238011,0.6521739130434783,
CC(C)Cc1ccc2c(c1)CNC(=O)c1cccn1-2,7.8,0.878107380552333,0.8253381515741989,0.7083333333333334,
NC(=O)CCc1ccc2c(c1)CNC(=O)c1cccn1-2,8.5,0.8761506544589005,0.822515338973601,0.6346153846153846,
O=C1NCc2cc(CC3(Nc4ccc5c(c4)CNC(=O)c4cccn4-5)CC3)ccc2-n2cccc21,11.0,0.4289361483095642,0.7398465018217991,0.5892857142857143,
CC(C)(N[SH](=O)=O)c1ccc2c(c1)CNC(=O)c1cccn1-2,8.1,0.7405039045035975,0.7227620257462382,0.5357142857142857,
C[C@H](CO)NC(=O)c1ccc2c(c1)CNC(=O)c1cccn1-2,8.6,0.7848039843776179,0.7756828920521743,0.5254237288135594,
CNNNc1ccccc1Cl,6.2,0.6020082206792001,0.8259329651150308,0.08620689655172414,
O=CNc1ccc2c(c1)CNC(=O)c1cccn1-2,7.5,0.7780630145586738,0.7998573589792021,0.5576923076923077,
CCCl,2.3,0.37198554725482313,0.8465184486986771,0.044444444444444446,
O=C1NCc2cc(C3CC3)ccc2-n2cccc21,8.1,0.813728434214047,0.8196771814644092,0.58,
CC(=O)Oc1ccc2c(c1)CNC(=O)c1cccn1-2,7.7,0.6230456398502431,0.8235854450214924,0.5660377358490566,
O=C1NCc2cc(Nc3ccccc3C3(n4cccc4)CC3)ccc2-n2cccc21,9.7,0.5222199557770039,0.7647722325706595,0.4603174603174603,
